env,lag,acf_p50,acf_p25,acf_p75,pacf_p50,bo_cap_pct
E1,0,1.0,1.0,1.0,,1.427213
E1,1,0.667438,0.32279,0.918562,0.667471,1.427833
E1,2,0.539508,0.231299,0.867179,0.071086,1.428453
E1,3,0.454744,0.1537,0.82835,0.126217,1.429074
E1,4,0.407749,0.174002,0.800314,0.073553,1.429695
E1,5,0.392122,0.116904,0.781092,0.063437,1.430317
E1,6,0.407374,0.132194,0.772716,0.046498,1.43094
E1,7,0.401685,0.1123,0.742985,0.032559,1.431563
E1,8,0.414081,0.123207,0.727318,0.041293,1.432186
E1,9,0.398662,0.119881,0.698386,0.029782,1.43281
E1,10,0.400499,0.113565,0.696177,0.024897,1.433435
E1,11,0.383049,0.098803,0.67113,0.028846,1.43406
E1,12,0.445865,0.169142,0.691983,0.047794,1.434686
E1,13,0.34275,0.100593,0.645384,-0.003607,1.435312
E1,14,0.338845,0.094451,0.644645,0.013956,1.435939
E1,15,0.321383,0.065293,0.627525,0.004096,1.436566
E1,16,0.318948,0.105738,0.623965,0.008953,1.437194
E1,17,0.295775,0.068523,0.605645,0.000161,1.437822
E1,18,0.324491,0.083623,0.6086,0.019391,1.438451
E1,19,0.295518,0.060226,0.584797,0.002745,1.439081
E1,20,0.304471,0.07506,0.587826,0.010995,1.439711
E1,21,0.288378,0.05736,0.574167,0.005414,1.440341
E1,22,0.300707,0.085608,0.572253,0.014353,1.440973
E1,23,0.279962,0.062355,0.556588,0.007063,1.441604
E1,24,0.355081,0.123415,0.572523,0.027546,1.442237
E1,25,0.246938,0.068524,0.539695,-0.011666,1.442869
E1,26,0.257351,0.083085,0.54025,-0.002233,1.443503
E1,27,0.241498,0.04998,0.517057,-0.000984,1.444137
E1,28,0.246216,0.050987,0.515531,-0.000153,1.444771
E1,29,0.229893,0.035588,0.49656,-0.004248,1.445406
E1,30,0.254256,0.054401,0.504357,0.005145,1.446042
E1,31,0.230735,0.031584,0.482829,-0.000918,1.446678
E1,32,0.245482,0.068498,0.484053,0.003718,1.447315
E1,33,0.222488,0.033311,0.469668,0.000104,1.447952
E1,34,0.227224,0.054704,0.468533,0.002266,1.44859
E1,35,0.205198,0.043842,0.455495,0.007818,1.449228
E1,36,0.298891,0.091827,0.475828,0.025349,1.449867
E1,37,0.194935,0.04158,0.444768,-0.01106,1.450507
E1,38,0.211311,0.042141,0.440368,-0.004988,1.451147
E1,39,0.193587,0.036504,0.428729,-0.002296,1.451788
E1,40,0.209863,0.049166,0.429117,-0.001984,1.452429
E1,41,0.183381,0.023862,0.414181,-0.00751,1.453071
E1,42,0.20457,0.034418,0.414864,-0.000818,1.453713
E1,43,0.173161,0.016489,0.397665,-0.004673,1.454356
E1,44,0.182375,0.022935,0.391771,-0.002007,1.455
E1,45,0.169198,0.017697,0.380907,-0.001143,1.455644
E1,46,0.179612,0.037706,0.379548,0.001886,1.456288
E1,47,0.172963,0.018997,0.377624,0.004215,1.456934
E1,48,0.272708,0.06053,0.414115,0.02036,1.457579
E1,49,0.168123,0.027778,0.372483,,1.458226
E1,50,0.179454,0.032011,0.370553,,1.458873
E1,51,0.156312,0.017702,0.357326,,1.45952
E1,52,0.167891,0.028616,0.352397,,1.460168
E1,53,0.143149,0.01641,0.335221,,1.460817
E1,54,0.166254,0.025073,0.342387,,1.461466
E1,55,0.136541,0.006812,0.324293,,1.462116
E1,56,0.15576,0.010731,0.326428,,1.462767
E1,57,0.14528,0.004505,0.315325,,1.463418
E1,58,0.150877,0.017923,0.315453,,1.464069
E1,59,0.131466,0.006691,0.307342,,1.464721
E1,60,0.212372,0.043663,0.352993,,1.465374
E1,61,0.124922,0.005554,0.301937,,1.466027
E1,62,0.139052,0.010639,0.304838,,1.466681
E1,63,0.124974,0.001565,0.291554,,1.467336
E1,64,0.131448,0.01156,0.29686,,1.467991
E1,65,0.104173,-0.000596,0.282592,,1.468646
E1,66,0.125774,0.012468,0.299366,,1.469303
E1,67,0.108789,0.003391,0.281075,,1.469959
E1,68,0.115197,0.000625,0.282602,,1.470617
E1,69,0.104037,0.003274,0.272297,,1.471275
E1,70,0.110896,0.002018,0.274186,,1.471933
E1,71,0.096807,0.000588,0.271757,,1.472593
E1,72,0.181435,0.033865,0.312234,,1.473252
E1,73,0.094327,-0.00227,0.263699,,1.473913
E1,74,0.098178,-0.003216,0.26153,,1.474574
E1,75,0.086134,-0.002971,0.254878,,1.475235
E1,76,0.095974,0.001747,0.260109,,1.475897
E1,77,0.075114,-0.008777,0.248982,,1.47656
E1,78,0.092171,-0.005143,0.257115,,1.477223
E1,79,0.065098,-0.012506,0.243699,,1.477887
E1,80,0.079345,-0.008483,0.247682,,1.478552
E1,81,0.065509,-0.013973,0.241108,,1.479217
E1,82,0.069904,-0.009495,0.241483,,1.479883
E1,83,0.066227,-0.011686,0.238747,,1.480549
E1,84,0.137712,0.019289,0.26897,,1.481216
E1,85,0.062017,-0.007973,0.233945,,1.481883
E1,86,0.071874,-0.004044,0.235057,,1.482552
E1,87,0.062482,-0.01669,0.233306,,1.48322
E1,88,0.064301,-0.013969,0.234213,,1.48389
E1,89,0.051878,-0.019026,0.225659,,1.48456
E1,90,0.0688,-0.015433,0.233887,,1.48523
E1,91,0.04714,-0.018084,0.22362,,1.485901
E1,92,0.064118,-0.01549,0.228518,,1.486573
E1,93,0.053288,-0.017804,0.224106,,1.487245
E1,94,0.062801,-0.016062,0.224302,,1.487918
E1,95,0.059737,-0.013543,0.222431,,1.488592
E1,96,0.130082,0.013471,0.248899,,1.489266
E1,97,0.057114,-0.014198,0.218453,,1.489941
E1,98,0.059188,-0.015978,0.219378,,1.490616
E1,99,0.049583,-0.018345,0.216824,,1.491292
E1,100,0.057336,-0.010843,0.219971,,1.491969
E1,101,0.042106,-0.0179,0.214703,,1.492646
E1,102,0.063003,-0.016497,0.22256,,1.493324
E1,103,0.039586,-0.018934,0.209682,,1.494002
E1,104,0.05077,-0.016147,0.210537,,1.494682
E1,105,0.047867,-0.019912,0.203976,,1.495361
E1,106,0.055247,-0.01759,0.206161,,1.496042
E1,107,0.049504,-0.014986,0.205275,,1.496722
E1,108,0.116365,0.00871,0.240026,,1.497404
E1,109,0.04584,-0.014008,0.205124,,1.498086
E1,110,0.054686,-0.009495,0.208288,,1.498769
E1,111,0.047618,-0.015766,0.203162,,1.499452
E1,112,0.053287,-0.014041,0.206923,,1.500137
E1,113,0.044289,-0.018226,0.207077,,1.500821
E1,114,0.060395,-0.015537,0.215625,,1.501507
E1,115,0.040813,-0.019183,0.205268,,1.502192
E1,116,0.053871,-0.017889,0.208387,,1.502879
E1,117,0.04329,-0.018831,0.203466,,1.503566
E1,118,0.051206,-0.016806,0.199503,,1.504254
E1,119,0.049873,-0.013367,0.19598,,1.504942
E1,120,0.106758,0.010942,0.235901,,1.505632
E1,121,0.045902,-0.014111,0.199256,,1.506321
E1,122,0.049917,-0.016364,0.202204,,1.507012
E1,123,0.04367,-0.017948,0.202055,,1.507703
E1,124,0.048335,-0.014956,0.204945,,1.508394
E1,125,0.035417,-0.019166,0.202038,,1.509086
E1,126,0.043997,-0.014793,0.21159,,1.509779
E1,127,0.028912,-0.018845,0.199209,,1.510473
E1,128,0.041041,-0.015484,0.203719,,1.511167
E1,129,0.032401,-0.020285,0.193237,,1.511862
E1,130,0.041301,-0.017097,0.196001,,1.512557
E1,131,0.036889,-0.018452,0.191634,,1.513253
E1,132,0.097491,0.00158,0.235014,,1.51395
E1,133,0.034411,-0.016215,0.195504,,1.514647
E1,134,0.039463,-0.019349,0.199545,,1.515345
E1,135,0.031894,-0.021829,0.193902,,1.516044
E1,136,0.034168,-0.021231,0.198489,,1.516743
E1,137,0.025094,-0.021123,0.193684,,1.517443
E1,138,0.037905,-0.020818,0.204065,,1.518144
E1,139,0.023106,-0.022413,0.188422,,1.518845
E1,140,0.03279,-0.019578,0.198247,,1.519547
E1,141,0.022681,-0.022846,0.194418,,1.520249
E1,142,0.038557,-0.022005,0.196787,,1.520953
E1,143,0.034216,-0.020302,0.195249,,1.521656
E1,144,0.097207,0.001608,0.241221,,1.522361
E1,145,0.03078,-0.020672,0.193259,,1.523066
E1,146,0.036416,-0.022448,0.190519,,1.523772
E1,147,0.027171,-0.023035,0.195859,,1.524478
E1,148,0.029245,-0.021999,0.194533,,1.525185
E1,149,0.022427,-0.025609,0.188639,,1.525893
E1,150,0.033461,-0.023518,0.199845,,1.526601
E1,151,0.013694,-0.027214,0.181788,,1.52731
E1,152,0.022592,-0.023144,0.184262,,1.52802
E1,153,0.018367,-0.026462,0.179926,,1.528731
E1,154,0.027092,-0.026184,0.181966,,1.529442
E1,155,0.023286,-0.025293,0.178832,,1.530153
E1,156,0.085163,-0.004167,0.227766,,1.530866
E1,157,0.02363,-0.025668,0.178497,,1.531579
E1,158,0.029313,-0.029135,0.178381,,1.532292
E1,159,0.022912,-0.03067,0.179104,,1.533007
E1,160,0.024251,-0.025377,0.178553,,1.533722
E1,161,0.016184,-0.029911,0.174538,,1.534437
E1,162,0.017866,-0.027779,0.18756,,1.535154
E1,163,0.015936,-0.032179,0.179541,,1.535871
E1,164,0.023775,-0.025435,0.172227,,1.536588
E1,165,0.022489,-0.028758,0.168008,,1.537307
E1,166,0.023675,-0.026943,0.166045,,1.538026
E1,167,0.023639,-0.02324,0.161915,,1.538746
E1,168,0.084192,-0.002057,0.220638,,1.539466
E1,169,0.023868,-0.024502,0.166843,,1.540187
E1,170,0.020548,-0.026631,0.166231,,1.540909
E1,171,0.016718,-0.029081,0.164039,,1.541631
E1,172,0.019878,-0.027228,0.168352,,1.542354
E1,173,0.011403,-0.031505,0.164536,,1.543078
E1,174,0.018922,-0.03027,0.17086,,1.543802
E1,175,0.012381,-0.031123,0.160549,,1.544528
E1,176,0.017815,-0.022282,0.159085,,1.545253
E1,177,0.018285,-0.027304,0.154905,,1.54598
E1,178,0.016002,-0.027807,0.153256,,1.546707
E1,179,0.019774,-0.025668,0.152135,,1.547435
E1,180,0.068782,-0.00486,0.215265,,1.548164
E1,181,0.016328,-0.028909,0.153201,,1.548893
E1,182,0.017665,-0.029266,0.150431,,1.549623
E1,183,0.010712,-0.031594,0.149,,1.550353
E1,184,0.011997,-0.028254,0.147788,,1.551085
E1,185,0.009024,-0.033861,0.14569,,1.551817
E1,186,0.016827,-0.029202,0.150782,,1.552549
E1,187,0.007758,-0.031208,0.146696,,1.553283
E1,188,0.011222,-0.026528,0.14875,,1.554017
E1,189,0.011247,-0.028448,0.150887,,1.554751
E1,190,0.010604,-0.027553,0.142214,,1.555487
E1,191,0.014646,-0.023733,0.142819,,1.556223
E1,192,0.06621,-0.001845,0.205786,,1.55696
E1,193,0.011228,-0.026737,0.144514,,1.557697
E1,194,0.00403,-0.030388,0.144795,,1.558436
E1,195,0.002828,-0.027785,0.142789,,1.559175
E1,196,0.005709,-0.024855,0.13622,,1.559914
E1,197,0.005669,-0.027067,0.140147,,1.560655
E1,198,0.006986,-0.025225,0.140293,,1.561396
E1,199,0.004031,-0.025952,0.134398,,1.562137
E1,200,0.007174,-0.022716,0.131139,,1.56288
E1,201,0.009398,-0.023882,0.127941,,1.563623
E1,202,0.009349,-0.02431,0.12553,,1.564367
E1,203,0.011516,-0.022185,0.130677,,1.565112
E1,204,0.062148,-0.008399,0.180891,,1.565857
E1,205,0.00914,-0.023254,0.12988,,1.566603
E1,206,0.015237,-0.024386,0.126929,,1.56735
E1,207,0.009925,-0.023659,0.123868,,1.568097
E1,208,0.011371,-0.019026,0.124554,,1.568845
E1,209,0.015332,-0.022382,0.115153,,1.569594
E1,210,0.019328,-0.019075,0.128515,,1.570344
E1,211,0.009209,-0.021436,0.114259,,1.571094
E1,212,0.013619,-0.019123,0.119282,,1.571845
E1,213,0.013326,-0.020125,0.119353,,1.572597
E1,214,0.019982,-0.019029,0.116119,,1.573349
E1,215,0.024506,-0.016743,0.120919,,1.574102
E1,216,0.065675,-0.000451,0.170719,,1.574856
E1,217,0.024562,-0.015345,0.114456,,1.575611
E1,218,0.022198,-0.016768,0.115325,,1.576366
E1,219,0.015272,-0.017256,0.111179,,1.577122
E1,220,0.017463,-0.01542,0.113736,,1.577879
E1,221,0.015228,-0.018293,0.10334,,1.578636
E1,222,0.024991,-0.016645,0.114197,,1.579394
E1,223,0.015878,-0.018233,0.106904,,1.580153
E1,224,0.022904,-0.015264,0.110967,,1.580913
E1,225,0.016899,-0.016604,0.108973,,1.581674
E1,226,0.025538,-0.015128,0.106862,,1.582435
E1,227,0.024212,-0.012817,0.110063,,1.583197
E1,228,0.057619,-0.004558,0.147662,,1.583959
E1,229,0.024164,-0.014337,0.102088,,1.584723
E1,230,0.017047,-0.018405,0.096892,,1.585487
E1,231,0.014492,-0.017647,0.098603,,1.586251
E1,232,0.01968,-0.016017,0.095741,,1.587017
E1,233,0.013246,-0.018075,0.092589,,1.587783
E1,234,0.016535,-0.017749,0.094995,,1.58855
E1,235,0.012105,-0.018565,0.088136,,1.589318
E1,236,0.01923,-0.015082,0.089465,,1.590087
E1,237,0.013565,-0.015393,0.090517,,1.590856
E1,238,0.01652,-0.016948,0.087031,,1.591626
E1,239,0.021505,-0.014375,0.092238,,1.592397
E1,240,0.050003,-0.002811,0.154822,,1.593168
E1,241,0.023771,-0.017129,0.087051,,1.593941
E1,242,0.013706,-0.01965,0.080215,,1.594714
E1,243,0.013703,-0.01982,0.080609,,1.595487
E1,244,0.011566,-0.018525,0.079923,,1.596262
E1,245,0.015668,-0.021006,0.07856,,1.597037
E1,246,0.021392,-0.019547,0.087891,,1.597813
E1,247,0.010341,-0.020772,0.073714,,1.59859
E1,248,0.013791,-0.018708,0.080569,,1.599367
E1,249,0.012804,-0.020089,0.082293,,1.600146
E1,250,0.012016,-0.020016,0.081843,,1.600925
E1,251,0.029819,-0.013843,0.090155,,1.601704
E1,252,0.051556,-0.001536,0.164647,,1.602485
E1,253,0.019491,-0.016755,0.092288,,1.603266
E1,254,0.01635,-0.018067,0.088769,,1.604048
E1,255,0.020924,-0.019925,0.087333,,1.604831
E1,256,0.017955,-0.021299,0.088799,,1.605615
E1,257,0.015138,-0.021613,0.089325,,1.606399
E1,258,0.020402,-0.020944,0.091888,,1.607184
E1,259,0.020612,-0.023183,0.088683,,1.60797
E1,260,0.018359,-0.021231,0.089538,,1.608757
E1,261,0.019968,-0.019141,0.091915,,1.609544
E1,262,0.025387,-0.019019,0.093177,,1.610333
E1,263,0.022814,-0.017168,0.097269,,1.611122
E1,264,0.053135,-0.006152,0.173929,,1.611911
E1,265,0.023478,-0.017571,0.100228,,1.612702
E1,266,0.022275,-0.018623,0.099436,,1.613493
E1,267,0.0267,-0.020436,0.091971,,1.614285
E1,268,0.026871,-0.019535,0.090745,,1.615078
E1,269,0.02532,-0.019573,0.097567,,1.615872
E1,270,0.017316,-0.021114,0.1026,,1.616666
E1,271,0.017244,-0.019146,0.091177,,1.617462
E1,272,0.027928,-0.017981,0.095423,,1.618258
E1,273,0.030329,-0.016423,0.095338,,1.619054
E1,274,0.023137,-0.018733,0.096875,,1.619852
E1,275,0.025831,-0.013621,0.106655,,1.62065
E1,276,0.052304,-0.004944,0.190062,,1.621449
E1,277,0.02532,-0.017959,0.102124,,1.622249
E1,278,0.031287,-0.019077,0.100864,,1.62305
E1,279,0.02344,-0.019269,0.098685,,1.623852
E1,280,0.0283,-0.018045,0.101909,,1.624654
E1,281,0.032331,-0.018648,0.103688,,1.625457
E1,282,0.042141,-0.012946,0.124052,,1.626261
E1,283,0.037723,-0.014825,0.152813,,1.627065
E1,284,0.040635,-0.014266,0.121986,,1.627871
E1,285,0.043742,-0.016251,0.11898,,1.628677
E1,286,0.048482,-0.013396,0.137605,,1.629484
E1,287,0.075474,-0.00445,0.194874,,1.630292
E1,288,0.133397,0.003068,0.433828,,1.631101
E1,289,0.055008,-0.010073,0.164974,,1.63191
E1,290,0.04565,-0.013496,0.129815,,1.632721
E1,291,0.043295,-0.015841,0.114805,,1.633532
E1,292,0.026767,-0.015198,0.111356,,1.634344
E1,293,0.033912,-0.014105,0.14675,,1.635156
E1,294,0.036058,-0.015841,0.123199,,1.63597
E1,295,0.028882,-0.020325,0.107339,,1.636784
E1,296,0.020698,-0.018846,0.097669,,1.637599
E1,297,0.016233,-0.02305,0.088794,,1.638415
E1,298,0.018861,-0.025004,0.087954,,1.639232
E1,299,0.026013,-0.021517,0.091425,,1.64005
E1,300,0.047187,-0.008153,0.187764,,1.640868
E2,0,1.0,1.0,1.0,,0.308562
E2,1,0.643063,0.226748,0.891476,0.642784,0.352549
E2,2,0.511891,0.121365,0.824317,0.038868,0.396574
E2,3,0.407997,0.111533,0.746033,0.104076,0.440638
E2,4,0.423335,0.142209,0.718182,0.051413,0.479845
E2,5,0.344018,0.062779,0.663598,0.031608,0.5139
E2,6,0.341414,0.064848,0.628596,0.044454,0.542222
E2,7,0.305447,0.067467,0.590976,0.016586,0.565811
E2,8,0.310104,0.078301,0.600262,0.023785,0.584951
E2,9,0.270294,0.052974,0.579062,0.01619,0.598479
E2,10,0.245766,0.074429,0.594886,0.020492,0.609133
E2,11,0.213007,0.050093,0.55981,0.011428,0.616041
E2,12,0.297832,0.113627,0.591735,0.043989,0.620355
E2,13,0.196012,0.045175,0.552155,-0.004444,0.620626
E2,14,0.171183,0.034735,0.542598,0.003383,0.620897
E2,15,0.152721,0.029391,0.506342,0.003232,0.621168
E2,16,0.176045,0.033334,0.517224,0.00085,0.62144
E2,17,0.135468,0.019829,0.484166,0.004006,0.621712
E2,18,0.157745,0.029176,0.5188,0.01738,0.621984
E2,19,0.13447,0.019716,0.459978,0.008828,0.622256
E2,20,0.138715,0.031073,0.508499,0.0094,0.622528
E2,21,0.109053,0.012701,0.474917,-0.000404,0.622801
E2,22,0.126557,0.010091,0.486567,0.002845,0.623074
E2,23,0.11185,0.008572,0.467527,0.005707,0.623347
E2,24,0.198186,0.033402,0.52334,0.0203,0.62362
E2,25,0.102459,0.008471,0.452011,-0.009466,0.623894
E2,26,0.107002,0.005295,0.472304,-0.000767,0.624168
E2,27,0.088348,0.00155,0.40714,-0.00346,0.624442
E2,28,0.104033,0.011024,0.452505,-0.00103,0.624716
E2,29,0.101644,0.001105,0.40435,-0.000417,0.624991
E2,30,0.102582,-9.4e-05,0.446742,0.002378,0.625266
E2,31,0.071988,-0.001688,0.410032,-0.001067,0.625541
E2,32,0.087218,0.00204,0.419455,0.000503,0.625816
E2,33,0.074443,0.000254,0.398526,-0.003158,0.626092
E2,34,0.085724,-0.000493,0.431684,0.003638,0.626368
E2,35,0.065283,-0.001014,0.391795,0.004471,0.626644
E2,36,0.140929,0.022912,0.462799,0.022205,0.62692
E2,37,0.068908,0.000586,0.394605,-0.00699,0.627196
E2,38,0.078134,0.004311,0.406393,0.000287,0.627473
E2,39,0.070335,-0.000155,0.358848,-0.006665,0.62775
E2,40,0.0862,0.003896,0.374782,-0.004152,0.628028
E2,41,0.066281,-0.000265,0.351741,-0.001351,0.628305
E2,42,0.100063,0.002168,0.379302,0.003074,0.628583
E2,43,0.071794,-0.001022,0.339389,-0.001881,0.628861
E2,44,0.094668,0.003823,0.354866,0.003596,0.629139
E2,45,0.082903,-0.00091,0.309349,-6.2e-05,0.629418
E2,46,0.097949,0.000747,0.342799,-0.0005,0.629696
E2,47,0.093721,0.00023,0.321525,-0.000353,0.629975
E2,48,0.195107,0.032504,0.385214,0.018968,0.630255
E2,49,0.091267,0.001718,0.333718,,0.630534
E2,50,0.091492,-0.00022,0.33451,,0.630814
E2,51,0.080593,-0.004493,0.320652,,0.631094
E2,52,0.081086,-0.000963,0.330259,,0.631374
E2,53,0.059669,-0.006336,0.314712,,0.631655
E2,54,0.090863,-0.001403,0.316984,,0.631935
E2,55,0.067004,-0.001672,0.298826,,0.632216
E2,56,0.073555,-0.002234,0.282157,,0.632497
E2,57,0.057893,-0.008358,0.260831,,0.632779
E2,58,0.060249,-0.005095,0.27758,,0.633061
E2,59,0.053697,-0.0056,0.254329,,0.633343
E2,60,0.111291,0.010131,0.358378,,0.633625
E2,61,0.056681,-0.003394,0.257842,,0.633907
E2,62,0.056418,-0.003875,0.255461,,0.63419
E2,63,0.037522,-0.009966,0.243176,,0.634473
E2,64,0.043223,-0.004418,0.259002,,0.634756
E2,65,0.034888,-0.012082,0.23473,,0.63504
E2,66,0.036247,-0.006991,0.259982,,0.635324
E2,67,0.03435,-0.015151,0.238743,,0.635608
E2,68,0.044072,-0.010088,0.260763,,0.635892
E2,69,0.027851,-0.014589,0.214139,,0.636176
E2,70,0.029214,-0.010175,0.254152,,0.636461
E2,71,0.028212,-0.010806,0.225361,,0.636746
E2,72,0.082835,0.00547,0.349159,,0.637031
E2,73,0.03473,-0.007053,0.22797,,0.637317
E2,74,0.02692,-0.015416,0.23201,,0.637603
E2,75,0.027515,-0.011633,0.219957,,0.637889
E2,76,0.029848,-0.009519,0.243472,,0.638175
E2,77,0.021537,-0.015576,0.210412,,0.638462
E2,78,0.022809,-0.013387,0.237057,,0.638749
E2,79,0.023753,-0.014799,0.203088,,0.639036
E2,80,0.028912,-0.011735,0.226753,,0.639323
E2,81,0.021241,-0.016206,0.193997,,0.639611
E2,82,0.024661,-0.015179,0.213809,,0.639898
E2,83,0.01965,-0.015453,0.206757,,0.640187
E2,84,0.073966,-0.001829,0.312401,,0.640475
E2,85,0.024398,-0.012137,0.202175,,0.640764
E2,86,0.031741,-0.011639,0.224701,,0.641052
E2,87,0.02815,-0.01523,0.171377,,0.641342
E2,88,0.035609,-0.010305,0.212129,,0.641631
E2,89,0.022678,-0.016404,0.192029,,0.641921
E2,90,0.024116,-0.011867,0.186633,,0.642211
E2,91,0.027494,-0.016104,0.182799,,0.642501
E2,92,0.028286,-0.010536,0.194091,,0.642791
E2,93,0.021584,-0.015022,0.194519,,0.643082
E2,94,0.025863,-0.014091,0.213555,,0.643373
E2,95,0.029643,-0.014071,0.205144,,0.643664
E2,96,0.080317,0.000989,0.294588,,0.643956
E2,97,0.029559,-0.012603,0.205837,,0.644248
E2,98,0.027837,-0.014763,0.209612,,0.64454
E2,99,0.024755,-0.018407,0.207757,,0.644832
E2,100,0.029808,-0.013998,0.218369,,0.645124
E2,101,0.016037,-0.017964,0.209596,,0.645417
E2,102,0.026444,-0.012088,0.23164,,0.64571
E2,103,0.018419,-0.020427,0.220695,,0.646004
E2,104,0.030707,-0.015391,0.230604,,0.646297
E2,105,0.024686,-0.019523,0.211135,,0.646591
E2,106,0.022408,-0.018138,0.213789,,0.646885
E2,107,0.026408,-0.019039,0.195703,,0.64718
E2,108,0.068925,-0.006008,0.272736,,0.647475
E2,109,0.021985,-0.012192,0.183974,,0.64777
E2,110,0.019218,-0.014278,0.178909,,0.648065
E2,111,0.020824,-0.015657,0.157868,,0.64836
E2,112,0.024995,-0.015686,0.164799,,0.648656
E2,113,0.012898,-0.018323,0.142627,,0.648952
E2,114,0.024266,-0.014819,0.15837,,0.649249
E2,115,0.011533,-0.021076,0.138734,,0.649545
E2,116,0.012053,-0.015888,0.136953,,0.649842
E2,117,0.011372,-0.018881,0.128552,,0.650139
E2,118,0.008761,-0.017457,0.141289,,0.650437
E2,119,0.006648,-0.016097,0.148234,,0.650734
E2,120,0.039352,-0.008531,0.250863,,0.651032
E2,121,0.009232,-0.016946,0.145617,,0.65133
E2,122,0.007354,-0.018138,0.151789,,0.651629
E2,123,0.008015,-0.023485,0.135051,,0.651928
E2,124,0.008773,-0.015228,0.158426,,0.652227
E2,125,0.002677,-0.024392,0.143899,,0.652526
E2,126,0.007687,-0.016636,0.136568,,0.652826
E2,127,0.003824,-0.024139,0.134681,,0.653126
E2,128,0.010622,-0.01677,0.145204,,0.653426
E2,129,0.003765,-0.023703,0.124554,,0.653726
E2,130,0.005366,-0.020133,0.138776,,0.654027
E2,131,0.005495,-0.021098,0.145383,,0.654328
E2,132,0.038691,-0.010743,0.229737,,0.654629
E2,133,0.00531,-0.017907,0.145557,,0.654931
E2,134,0.000574,-0.019349,0.135554,,0.655232
E2,135,0.003193,-0.01872,0.141924,,0.655534
E2,136,0.005202,-0.01823,0.131034,,0.655837
E2,137,-0.001284,-0.025249,0.127664,,0.65614
E2,138,0.002245,-0.022146,0.126821,,0.656442
E2,139,-0.000421,-0.027882,0.133779,,0.656746
E2,140,0.00322,-0.019615,0.142025,,0.657049
E2,141,0.005563,-0.024663,0.121642,,0.657353
E2,142,0.007271,-0.019026,0.127625,,0.657657
E2,143,0.010182,-0.017623,0.152135,,0.657961
E2,144,0.040696,-0.008531,0.233138,,0.658266
E2,145,0.020158,-0.013559,0.142902,,0.658571
E2,146,0.008233,-0.016347,0.132887,,0.658876
E2,147,0.007365,-0.018634,0.119407,,0.659181
E2,148,0.011571,-0.017825,0.14429,,0.659487
E2,149,0.006973,-0.024564,0.134151,,0.659793
E2,150,0.015236,-0.016694,0.144393,,0.660099
E2,151,0.00565,-0.023935,0.132899,,0.660406
E2,152,0.009049,-0.017163,0.152575,,0.660713
E2,153,0.016066,-0.018008,0.148491,,0.66102
E2,154,0.007321,-0.019639,0.158561,,0.661328
E2,155,0.012543,-0.017029,0.160051,,0.661635
E2,156,0.041652,-0.011399,0.199485,,0.661943
E2,157,0.018031,-0.016276,0.14671,,0.662252
E2,158,0.006411,-0.021776,0.135591,,0.66256
E2,159,0.006281,-0.023813,0.117907,,0.662869
E2,160,0.008837,-0.021033,0.117241,,0.663178
E2,161,0.004617,-0.024532,0.108673,,0.663488
E2,162,0.005152,-0.024741,0.09758,,0.663798
E2,163,0.002044,-0.025838,0.094052,,0.664108
E2,164,0.006536,-0.023122,0.095846,,0.664418
E2,165,0.006976,-0.025428,0.089839,,0.664729
E2,166,0.007008,-0.025509,0.101946,,0.665039
E2,167,0.005145,-0.022267,0.084395,,0.665351
E2,168,0.026956,-0.016868,0.158251,,0.665662
E2,169,0.008483,-0.021341,0.100531,,0.665974
E2,170,0.001863,-0.025667,0.097252,,0.666286
E2,171,0.001808,-0.024561,0.090993,,0.666598
E2,172,0.003452,-0.021283,0.090827,,0.666911
E2,173,0.002199,-0.026372,0.082334,,0.667224
E2,174,0.011288,-0.022562,0.079321,,0.667537
E2,175,0.001622,-0.027586,0.074203,,0.667851
E2,176,0.004406,-0.025571,0.079576,,0.668165
E2,177,0.003238,-0.025968,0.070119,,0.668479
E2,178,-0.00238,-0.027099,0.072785,,0.668793
E2,179,0.00154,-0.026299,0.062499,,0.669108
E2,180,0.024952,-0.015821,0.120652,,0.669423
E2,181,0.00755,-0.023998,0.061916,,0.669738
E2,182,0.000326,-0.02844,0.058983,,0.670054
E2,183,-0.003135,-0.030666,0.04456,,0.67037
E2,184,-0.000259,-0.025406,0.053461,,0.670686
E2,185,-0.003913,-0.029625,0.042498,,0.671003
E2,186,-0.001107,-0.025656,0.053046,,0.671319
E2,187,-0.00344,-0.029759,0.038422,,0.671636
E2,188,0.001833,-0.024529,0.055551,,0.671954
E2,189,-0.001929,-0.027641,0.040349,,0.672272
E2,190,-0.003231,-0.025992,0.053788,,0.67259
E2,191,-0.001981,-0.025918,0.050807,,0.672908
E2,192,0.021472,-0.017146,0.122078,,0.673226
E2,193,0.00232,-0.024337,0.048827,,0.673545
E2,194,-0.00135,-0.029122,0.048236,,0.673865
E2,195,-0.002052,-0.032905,0.046607,,0.674184
E2,196,0.000857,-0.030086,0.06437,,0.674504
E2,197,-0.00429,-0.032791,0.063403,,0.674824
E2,198,-0.002209,-0.029857,0.078372,,0.675144
E2,199,-0.005383,-0.033912,0.068888,,0.675465
E2,200,-0.001077,-0.028997,0.087359,,0.675786
E2,201,-0.000615,-0.031383,0.071328,,0.676108
E2,202,-0.002495,-0.029737,0.078267,,0.676429
E2,203,0.000445,-0.025966,0.078141,,0.676751
E2,204,0.019165,-0.015296,0.164238,,0.677073
E2,205,-0.000964,-0.023187,0.078343,,0.677396
E2,206,-0.005677,-0.029624,0.079831,,0.677719
E2,207,-0.004458,-0.02669,0.072514,,0.678042
E2,208,0.000166,-0.025207,0.092185,,0.678366
E2,209,-0.001314,-0.031575,0.074016,,0.678689
E2,210,0.001003,-0.025305,0.088053,,0.679014
E2,211,-8.7e-05,-0.0319,0.084714,,0.679338
E2,212,0.008918,-0.024015,0.094692,,0.679663
E2,213,0.002629,-0.030261,0.080827,,0.679988
E2,214,-0.001643,-0.033162,0.081225,,0.680313
E2,215,0.003233,-0.022864,0.08782,,0.680639
E2,216,0.030813,-0.008838,0.139536,,0.680965
E2,217,0.006581,-0.020488,0.076073,,0.681291
E2,218,0.002601,-0.028865,0.076123,,0.681618
E2,219,0.005228,-0.024883,0.072451,,0.681945
E2,220,0.000139,-0.022244,0.077771,,0.682272
E2,221,-0.001487,-0.027307,0.070285,,0.682599
E2,222,-0.000598,-0.02372,0.074862,,0.682927
E2,223,-0.001204,-0.029262,0.064397,,0.683255
E2,224,0.002859,-0.023702,0.070521,,0.683584
E2,225,-0.002378,-0.030002,0.062782,,0.683913
E2,226,-0.000947,-0.030203,0.065403,,0.684242
E2,227,0.003636,-0.026902,0.063524,,0.684571
E2,228,0.024643,-0.009845,0.125472,,0.684901
E2,229,0.006578,-0.021716,0.065278,,0.685231
E2,230,0.000373,-0.029594,0.058474,,0.685561
E2,231,-0.001669,-0.028522,0.047405,,0.685892
E2,232,0.008845,-0.027679,0.067044,,0.686223
E2,233,0.001572,-0.030874,0.058088,,0.686554
E2,234,0.00478,-0.02725,0.077221,,0.686886
E2,235,-0.000853,-0.035109,0.053415,,0.687218
E2,236,0.008428,-0.026831,0.074977,,0.68755
E2,237,0.002021,-0.030001,0.055921,,0.687883
E2,238,0.002368,-0.029075,0.060459,,0.688216
E2,239,0.006552,-0.022404,0.062492,,0.688549
E2,240,0.029446,-0.013152,0.127267,,0.688883
E2,241,0.009951,-0.021868,0.063339,,0.689217
E2,242,0.002383,-0.026471,0.051411,,0.689551
E2,243,-0.000138,-0.024058,0.048327,,0.689886
E2,244,0.004803,-0.020574,0.057824,,0.690221
E2,245,0.003832,-0.027758,0.055128,,0.690556
E2,246,0.007628,-0.020532,0.066258,,0.690891
E2,247,0.0074,-0.024643,0.066536,,0.691227
E2,248,0.01057,-0.020085,0.075376,,0.691563
E2,249,0.003842,-0.025613,0.070777,,0.6919
E2,250,0.004131,-0.023169,0.07835,,0.692237
E2,251,0.003151,-0.020517,0.083636,,0.692574
E2,252,0.037977,-0.008877,0.159216,,0.692911
E2,253,0.010013,-0.020635,0.088568,,0.693249
E2,254,0.002531,-0.024702,0.087096,,0.693587
E2,255,0.001133,-0.026539,0.076396,,0.693926
E2,256,0.004863,-0.022203,0.07393,,0.694265
E2,257,0.003895,-0.029541,0.083929,,0.694604
E2,258,0.011341,-0.024103,0.092893,,0.694943
E2,259,0.004044,-0.030211,0.078304,,0.695283
E2,260,0.008528,-0.025406,0.074978,,0.695623
E2,261,0.001717,-0.025495,0.077897,,0.695964
E2,262,0.003784,-0.025443,0.089714,,0.696305
E2,263,0.006452,-0.020215,0.094361,,0.696646
E2,264,0.03269,-0.005843,0.14681,,0.696987
E2,265,0.014931,-0.017055,0.084258,,0.697329
E2,266,0.008505,-0.020025,0.071393,,0.697671
E2,267,0.008934,-0.020056,0.070138,,0.698014
E2,268,0.010634,-0.01733,0.081355,,0.698357
E2,269,0.006024,-0.02452,0.05788,,0.6987
E2,270,0.009448,-0.019736,0.07057,,0.699043
E2,271,0.001716,-0.024006,0.058083,,0.699387
E2,272,0.007814,-0.017475,0.070575,,0.699731
E2,273,0.002072,-0.023647,0.061929,,0.700076
E2,274,0.006971,-0.022318,0.076757,,0.700421
E2,275,0.005717,-0.019417,0.081993,,0.700766
E2,276,0.033073,-0.008282,0.173198,,0.701112
E2,277,0.017283,-0.013307,0.093764,,0.701457
E2,278,0.008114,-0.021383,0.089729,,0.701804
E2,279,0.003173,-0.022514,0.073015,,0.70215
E2,280,0.019411,-0.019152,0.101755,,0.702497
E2,281,0.011364,-0.026207,0.084844,,0.702844
E2,282,0.011891,-0.023302,0.096714,,0.703192
E2,283,0.011258,-0.025491,0.10878,,0.70354
E2,284,0.038789,-0.015114,0.151309,,0.703888
E2,285,0.021196,-0.018056,0.121822,,0.704237
E2,286,0.030141,-0.016668,0.180879,,0.704586
E2,287,0.041797,-0.007523,0.189263,,0.704935
E2,288,0.127065,0.01256,0.460274,,0.705285
E2,289,0.074036,-0.000713,0.232794,,0.705635
E2,290,0.033347,-0.015946,0.140843,,0.705985
E2,291,0.023706,-0.020328,0.116997,,0.706336
E2,292,0.022056,-0.014913,0.151105,,0.706687
E2,293,0.008481,-0.026365,0.107466,,0.707038
E2,294,0.010828,-0.025591,0.090926,,0.70739
E2,295,0.007438,-0.028534,0.099074,,0.707742
E2,296,0.02123,-0.020796,0.105648,,0.708095
E2,297,0.010378,-0.027817,0.070321,,0.708448
E2,298,0.005589,-0.029616,0.085182,,0.708801
E2,299,0.01659,-0.021682,0.09038,,0.709154
E2,300,0.039137,-0.006523,0.16219,,0.709508
E3,0,1.0,1.0,1.0,,9.293598
E3,1,0.863362,0.850569,0.887692,0.863148,9.7601
E3,2,0.792253,0.774435,0.829355,0.186239,10.21811
E3,3,0.757456,0.737369,0.7958,0.157956,10.661246
E3,4,0.726747,0.704983,0.768528,0.092787,11.050725
E3,5,0.708471,0.683847,0.7485,0.084873,11.396871
E3,6,0.694403,0.670845,0.738184,0.080347,11.700326
E3,7,0.675299,0.651843,0.719213,0.033282,11.963396
E3,8,0.664227,0.638542,0.705216,0.050083,12.193285
E3,9,0.657662,0.631359,0.698048,0.056306,12.398002
E3,10,0.644139,0.618207,0.685103,0.021994,12.581713
E3,11,0.634403,0.603452,0.671435,0.025424,12.747632
E3,12,0.628672,0.599286,0.66469,0.046483,12.902307
E3,13,0.607692,0.579555,0.645262,-0.033003,13.043093
E3,14,0.584455,0.555386,0.624606,-0.022808,13.169534
E3,15,0.57118,0.543938,0.613785,0.01094,13.285383
E3,16,0.554761,0.5263,0.597691,-0.010706,13.391766
E3,17,0.547409,0.515417,0.588847,0.021595,13.487092
E3,18,0.54007,0.509456,0.580059,0.014161,13.571521
E3,19,0.523035,0.491784,0.567437,-0.019108,13.648731
E3,20,0.516661,0.486015,0.560604,0.025847,13.71915
E3,21,0.515883,0.484005,0.557142,0.033846,13.785937
E3,22,0.507924,0.475901,0.549518,0.001358,13.85023
E3,23,0.498746,0.467197,0.54503,0.009259,13.90921
E3,24,0.495199,0.465608,0.540656,0.02764,13.964542
E3,25,0.480152,0.449593,0.527067,-0.02799,14.017633
E3,26,0.458531,0.427244,0.504911,-0.036802,14.070241
E3,27,0.449618,0.418311,0.49522,0.003933,14.118133
E3,28,0.429006,0.397446,0.473838,-0.044726,14.164743
E3,29,0.421302,0.38955,0.465474,0.011929,14.208394
E3,30,0.413588,0.380278,0.45778,-0.01031,14.248639
E3,31,0.401552,0.368707,0.444277,-0.003279,14.284944
E3,32,0.391869,0.358039,0.434426,-0.005483,14.320486
E3,33,0.39278,0.358401,0.435027,0.031506,14.355263
E3,34,0.389668,0.355326,0.430446,0.013914,14.390779
E3,35,0.385464,0.351882,0.425799,0.013692,14.425883
E3,36,0.380509,0.346584,0.423111,0.011031,14.458805
E3,37,0.362697,0.328931,0.405684,-0.038835,14.49025
E3,38,0.342563,0.307347,0.38481,-0.033111,14.52323
E3,39,0.334776,0.301007,0.374993,0.001554,14.559075
E3,40,0.319295,0.287223,0.361468,-0.019007,14.595307
E3,41,0.307795,0.276246,0.350352,-0.005449,14.63095
E3,42,0.299593,0.266213,0.343011,-0.017414,14.665381
E3,43,0.281536,0.248981,0.322834,-0.038781,14.701264
E3,44,0.26998,0.235105,0.311072,-0.01128,14.736113
E3,45,0.265197,0.232757,0.309789,0.00765,14.772236
E3,46,0.259266,0.227681,0.300687,0.002396,14.804835
E3,47,0.258928,0.225622,0.298287,0.021566,14.836395
E3,48,0.257044,0.225636,0.296704,0.019695,14.866291
E3,49,0.246205,0.214642,0.282497,,14.894345
E3,50,0.23264,0.201638,0.264038,,14.921443
E3,51,0.221185,0.190729,0.252994,,14.949367
E3,52,0.206485,0.175512,0.238507,,14.978119
E3,53,0.197192,0.167561,0.227708,,15.007252
E3,54,0.188751,0.160796,0.21843,,15.036502
E3,55,0.181064,0.151358,0.208205,,15.068545
E3,56,0.16797,0.139257,0.194407,,15.100527
E3,57,0.1621,0.133175,0.187227,,15.130839
E3,58,0.151115,0.125418,0.177835,,15.157245
E3,59,0.143065,0.117888,0.171814,,15.185106
E3,60,0.139346,0.114667,0.166608,,15.212902
E3,61,0.124028,0.099359,0.150571,,15.240722
E3,62,0.115845,0.091025,0.140251,,15.268478
E3,63,0.105293,0.079278,0.1303,,15.296348
E3,64,0.092117,0.06573,0.116283,,15.318865
E3,65,0.079001,0.053935,0.103317,,15.334675
E3,66,0.073752,0.048158,0.098162,,15.334618
E3,67,0.061304,0.037812,0.086212,,15.329086
E3,68,0.045117,0.022524,0.07054,,15.323458
E3,69,0.036546,0.014735,0.062115,,15.316838
E3,70,0.032848,0.010296,0.058914,,15.309582
E3,71,0.026918,0.00374,0.052593,,15.301421
E3,72,0.02199,-0.000259,0.048879,,15.295231
E3,73,0.00087,-0.022333,0.028261,,15.288136
E3,74,-0.019979,-0.043237,0.005593,,15.280854
E3,75,-0.034318,-0.058462,-0.010078,,15.274647
E3,76,-0.053565,-0.076929,-0.027105,,15.266722
E3,77,-0.071362,-0.094909,-0.044416,,15.260684
E3,78,-0.088641,-0.112563,-0.060947,,15.257977
E3,79,-0.098932,-0.122152,-0.068862,,15.258246
E3,80,-0.105862,-0.126016,-0.074856,,15.254724
E3,81,-0.112264,-0.133441,-0.080519,,15.250747
E3,82,-0.120682,-0.142096,-0.088869,,15.245591
E3,83,-0.122614,-0.142593,-0.089112,,15.243866
E3,84,-0.119727,-0.141669,-0.087727,,15.241507
E3,85,-0.131439,-0.153902,-0.098914,,15.237064
E3,86,-0.141535,-0.165657,-0.1104,,15.233703
E3,87,-0.150021,-0.173941,-0.115628,,15.230158
E3,88,-0.161082,-0.187198,-0.126614,,15.225704
E3,89,-0.170464,-0.197124,-0.134892,,15.218526
E3,90,-0.175799,-0.203648,-0.141844,,15.212249
E3,91,-0.184739,-0.21186,-0.149779,,15.205603
E3,92,-0.188391,-0.215226,-0.152857,,15.200767
E3,93,-0.193564,-0.219898,-0.156013,,15.199287
E3,94,-0.203064,-0.229206,-0.162288,,15.197532
E3,95,-0.206464,-0.232865,-0.167496,,15.195504
E3,96,-0.208052,-0.235442,-0.167906,,15.191291
E3,97,-0.223092,-0.249763,-0.180834,,15.184162
E3,98,-0.235901,-0.263831,-0.19261,,15.174296
E3,99,-0.247492,-0.276039,-0.20171,,15.165697
E3,100,-0.259055,-0.290054,-0.210692,,15.161098
E3,101,-0.260525,-0.292111,-0.213881,,15.156678
E3,102,-0.263041,-0.29539,-0.216073,,15.153712
E3,103,-0.273406,-0.306501,-0.223115,,15.150014
E3,104,-0.277502,-0.310573,-0.227197,,15.145582
E3,105,-0.271943,-0.307099,-0.222008,,15.137585
E3,106,-0.272903,-0.308796,-0.219648,,15.12949
E3,107,-0.269066,-0.305383,-0.216264,,15.120747
E3,108,-0.270392,-0.309164,-0.218739,,15.112088
E3,109,-0.287158,-0.325222,-0.232164,,15.105799
E3,110,-0.293355,-0.332863,-0.237169,,15.097766
E3,111,-0.297838,-0.338089,-0.23996,,15.087253
E3,112,-0.307763,-0.34973,-0.248083,,15.076822
E3,113,-0.314914,-0.357511,-0.253795,,15.067848
E3,114,-0.320087,-0.360932,-0.259525,,15.060883
E3,115,-0.327171,-0.368886,-0.265599,,15.055838
E3,116,-0.326677,-0.371089,-0.266778,,15.050696
E3,117,-0.32276,-0.368477,-0.262205,,15.048029
E3,118,-0.32624,-0.372809,-0.264764,,15.042604
E3,119,-0.327054,-0.369017,-0.262995,,15.035612
E3,120,-0.326791,-0.37199,-0.260849,,15.027877
E3,121,-0.342977,-0.387236,-0.274053,,15.021515
E3,122,-0.352543,-0.398167,-0.280364,,15.014319
E3,123,-0.356108,-0.402266,-0.281475,,15.008406
E3,124,-0.362567,-0.410123,-0.287083,,15.001658
E3,125,-0.368229,-0.416438,-0.291012,,14.996747
E3,126,-0.363896,-0.413163,-0.28942,,14.991278
E3,127,-0.372665,-0.419661,-0.296668,,14.987834
E3,128,-0.373739,-0.42273,-0.297451,,14.986601
E3,129,-0.36793,-0.415774,-0.288787,,14.984997
E3,130,-0.377312,-0.423649,-0.297638,,14.982931
E3,131,-0.377196,-0.424362,-0.297386,,14.983357
E3,132,-0.375834,-0.420293,-0.291509,,14.985263
E3,133,-0.394621,-0.438659,-0.303872,,14.989299
E3,134,-0.403322,-0.446956,-0.312745,,14.994263
E3,135,-0.407613,-0.455584,-0.315518,,14.997658
E3,136,-0.412717,-0.462803,-0.320042,,14.999296
E3,137,-0.415445,-0.464983,-0.323026,,15.000102
E3,138,-0.414635,-0.464774,-0.322534,,15.000352
E3,139,-0.419118,-0.470707,-0.324765,,14.997635
E3,140,-0.419034,-0.469913,-0.324849,,14.998441
E3,141,-0.414114,-0.464552,-0.319638,,15.000919
E3,142,-0.414566,-0.464463,-0.316572,,15.00052
E3,143,-0.409717,-0.458358,-0.312604,,14.99724
E3,144,-0.404875,-0.451985,-0.305968,,14.990053
E3,145,-0.409485,-0.459129,-0.312915,,14.981557
E3,146,-0.408186,-0.459296,-0.313961,,14.969424
E3,147,-0.406798,-0.457285,-0.313103,,14.957372
E3,148,-0.412607,-0.46241,-0.318539,,14.949035
E3,149,-0.41309,-0.464436,-0.318968,,14.94097
E3,150,-0.407346,-0.459409,-0.314511,,14.933271
E3,151,-0.408943,-0.460321,-0.315822,,14.926217
E3,152,-0.408001,-0.458026,-0.317095,,14.919996
E3,153,-0.397827,-0.449066,-0.307596,,14.914516
E3,154,-0.395649,-0.447413,-0.302547,,14.910619
E3,155,-0.386767,-0.438021,-0.295724,,14.91055
E3,156,-0.372545,-0.424296,-0.280668,,14.911321
E3,157,-0.378105,-0.428215,-0.286385,,14.912094
E3,158,-0.376451,-0.430371,-0.289508,,14.913709
E3,159,-0.370663,-0.423871,-0.283122,,14.911675
E3,160,-0.377738,-0.433048,-0.290359,,14.913572
E3,161,-0.375889,-0.432334,-0.288157,,14.911442
E3,162,-0.364989,-0.424457,-0.279087,,14.912123
E3,163,-0.361374,-0.419867,-0.275752,,14.912523
E3,164,-0.357588,-0.417002,-0.270471,,14.913486
E3,165,-0.348299,-0.40583,-0.260613,,14.911258
E3,166,-0.339252,-0.397674,-0.251354,,14.909686
E3,167,-0.334177,-0.392102,-0.245037,,14.907548
E3,168,-0.324543,-0.378417,-0.229336,,14.906348
E3,169,-0.332084,-0.384037,-0.236288,,14.904207
E3,170,-0.333371,-0.387674,-0.237791,,14.899994
E3,171,-0.330117,-0.382566,-0.232389,,14.894458
E3,172,-0.333131,-0.384813,-0.236894,,14.889012
E3,173,-0.329104,-0.382916,-0.232621,,14.885257
E3,174,-0.318371,-0.373061,-0.221406,,14.881215
E3,175,-0.317693,-0.370785,-0.219904,,14.879528
E3,176,-0.309437,-0.361999,-0.211468,,14.876329
E3,177,-0.294005,-0.346114,-0.196903,,14.875392
E3,178,-0.285657,-0.339113,-0.192174,,14.876533
E3,179,-0.278968,-0.332221,-0.188962,,14.876541
E3,180,-0.267147,-0.318123,-0.174745,,14.875699
E3,181,-0.267929,-0.318447,-0.17007,,14.877314
E3,182,-0.27248,-0.319898,-0.169731,,14.876944
E3,183,-0.26902,-0.315326,-0.161805,,14.879509
E3,184,-0.268863,-0.3147,-0.161184,,14.883023
E3,185,-0.268307,-0.313343,-0.156297,,14.887298
E3,186,-0.258812,-0.302256,-0.1487,,14.891104
E3,187,-0.254223,-0.295782,-0.146498,,14.891593
E3,188,-0.247849,-0.288707,-0.141835,,14.891798
E3,189,-0.240959,-0.282203,-0.137423,,14.892478
E3,190,-0.236521,-0.27583,-0.131622,,14.889929
E3,191,-0.227639,-0.267653,-0.126589,,14.886807
E3,192,-0.220209,-0.258084,-0.124505,,14.882446
E3,193,-0.222993,-0.257349,-0.124554,,14.875228
E3,194,-0.23048,-0.262374,-0.126448,,14.867146
E3,195,-0.222591,-0.252224,-0.117122,,14.859152
E3,196,-0.21983,-0.249903,-0.117156,,14.84934
E3,197,-0.211747,-0.241562,-0.112768,,14.843808
E3,198,-0.20588,-0.233451,-0.108556,,14.841894
E3,199,-0.2011,-0.229036,-0.105469,,14.842267
E3,200,-0.192021,-0.221432,-0.102736,,14.840255
E3,201,-0.184004,-0.212772,-0.100627,,14.83614
E3,202,-0.178171,-0.205441,-0.09795,,14.832021
E3,203,-0.164544,-0.19065,-0.087257,,14.824648
E3,204,-0.150034,-0.176963,-0.073509,,14.816887
E3,205,-0.154752,-0.17992,-0.078629,,14.807587
E3,206,-0.149758,-0.175152,-0.078295,,14.800288
E3,207,-0.141306,-0.166856,-0.074862,,14.796142
E3,208,-0.126839,-0.153337,-0.067627,,14.791801
E3,209,-0.118013,-0.143397,-0.062273,,14.786401
E3,210,-0.108513,-0.132856,-0.054354,,14.781284
E3,211,-0.100121,-0.126798,-0.048623,,14.777888
E3,212,-0.083322,-0.110553,-0.038095,,14.77257
E3,213,-0.06175,-0.088205,-0.022932,,14.768015
E3,214,-0.050745,-0.077433,-0.014703,,14.766818
E3,215,-0.032903,-0.059866,-0.002343,,14.763698
E3,216,-0.013883,-0.041358,0.015036,,14.762883
E3,217,-0.009444,-0.036793,0.016435,,14.764569
E3,218,-0.004661,-0.031859,0.02194,,14.768277
E3,219,0.002758,-0.022488,0.026561,,14.773242
E3,220,0.007258,-0.015892,0.032788,,14.77744
E3,221,0.023227,-0.002466,0.047913,,14.780389
E3,222,0.040446,0.013964,0.064099,,14.784498
E3,223,0.046331,0.019487,0.07269,,14.784945
E3,224,0.052279,0.025661,0.076981,,14.78375
E3,225,0.063438,0.036932,0.08981,,14.781975
E3,226,0.073989,0.04572,0.10312,,14.780102
E3,227,0.083703,0.053112,0.112004,,14.779097
E3,228,0.092813,0.065587,0.122762,,14.778478
E3,229,0.088191,0.060576,0.115716,,14.774181
E3,230,0.093947,0.060952,0.120179,,14.771913
E3,231,0.101688,0.069131,0.128299,,14.769934
E3,232,0.109854,0.07597,0.135606,,14.769987
E3,233,0.119868,0.086022,0.14794,,14.772077
E3,234,0.132805,0.099197,0.162497,,14.775818
E3,235,0.141539,0.106442,0.173201,,14.778689
E3,236,0.150793,0.115995,0.185923,,14.780398
E3,237,0.164627,0.129305,0.200076,,14.784732
E3,238,0.173543,0.139185,0.211289,,14.789847
E3,239,0.187564,0.154464,0.225759,,14.796523
E3,240,0.199388,0.163521,0.237441,,14.801648
E3,241,0.195474,0.159273,0.232363,,14.805027
E3,242,0.200486,0.161435,0.238527,,14.806169
E3,243,0.213034,0.17077,0.251278,,14.805754
E3,244,0.220116,0.175483,0.261478,,14.804168
E3,245,0.233405,0.185994,0.273916,,14.800825
E3,246,0.246842,0.196558,0.285295,,14.796894
E3,247,0.258606,0.207885,0.29618,,14.794033
E3,248,0.269494,0.217701,0.305156,,14.790583
E3,249,0.284182,0.232197,0.321514,,14.790158
E3,250,0.295504,0.241412,0.335021,,14.790418
E3,251,0.305573,0.252159,0.347365,,14.790091
E3,252,0.317272,0.257997,0.358007,,14.788589
E3,253,0.319027,0.261861,0.36142,,14.785519
E3,254,0.326457,0.267351,0.367917,,14.779508
E3,255,0.334479,0.272208,0.37737,,14.773687
E3,256,0.339508,0.274109,0.381214,,14.771488
E3,257,0.350108,0.285905,0.39105,,14.770464
E3,258,0.355834,0.290924,0.398641,,14.768556
E3,259,0.359204,0.291469,0.403099,,14.767628
E3,260,0.362224,0.295652,0.406853,,14.768369
E3,261,0.370369,0.303307,0.415038,,14.771076
E3,262,0.376202,0.308114,0.422053,,14.768673
E3,263,0.393484,0.323616,0.439227,,14.763709
E3,264,0.406986,0.332949,0.453072,,14.759036
E3,265,0.402295,0.326323,0.449404,,14.752487
E3,266,0.402976,0.32762,0.454066,,14.746818
E3,267,0.413307,0.335035,0.460668,,14.74351
E3,268,0.404846,0.325738,0.453004,,14.739508
E3,269,0.4095,0.326558,0.456979,,14.734121
E3,270,0.425001,0.341005,0.471144,,14.73169
E3,271,0.42843,0.345417,0.473947,,14.729158
E3,272,0.436725,0.352247,0.481059,,14.727018
E3,273,0.451487,0.365291,0.496567,,14.725272
E3,274,0.464431,0.372286,0.507722,,14.71937
E3,275,0.479696,0.384268,0.525844,,14.711483
E3,276,0.498605,0.402142,0.543264,,14.702696
E3,277,0.489352,0.396599,0.536896,,14.6941
E3,278,0.48748,0.393482,0.536407,,14.688864
E3,279,0.498538,0.404873,0.545738,,14.681343
E3,280,0.50652,0.413859,0.556136,,14.673516
E3,281,0.520913,0.426773,0.568166,,14.668164
E3,282,0.532287,0.438278,0.577942,,14.666381
E3,283,0.538933,0.43965,0.585251,,14.663503
E3,284,0.546842,0.450711,0.593045,,14.659728
E3,285,0.559438,0.455274,0.603536,,14.656347
E3,286,0.564867,0.457381,0.60581,,14.652366
E3,287,0.578778,0.472297,0.619413,,14.64838
E3,288,0.59559,0.487574,0.636554,,14.645188
E3,289,0.576955,0.476222,0.616939,,14.638106
E3,290,0.562506,0.463109,0.602779,,14.630618
E3,291,0.556245,0.454444,0.595573,,14.623821
E3,292,0.544847,0.448319,0.58434,,14.616318
E3,293,0.541158,0.444502,0.580845,,14.607011
E3,294,0.538536,0.440526,0.578881,,14.599492
E3,295,0.51955,0.427484,0.55821,,14.592167
E3,296,0.510917,0.423847,0.548434,,14.585233
E3,297,0.508829,0.423038,0.548032,,14.578693
E3,298,0.500859,0.417375,0.541471,,14.57465
E3,299,0.492615,0.412162,0.534354,,14.569901
E3,300,0.499147,0.417318,0.540374,,14.566349
