env,h,model,split,metric,p25,p50,p75,iqr,n_chuoi,n_loai,n_dong_dung,n_dong_test
E1,1,ma6,test,mae,0.11039374348622902,0.40074433434260026,4.325294751812093,4.214901008325864,735,0,254310,254310
E1,1,ma6,test,rmse,0.23424405323461994,1.0593756825070895,12.27716946080728,12.042925407572659,735,0,254310,254310
E1,1,ma6,test,smape,5.0801834877109044,12.792172647779996,23.44566252959824,18.365479041887337,735,0,254310,254310
E1,1,ma6,test,mase,0.8161106061726553,1.1439163792515932,1.811272267237495,0.9951616610648397,735,0,254310,254310
E1,1,ma6,test,r2,-0.11542840513736002,0.0906816401615057,0.5065483125814079,0.6219767177187678,730,5,254310,254310
E1,1,ma6,train,mae,0.11531490983286823,0.34598823776517534,3.6503648505716084,3.53504994073874,735,0,1142276,1142276
E1,1,ma6,train,rmse,0.2916937429025369,0.9581887642433528,10.37888181170128,10.087188068798744,735,0,1142276,1142276
E1,1,ma6,train,smape,5.212248420744498,11.987657969250732,25.199333077535684,19.987084656791186,735,0,1142276,1142276
E1,1,ma6,train,mase,0.9263280526503722,1.0813670072007175,1.7162075395428456,0.7898794868924733,735,0,1142276,1142276
E1,1,ma6,train,r2,-0.06795391540577267,0.1741287114654969,0.6281799313224526,0.6961338467282253,735,0,1142276,1142276
E1,1,ma6,val,mae,0.0608475745830397,0.18779069767441856,1.833204134366925,1.7723565597838853,735,0,252840,252840
E1,1,ma6,val,rmse,0.11784473578693846,0.38510284065030326,7.550167629679889,7.43232289389295,735,0,252840,252840
E1,1,ma6,val,smape,3.496639055042688,7.923035892329583,13.944027292902042,10.447388237859354,735,0,252840,252840
E1,1,ma6,val,mase,0.4937632985818198,0.7271291936898427,1.0661822884340504,0.5724189898522306,735,0,252840,252840
E1,1,ma6,val,r2,-0.19102523346624467,-0.06318531893540591,0.5136887793451138,0.7047140128113585,730,5,252840,252840
E1,1,naive,test,mae,0.11598426461143227,0.4077071290944123,1.9981007431874485,1.8821164785760163,735,0,254310,254310
E1,1,naive,test,rmse,0.2991196434411375,1.1867281489127852,6.98023933330008,6.681119689858942,735,0,254310,254310
E1,1,naive,test,smape,4.737638720587974,9.480351502730132,15.941727763949164,11.20408904336119,735,0,254310,254310
E1,1,naive,test,mase,0.7611273607741588,0.9683267560062773,1.2175217031077912,0.4563943423336324,735,0,254310,254310
E1,1,naive,test,r2,-0.5643474806658484,0.04942370472289642,0.7287466454839717,1.2930941261498201,730,5,254310,254310
E1,1,naive,train,mae,0.12621973174903234,0.34669187145557656,2.2721713943831148,2.1459516626340824,735,0,1142276,1142276
E1,1,naive,train,rmse,0.3518612707491421,1.0947414453550728,8.414375956054613,8.062514685305471,735,0,1142276,1142276
E1,1,naive,train,smape,5.081084194533218,9.82143622968462,17.84660352199036,12.765519327457142,735,0,1142276,1142276
E1,1,naive,train,mase,0.9891089340750707,1.0014130043549285,1.0068401225171089,0.017731188442038137,735,0,1142276,1142276
E1,1,naive,train,r2,-0.41520721682482586,0.20880286702698625,0.7895018382672132,1.2047090550920392,735,0,1142276,1142276
E1,1,naive,val,mae,0.06696947674418602,0.21850775193798458,0.7554142441860465,0.6884447674418606,735,0,252840,252840
E1,1,naive,val,rmse,0.14672382462274347,0.46738593517894905,4.019547881185735,3.8728240565629917,735,0,252840,252840
E1,1,naive,val,smape,3.452463339984513,5.287879380891609,10.883223344508092,7.430760004523579,735,0,252840,252840
E1,1,naive,val,mase,0.2939609653209476,0.7036472635580959,0.9062516219109811,0.6122906565900335,735,0,252840,252840
E1,1,naive,val,r2,-0.845013739735494,-0.2732767510280192,0.7185460433899333,1.5635597831254273,730,5,252840,252840
E1,1,seasonal,test,mae,0.20455926940753533,0.5833608587943848,13.027043765483072,12.822484496075536,735,0,254310,254310
E1,1,seasonal,test,rmse,0.3681948028878185,1.336240382691116,22.378146034020247,22.00995123113243,735,0,254310,254310
E1,1,seasonal,test,smape,9.221408388845724,19.768214504439353,97.69083328553938,88.46942489669365,735,0,254310,254310
E1,1,seasonal,test,mase,1.2075337213946034,1.9019713255591706,4.8032765112539,3.5957427898592966,735,0,254310,254310
E1,1,seasonal,test,r2,-1.6981770534156468,-0.9853203627500173,-0.46504971283613794,1.233127340579509,730,5,254310,254310
E1,1,seasonal,train,mae,0.2093585405943682,0.6532879818594104,12.668729078933161,12.459370538338794,735,0,948236,1142276
E1,1,seasonal,train,rmse,0.4334447881008986,1.7147427412598322,21.238850912005315,20.805406123904415,735,0,948236,1142276
E1,1,seasonal,train,smape,10.430205507760402,19.98265128942839,75.30519893216106,64.87499342440066,735,0,948236,1142276
E1,1,seasonal,train,mase,1.3698283144798193,2.008994301509479,3.789923616392686,2.420095301912867,735,0,948236,1142276
E1,1,seasonal,train,r2,-1.1528577779718048,-0.847460776434048,-0.4801688768032426,0.6726889011685622,735,0,948236,1142276
E1,1,seasonal,val,mae,0.1109582641196013,0.3292635658914729,5.5741113900634245,5.4631531259438235,735,0,252840,252840
E1,1,seasonal,val,rmse,0.25493897795340154,0.6843299595517148,13.113085672927237,12.858146694973836,735,0,252840,252840
E1,1,seasonal,val,smape,5.524803178773821,12.917513451724203,41.35420757228308,35.82940439350926,735,0,252840,252840
E1,1,seasonal,val,mase,0.7808957398969621,1.1781799373068385,2.431001045217959,1.6501053053209969,735,0,252840,252840
E1,1,seasonal,val,r2,-3.4893336309920726,-1.2705773653776373,-0.65585143490214,2.833482196089933,730,5,252840,252840
E1,6,ma6,test,mae,0.11818996415770608,0.42628706419028994,5.698110133594005,5.579920169436299,735,0,250635,250635
E1,6,ma6,test,rmse,0.24053534273143456,1.0908746132755782,16.761858251770718,16.521322909039284,735,0,250635,250635
E1,6,ma6,test,smape,5.975263340565673,13.760307210071554,32.391318089294856,26.41605474872918,735,0,250635,250635
E1,6,ma6,test,mase,0.8569837050647096,1.3306880131911905,2.4526716409744767,1.595687935909767,735,0,250635,250635
E1,6,ma6,test,r2,-0.188417554339607,-0.018452337615464165,0.33410422191787026,0.5225217762574772,730,5,250635,250635
E1,6,ma6,train,mae,0.1194549796319708,0.3842130214917826,5.095056802219413,4.975601822587443,735,0,1138601,1138601
E1,6,ma6,train,rmse,0.30787351396939533,1.040878928315746,13.548705828008792,13.240832314039396,735,0,1138601,1138601
E1,6,ma6,train,smape,5.766418813787423,12.67005326729769,29.192617308830016,23.42619849504259,735,0,1138601,1138601
E1,6,ma6,train,mase,0.9466799910389511,1.1873334252879029,1.8602723819597582,0.9135923909208071,735,0,1138601,1138601
E1,6,ma6,train,r2,-0.06939271045403683,0.144335917536194,0.43533032365364854,0.5047230341076854,735,0,1138601,1138601
E1,6,ma6,val,mae,0.06348386945732054,0.19413307112422154,2.573054502036803,2.5095706325794827,735,0,249165,249165
E1,6,ma6,val,rmse,0.11929195936475248,0.39427740892645086,8.944144375909428,8.824852416544676,735,0,249165,249165
E1,6,ma6,val,smape,3.5101016399879237,8.2336086790159,19.594123905524604,16.08402226553668,735,0,249165,249165
E1,6,ma6,val,mase,0.5129992629400757,0.7646648245372811,1.1967934729102783,0.6837942099702026,735,0,249165,249165
E1,6,ma6,val,r2,-0.1591777117184714,-0.010399159585674611,0.3266480757711954,0.4858257874896668,730,5,249165,249165
E1,6,naive,test,mae,0.12179863147605083,0.46608015640273687,5.168768328445748,5.046969696969697,735,0,250635,250635
E1,6,naive,test,rmse,0.30507601398041123,1.3518120731553627,14.837693368810047,14.532617354829636,735,0,250635,250635
E1,6,naive,test,smape,5.863030040759953,12.383935169080653,25.40685435230823,19.543824311548278,735,0,250635,250635
E1,6,naive,test,mase,0.9419586151092707,1.365781794303431,2.2455418769135713,1.3035832618043006,735,0,250635,250635
E1,6,naive,test,r2,-0.9037456588447704,-0.445702519016671,0.26644972176894655,1.170195380613717,730,5,250635,250635
E1,6,naive,train,mae,0.12471918094547682,0.41885497561856605,4.376762762627175,4.252043581681698,735,0,1138601,1138601
E1,6,naive,train,rmse,0.3716984441165555,1.2283879416037282,13.610588864348422,13.238890420231867,735,0,1138601,1138601
E1,6,naive,train,smape,5.80328176169748,12.012250195111813,25.546867872922647,19.743586111225166,735,0,1138601,1138601
E1,6,naive,train,mase,1.079407594847537,1.258087228090883,2.0410325921589756,0.9616249973114386,735,0,1138601,1138601
E1,6,naive,train,r2,-0.7662650178740437,-0.30026757208854304,0.41703068175833197,1.1832956996323756,735,0,1138601,1138601
E1,6,naive,val,mae,0.069960668633235,0.21248770894788588,2.092395935758767,2.022435267125532,735,0,249165,249165
E1,6,naive,val,rmse,0.15176223615626244,0.5072558402507163,8.965932552137883,8.81417031598162,735,0,249165,249165
E1,6,naive,val,smape,3.9890169037529324,7.65145889724802,15.296425373492237,11.307408469739304,735,0,249165,249165
E1,6,naive,val,mase,0.5283852080815464,0.8555239171181529,1.2923746781088674,0.763989470027321,735,0,249165,249165
E1,6,naive,val,r2,-1.0160455758093905,-0.6770346320249541,0.3105985944160499,1.3266441702254403,730,5,249165,249165
E1,6,seasonal,test,mae,0.19894916911045946,0.6005301150462441,13.490272473941829,13.29132330483137,735,0,250635,250635
E1,6,seasonal,test,rmse,0.36750462968822406,1.315610462690445,23.435378100464398,23.067873470776174,735,0,250635,250635
E1,6,seasonal,test,smape,9.05140909640785,20.662545515852685,97.34895650608544,88.29754740967759,735,0,250635,250635
E1,6,seasonal,test,mase,1.2062391018080958,2.020987061748379,4.937843702599956,3.73160460079186,735,0,250635,250635
E1,6,seasonal,test,r2,-1.732513177161865,-1.030169132341181,-0.5047572009122452,1.2277559762496197,730,5,250635,250635
E1,6,seasonal,train,mae,0.21235222544379412,0.6992810174145531,12.775353654943943,12.563001429500149,735,0,944561,1138601
E1,6,seasonal,train,rmse,0.44574433140025016,1.7706850111944406,22.08282904587256,21.637084714472312,735,0,944561,1138601
E1,6,seasonal,train,smape,10.524431149123853,21.341538051343253,76.20284084521674,65.67840969609288,735,0,944561,1138601
E1,6,seasonal,train,mase,1.4542970223501381,2.135202013617619,3.779653410385724,2.325356388035586,735,0,944561,1138601
E1,6,seasonal,train,r2,-1.132520725589227,-0.9306006246682286,-0.6228903110067202,0.5096304145825067,735,0,944561,1138601
E1,6,seasonal,val,mae,0.11431849042468514,0.34618626211546566,6.114196165191741,5.999877674767056,735,0,249165,249165
E1,6,seasonal,val,rmse,0.2595790873223011,0.7218725816100987,14.613521616540888,14.353942529218587,735,0,249165,249165
E1,6,seasonal,val,smape,5.729376339408428,14.183874736032376,41.04647020803391,35.317093868625484,735,0,249165,249165
E1,6,seasonal,val,mase,0.7841024077361824,1.2341725035213245,2.407038526067384,1.6229361183312014,735,0,249165,249165
E1,6,seasonal,val,r2,-3.690648529067083,-1.3600754931333565,-0.7497994285647928,2.94084910050229,730,5,249165,249165
E1,12,ma6,test,mae,0.13475584738644442,0.4558156188753204,7.014531919158785,6.879776071772341,735,0,246225,246225
E1,12,ma6,test,rmse,0.25931130352537,1.111426364895347,18.408990122321168,18.1496788187958,735,0,246225,246225
E1,12,ma6,test,smape,6.535508924229029,14.520183317041008,40.84452363809564,34.30901471386661,735,0,246225,246225
E1,12,ma6,test,mase,0.9561140462782469,1.3962930465551435,2.814811180505779,1.858697134227532,735,0,246225,246225
E1,12,ma6,test,r2,-0.23899562694093424,-0.13274314124210906,0.1506119610582942,0.38960758799922846,730,5,246225,246225
E1,12,ma6,train,mae,0.13019935272473346,0.41868470174307737,6.129561775294643,5.99936242256991,735,0,1134191,1134191
E1,12,ma6,train,rmse,0.32202931022425774,1.0573271193617637,16.537767535884548,16.21573822566029,735,0,1134191,1134191
E1,12,ma6,train,smape,6.492119420087951,13.908301254599237,34.30585830202178,27.81373888193383,735,0,1134191,1134191
E1,12,ma6,train,mase,1.0265683409886854,1.3128922503687812,2.2211460588811525,1.194577717892467,735,0,1134191,1134191
E1,12,ma6,train,r2,-0.158648023046559,-0.005821891264492729,0.27576608807317876,0.43441411111973777,735,0,1134191,1134191
E1,12,ma6,val,mae,0.07305221888555216,0.20346775346775348,3.005146813480147,2.932094594594595,735,0,244755,244755
E1,12,ma6,val,rmse,0.12777957214133212,0.41183224488565384,9.52158355771682,9.393803985575488,735,0,244755,244755
E1,12,ma6,val,smape,3.9216191663682,9.078671882699986,26.96281236601576,23.041193199647562,735,0,244755,244755
E1,12,ma6,val,mase,0.5497752107578748,0.8577269155258321,1.5548503162185279,1.005075105460653,735,0,244755,244755
E1,12,ma6,val,r2,-0.24608479251502707,-0.14846664529314868,0.11376871969167071,0.3598535122066978,730,5,244755,244755
E1,12,naive,test,mae,0.10283582089552243,0.44935323383084574,6.719764812302126,6.616928991406604,735,0,246225,246225
E1,12,naive,test,rmse,0.2839079742425555,1.3775528088946472,17.873999694673202,17.590091720430646,735,0,246225,246225
E1,12,naive,test,smape,4.775572239312652,11.545993866828844,35.26282099276322,30.487248753450565,735,0,246225,246225
E1,12,naive,test,mase,0.7980182576452111,1.3996912177458785,2.695994217063193,1.897975959417982,735,0,246225,246225
E1,12,naive,test,r2,-0.8623637726485143,-0.36435088991195275,0.20255600911904084,1.064919781767555,730,5,246225,246225
E1,12,naive,train,mae,0.10822672991137458,0.4065612158569011,5.5665359281158775,5.458309198204503,735,0,1134191,1134191
E1,12,naive,train,rmse,0.3658343572323268,1.2311766896048648,15.606716378071795,15.240882020839468,735,0,1134191,1134191
E1,12,naive,train,smape,4.812573317747253,11.215060369065597,28.41267706210969,23.600103744362436,735,0,1134191,1134191
E1,12,naive,train,mase,0.9146705456304491,1.2855221348579695,2.139071085644117,1.224400540013668,735,0,1134191,1134191
E1,12,naive,train,r2,-0.7241127632063354,-0.21498231786975874,0.2587620672224331,0.9828748304287686,735,0,1134191,1134191
E1,12,naive,val,mae,0.04961211211211211,0.1865865865865866,2.7070785070785073,2.657466394966395,735,0,244755,244755
E1,12,naive,val,rmse,0.13387333229569157,0.4755786950795386,9.521536337092547,9.387663004796856,735,0,244755,244755
E1,12,naive,val,smape,2.730372045024013,6.433075402297868,21.388538139388913,18.6581660943649,735,0,244755,244755
E1,12,naive,val,mase,0.3527071238564056,0.7301983970998956,1.3995751208339442,1.0468679969775385,735,0,244755,244755
E1,12,naive,val,r2,-0.7645753608465076,-0.21684019224254547,0.42282031220536737,1.1873956730518749,730,5,244755,244755
E1,12,seasonal,test,mae,0.1804145936981758,0.5817812722103767,13.306924307036248,13.126509713338072,735,0,246225,246225
E1,12,seasonal,test,rmse,0.3557874103916361,1.3108755445123932,23.28632562955037,22.930538219158734,735,0,246225,246225
E1,12,seasonal,test,smape,7.971153513866833,20.01790560928047,92.38389596034608,84.41274244647924,735,0,246225,246225
E1,12,seasonal,test,mase,1.1193873169679343,1.9214194378612843,5.017434115569048,3.898046798601114,735,0,246225,246225
E1,12,seasonal,test,r2,-1.6598809831819283,-0.8908985499526633,-0.37931125701972096,1.2805697261622073,730,5,246225,246225
E1,12,seasonal,train,mae,0.1921512049941928,0.6572354094076656,13.120299796747968,12.928148591753775,735,0,940151,1134191
E1,12,seasonal,train,rmse,0.4401522269339928,1.7657333303098002,23.667907096698706,23.227754869764713,735,0,940151,1134191
E1,12,seasonal,train,smape,9.340547554846784,19.862796114488553,75.40912530483763,66.06857774999085,735,0,940151,1134191
E1,12,seasonal,train,mase,1.3040956297515762,2.088892164112715,4.003907678294848,2.6998120485432713,735,0,940151,1134191
E1,12,seasonal,train,r2,-1.2103077043198036,-0.9340296348705028,-0.4279920648986072,0.7823156394211964,735,0,940151,1134191
E1,12,seasonal,val,mae,0.09226309642976312,0.3283998283998284,6.327529315029315,6.235266218599552,735,0,244755,244755
E1,12,seasonal,val,rmse,0.25219410842753653,0.6925625171195959,15.718836571536839,15.466642463109302,735,0,244755,244755
E1,12,seasonal,val,smape,4.352685931993836,13.306185671077305,40.85166576765104,36.49897983565721,735,0,244755,244755
E1,12,seasonal,val,mase,0.6509287337318057,1.1185919394331691,2.697573704415562,2.046644970683756,735,0,244755,244755
E1,12,seasonal,val,r2,-3.3585982792206233,-1.3280107883430095,-0.7272569590865011,2.6313413201341223,730,5,244755,244755
E2,1,ma6,test,mae,0.1538527043765483,0.40998314065510594,2.6727288627397012,2.518876158363153,302,0,104492,104492
E2,1,ma6,test,rmse,0.2909994948619503,1.0725498450752826,6.942744540006254,6.651745045144304,302,0,104492,104492
E2,1,ma6,test,smape,5.641191225657653,12.64980019928802,27.62023059027881,21.979039364621155,302,0,104492,104492
E2,1,ma6,test,mase,0.7833682804904883,1.131888108743642,2.344000779279049,1.5606324987885607,302,0,104492,104492
E2,1,ma6,test,r2,-0.20190302124239984,-0.0653761582364315,0.351984499613185,0.5538875208555849,302,0,104492,104492
E2,1,ma6,train,mae,0.15175045354595335,0.3965664528949629,1.386928749032717,1.2351782954867636,302,0,469502,469502
E2,1,ma6,train,rmse,0.39024522989803057,1.0911233177110677,5.407226461616425,5.016981231718394,302,0,469502,469502
E2,1,ma6,train,smape,5.841598984547978,10.397041316694311,19.956236572557046,14.114637588009067,302,0,469502,469502
E2,1,ma6,train,mase,0.872688344265542,1.088809747038693,1.6939369635951786,0.8212486193296367,302,0,469502,469502
E2,1,ma6,train,r2,-0.12066850784772182,0.172109761306737,0.5694889211129488,0.6901574289606707,302,0,469502,469502
E2,1,ma6,val,mae,0.11571382428940562,0.41864502583979335,2.0316577842377264,1.9159439599483208,302,0,103888,103888
E2,1,ma6,val,rmse,0.2176291704342761,0.8949258760722539,5.437765873239039,5.220136702804763,302,0,103888,103888
E2,1,ma6,val,smape,5.268111938741736,11.220485636852823,26.15193707198115,20.883825133239412,302,0,103888,103888
E2,1,ma6,val,mase,0.7336952412636281,1.0870643489401626,2.6305684829109817,1.8968732416473535,302,0,103888,103888
E2,1,ma6,val,r2,-0.18969558937157993,-0.009905276368388005,0.32954161778304314,0.5192372071546231,302,0,103888,103888
E2,1,naive,test,mae,0.14935143132397466,0.4140311037709882,1.5524841728598955,1.403132741535921,302,0,104492,104492
E2,1,naive,test,rmse,0.3539186649903049,1.1163320988389458,4.6168510883349025,4.262932423344598,302,0,104492,104492
E2,1,naive,test,smape,5.133720752279617,10.84516067824362,19.90302285768643,14.769302105406814,302,0,104492,104492
E2,1,naive,test,mase,0.8403180781954053,1.0366111468479566,1.5005089953693287,0.6601909171739234,302,0,104492,104492
E2,1,naive,test,r2,-0.7968314539756255,-0.07103023744406856,0.628646891282471,1.4254783452580964,302,0,104492,104492
E2,1,naive,train,mae,0.16460564881305795,0.33194035938802463,0.8736954217302154,0.7090897729171575,302,0,469502,469502
E2,1,naive,train,rmse,0.456651314991145,1.2046789778529925,3.896756753070994,3.440105438079849,302,0,469502,469502
E2,1,naive,train,smape,5.177503644602881,9.089177375854891,16.567836827914867,11.390333183311986,302,0,469502,469502
E2,1,naive,train,mase,0.9905182454508886,1.0020069366684883,1.009022413273541,0.018504167822652406,302,0,469502,469502
E2,1,naive,train,r2,-0.709473540663254,0.2526347508098704,0.8107142305328825,1.5201877711961365,302,0,469502,469502
E2,1,naive,val,mae,0.1260619588744589,0.366812015503876,1.3789345344577901,1.2528725755833312,302,0,103888,103888
E2,1,naive,val,rmse,0.2568537380093066,0.8818073028338951,4.364574510655579,4.107720772646273,302,0,103888,103888
E2,1,naive,val,smape,4.872283203723416,10.186258385127234,21.794333309334238,16.922050105610822,302,0,103888,103888
E2,1,naive,val,mase,0.8023646010486211,0.9938857749392475,1.4889902992290556,0.6866256981804345,302,0,103888,103888
E2,1,naive,val,r2,-0.8191601568006556,0.07676517145039036,0.6490138574458819,1.4681740142465376,302,0,103888,103888
E2,1,seasonal,test,mae,0.23143493669143958,0.5996881881365262,3.6570247691454343,3.4255898324539946,302,0,104492,104492
E2,1,seasonal,test,rmse,0.4327348549244975,1.310730097897849,8.944734444010859,8.511999589086361,302,0,104492,104492
E2,1,seasonal,test,smape,9.607966616482017,18.949948043822516,46.64013501517019,37.03216839868817,302,0,104492,104492
E2,1,seasonal,test,mase,1.0312831008141004,1.736112451523507,3.617974395622676,2.586691294808576,302,0,104492,104492
E2,1,seasonal,test,r2,-1.4779786944172528,-0.8953840406387032,-0.2338242989170905,1.2441543955001624,302,0,104492,104492
E2,1,seasonal,train,mae,0.21393382565125998,0.6193733116290334,2.658893683543468,2.444959857892208,302,0,387636,469502
E2,1,seasonal,train,rmse,0.5198956631973779,1.774309531813735,7.884752498308131,7.3648568351107535,302,0,387636,469502
E2,1,seasonal,train,smape,8.864967693652567,17.038706959021482,43.47048627527075,34.605518581618185,302,0,387636,469502
E2,1,seasonal,train,mase,1.106518467528744,1.5292777444292327,3.655184538387452,2.548666070858708,302,0,387636,469502
E2,1,seasonal,train,r2,-1.3565665842592085,-0.9165740756540535,-0.587367813861803,0.7691987703974055,302,0,387636,469502
E2,1,seasonal,val,mae,0.17507739353669585,0.5338101739991274,2.383812638427464,2.208735244890768,302,0,103879,103888
E2,1,seasonal,val,rmse,0.3383794849178838,1.1337576584438989,6.46173049863072,6.123351013712837,302,0,103879,103888
E2,1,seasonal,val,smape,7.713891564828957,17.971472363382905,37.939840037251166,30.22594847242221,302,0,103879,103888
E2,1,seasonal,val,mase,0.8114728325568146,1.428068912839732,3.466489444996937,2.6550166124401224,302,0,103879,103888
E2,1,seasonal,val,r2,-1.4362112033434815,-0.7110602868195932,-0.021932514237719247,1.4142786891057622,302,0,103879,103888
E2,6,ma6,test,mae,0.15022866918028244,0.4466136014523111,3.516106921752083,3.3658782525718003,302,0,102982,102982
E2,6,ma6,test,rmse,0.2960420181378536,1.1030950260519925,9.174840444790604,8.87879842665275,302,0,102982,102982
E2,6,ma6,test,smape,5.942399536947526,14.136673558714115,32.393437994689435,26.45103845774191,302,0,102982,102982
E2,6,ma6,test,mase,0.7835085387753631,1.2940617002637738,2.840736542625937,2.0572280038505735,302,0,102982,102982
E2,6,ma6,test,r2,-0.2241353708845661,-0.08159483828984815,0.09506887430628161,0.31920424519084767,302,0,102982,102982
E2,6,ma6,train,mae,0.14984726489161976,0.43804484681065403,1.9265182956956894,1.7766710308040696,302,0,466681,466681
E2,6,ma6,train,rmse,0.4106914913011259,1.2394764690422588,7.6351068241298305,7.224415332828705,302,0,466681,466681
E2,6,ma6,train,smape,6.230840908364275,11.140002544776188,22.043733521924267,15.812892613559992,302,0,466681,466681
E2,6,ma6,train,mase,0.8675041677691453,1.1933304469091204,2.274621609791551,1.4071174420224055,302,0,466681,466681
E2,6,ma6,train,r2,-0.18145956044693667,-0.040144792512347593,0.3374097918283358,0.5188693522752725,302,0,466681,466681
E2,6,ma6,val,mae,0.11870698131760082,0.44256990141945884,2.616605211406096,2.497898230088495,302,0,102378,102378
E2,6,ma6,val,rmse,0.2324279430273654,1.0060242791098197,7.1386586205089175,6.9062306774815525,302,0,102378,102378
E2,6,ma6,val,smape,5.704781341571053,12.73297903559516,28.776574979189373,23.07179363761832,302,0,102378,102378
E2,6,ma6,val,mase,0.7231744061144134,1.1907328074152268,2.9793321863341857,2.2561577802197723,302,0,102378,102378
E2,6,ma6,val,r2,-0.2569154610635385,-0.08804536933118123,0.10466120532257694,0.36157666638611546,302,0,102378,102378
E2,6,naive,test,mae,0.17035504817762884,0.48079877112135183,3.1865870688451334,3.0162320206675046,302,0,102982,102982
E2,6,naive,test,rmse,0.36754369496533335,1.3919800593738558,9.145744634868167,8.778200939902835,302,0,102982,102982
E2,6,naive,test,smape,6.234226986774637,14.040678358325197,28.015010377143867,21.78078339036923,302,0,102982,102982
E2,6,naive,test,mase,0.9502681275515148,1.3738582862275623,2.7237365917698964,1.7734684642183816,302,0,102982,102982
E2,6,naive,test,r2,-1.0212537378616848,-0.7373032450367851,-0.033434052090598854,0.9878196857710859,302,0,102982,102982
E2,6,naive,train,mae,0.16342636270100339,0.48220293992695107,1.6916441078156679,1.5282177451146646,302,0,466681,466681
E2,6,naive,train,rmse,0.4887850635867362,1.4223492254929926,6.9541785322623415,6.465393468675606,302,0,466681,466681
E2,6,naive,train,smape,6.00292617740357,10.033038688597099,19.429625388065862,13.426699210662292,302,0,466681,466681
E2,6,naive,train,mase,1.0070996574546038,1.274832912350953,2.005031901648829,0.9979322441942253,302,0,466681,466681
E2,6,naive,train,r2,-0.861046351551737,-0.3729496695329293,0.2945883980552795,1.1556347496070165,302,0,466681,466681
E2,6,naive,val,mae,0.1411903883972468,0.4691248770894789,2.3469764011799414,2.2057860127826947,302,0,102378,102378
E2,6,naive,val,rmse,0.2747359815722336,1.1643710252780395,6.811945091737831,6.537209110165597,302,0,102378,102378
E2,6,naive,val,smape,6.038152912742623,12.234098790620884,26.455205844543514,20.41705293180089,302,0,102378,102378
E2,6,naive,val,mase,0.8728867952124609,1.2430203715824675,3.230711297647552,2.357824502435091,302,0,102378,102378
E2,6,naive,val,r2,-0.9996071110092551,-0.6591045063692905,-0.09261452468194126,0.9069925863273138,302,0,102378,102378
E2,6,seasonal,test,mae,0.2320817623236978,0.7206605222734255,4.266275659824046,4.034193897500349,302,0,102982,102982
E2,6,seasonal,test,rmse,0.44108304139015364,1.525229579180075,10.274485962052399,9.833402920662245,302,0,102982,102982
E2,6,seasonal,test,smape,9.544368978193638,20.04752737341606,46.86031143323049,37.315942455036854,302,0,102982,102982
E2,6,seasonal,test,mase,1.075772205841881,2.0440250632691255,4.340616370864421,3.2648441650225397,302,0,102982,102982
E2,6,seasonal,test,r2,-1.6419523214204785,-1.0069625022384356,-0.4791392648780159,1.1628130565424626,302,0,102982,102982
E2,6,seasonal,train,mae,0.22138960617666414,0.6598940040567399,3.1445731424865664,2.923183536309902,302,0,384815,466681
E2,6,seasonal,train,rmse,0.5680875691859075,1.8695230960438298,9.486548287453385,8.918460718267477,302,0,384815,466681
E2,6,seasonal,train,smape,8.62420205273131,18.139613388517944,43.18918957639061,34.5649875236593,302,0,384815,466681
E2,6,seasonal,train,mase,1.2076500696919719,1.737051218838059,3.82025242244218,2.612602352750208,302,0,384815,466681
E2,6,seasonal,train,r2,-1.5235365797158118,-1.050348737845523,-0.8043918300409842,0.7191447496748276,302,0,384815,466681
E2,6,seasonal,val,mae,0.21587608863604435,0.6463372664700098,3.4496148803670925,3.233738791731048,302,0,102369,102378
E2,6,seasonal,val,rmse,0.4089401923532915,1.6171852103968916,7.459449442825785,7.050509250472493,302,0,102369,102378
E2,6,seasonal,val,smape,8.637163533641692,19.25876109604955,41.68071158275134,33.04354804910965,302,0,102369,102378
E2,6,seasonal,val,mase,1.0703344685075729,1.7421320376589957,3.456439834943343,2.3861053664357703,302,0,102369,102378
E2,6,seasonal,val,r2,-1.9160630119306616,-1.112350507741135,-0.6386165654446947,1.277446446485967,302,0,102369,102378
E2,12,ma6,test,mae,0.16513651978204213,0.46329212454212454,3.7987183131959252,3.633581793413883,302,0,101170,101170
E2,12,ma6,test,rmse,0.29693085856504914,1.1148629896239068,10.037563421214678,9.740632562649628,302,0,101170,101170
E2,12,ma6,test,smape,6.497973271285784,15.344176068900493,38.22842538369924,31.730452112413456,302,0,101170,101170
E2,12,ma6,test,mase,0.841735849432535,1.3688155294830273,3.197542629579294,2.355806780146759,302,0,101170,101170
E2,12,ma6,test,r2,-0.3587782642985221,-0.18768462018476662,-0.049164536903482436,0.3096137273950397,302,0,101170,101170
E2,12,ma6,train,mae,0.16004207274446913,0.4599910040275085,2.2882020430099033,2.1281599702654344,302,0,464338,464338
E2,12,ma6,train,rmse,0.42013613987815157,1.2961663296204344,8.696601272154556,8.276465132276405,302,0,464338,464338
E2,12,ma6,train,smape,6.8713187667317985,12.612605586590266,24.006675160754927,17.135356394023127,302,0,464338,464338
E2,12,ma6,train,mase,0.9253383867888707,1.2745179378823002,2.4667148030889,1.5413764163000292,302,0,464338,464338
E2,12,ma6,train,r2,-0.3056436995346689,-0.13407869529445693,0.1976606980376395,0.5033043975723084,302,0,464338,464338
E2,12,ma6,val,mae,0.13027979902979897,0.450955121788455,2.9621058558558566,2.8318260568260576,302,0,100566,100566
E2,12,ma6,val,rmse,0.2384071238030363,1.0334144044673717,7.685005963146667,7.446598839343631,302,0,100566,100566
E2,12,ma6,val,smape,6.448749474659974,13.910155477727534,32.43405564743234,25.985306172772365,302,0,100566,100566
E2,12,ma6,val,mase,0.7571703023252782,1.351627971888246,3.417695135720593,2.660524833395315,302,0,100566,100566
E2,12,ma6,val,r2,-0.3482264916642053,-0.1939464362093205,-0.04229736815255758,0.3059291235116477,302,0,100566,100566
E2,12,naive,test,mae,0.15141531354217924,0.46491826581378815,3.6815778251599145,3.530162511617735,302,0,101170,101170
E2,12,naive,test,rmse,0.3570362657796322,1.3867216185280946,10.209596025791651,9.852559760012019,302,0,101170,101170
E2,12,naive,test,smape,5.216072626749324,12.704738274578315,31.943407258534613,26.72733463178529,302,0,101170,101170
E2,12,naive,test,mase,0.7595636446503289,1.4399804305765174,3.1728939575492205,2.413330312898892,302,0,101170,101170
E2,12,naive,test,r2,-0.951576306542724,-0.6168209223160894,-0.06840457287688811,0.8831717336658358,302,0,101170,101170
E2,12,naive,train,mae,0.1523093366554928,0.4590482143763698,2.073263168080426,1.920953831424933,302,0,464338,464338
E2,12,naive,train,rmse,0.5113619288023676,1.4622815215327416,8.558991748356977,8.04762981955461,302,0,464338,464338
E2,12,naive,train,smape,5.166458196973261,10.467069740886322,19.363318603588315,14.196860406615054,302,0,464338,464338
E2,12,naive,train,mase,0.8485636574278985,1.250559356512184,2.3474500454766716,1.498886388048773,302,0,464338,464338
E2,12,naive,train,r2,-0.8701417798639999,-0.4475247297251479,0.156160051617655,1.0263018314816548,302,0,464338,464338
E2,12,naive,val,mae,0.12252252252252262,0.4546970046970047,2.646121121121121,2.5235985985985985,302,0,100566,100566
E2,12,naive,val,rmse,0.27734810574181523,1.1615801577466298,8.208802074469643,7.931453968727828,302,0,100566,100566
E2,12,naive,val,smape,5.52656793298185,12.49978303008568,27.50547119808588,21.97890326510403,302,0,100566,100566
E2,12,naive,val,mase,0.6853584107681168,1.2632194504926362,3.0369408967804645,2.3515824860123478,302,0,100566,100566
E2,12,naive,val,r2,-0.9723284170742093,-0.628628985284148,-0.054524381281845336,0.9178040357923639,302,0,100566,100566
E2,12,seasonal,test,mae,0.22177006606577498,0.6644314143567873,4.32600302061123,4.104232954545455,302,0,101170,101170
E2,12,seasonal,test,rmse,0.43775870978564946,1.5367172080573206,10.061076827298129,9.62331811751248,302,0,101170,101170
E2,12,seasonal,test,smape,8.760920030443096,19.570210254956773,47.398545771601796,38.6376257411587,302,0,101170,101170
E2,12,seasonal,test,mase,0.9817993200377956,1.9406669027521357,4.524870848324969,3.543071528287174,302,0,101170,101170
E2,12,seasonal,test,r2,-1.483669523618236,-0.94219188446899,-0.26703082594458794,1.216638697673648,302,0,101170,101170
E2,12,seasonal,train,mae,0.20648644363297974,0.6444762002306168,3.253010363253366,3.046523919620386,302,0,382472,464338
E2,12,seasonal,train,rmse,0.5683185786409487,1.88290585825695,9.898403841892392,9.330085263251444,302,0,382472,464338
E2,12,seasonal,train,smape,8.198028274226981,17.320745102762668,42.29849315298854,34.10046487876156,302,0,382472,464338
E2,12,seasonal,train,mase,1.0818900056428196,1.6925296222990278,3.896957571255324,2.8150675656125044,302,0,382472,464338
E2,12,seasonal,train,r2,-1.4972020077737627,-0.9323883532293482,-0.6132186066184686,0.8839834011552941,302,0,382472,464338
E2,12,seasonal,val,mae,0.20136496386496386,0.6337480337480337,3.8271588209088208,3.625793857043857,302,0,100557,100566
E2,12,seasonal,val,rmse,0.40024524513428456,1.6854811650308854,8.606199807357772,8.205954562223488,302,0,100557,100566
E2,12,seasonal,val,smape,8.680922393474939,19.100095627552193,43.648809791700714,34.96788739822578,302,0,100557,100566
E2,12,seasonal,val,mase,1.0083899426974328,1.7505915113632875,3.6288029969278415,2.6204130542304087,302,0,100557,100566
E2,12,seasonal,val,r2,-1.8367940825338982,-1.0591315266701076,-0.6443841946625106,1.1924098878713876,302,0,100557,100566
E3,1,ma6,test,mae,4.749803650062228,5.06576629737134,5.343694565525287,0.5938909154630592,497,1,171716,171716
E3,1,ma6,test,rmse,6.347088849648669,6.7725822806745235,7.410380823881188,1.063291974232519,497,1,171716,171716
E3,1,ma6,test,smape,10.945167820801771,12.560615332041259,14.442267785000892,3.497099964199121,497,1,171716,171716
E3,1,ma6,test,mase,1.0843291373453352,1.1560797778025578,1.2165569325330636,0.13222779518772843,497,1,171716,171716
E3,1,ma6,test,r2,0.5068256340909038,0.5646748217687418,0.7573496260358685,0.2505239919449648,497,1,171716,171716
E3,1,ma6,train,mae,4.908783688185666,5.20616830865328,5.459070547295019,0.5502868591093524,498,0,596549,596549
E3,1,ma6,train,rmse,6.45789083102445,6.886403830457689,7.273538813533743,0.8156479825092928,498,0,596549,596549
E3,1,ma6,train,smape,11.409663942908164,13.048273530575171,15.117209731066227,3.707545788158063,498,0,596549,596549
E3,1,ma6,train,mase,1.1487686665646133,1.1776002528248195,1.2061640646299263,0.05739539806531302,498,0,596549,596549
E3,1,ma6,train,r2,0.5758295422736033,0.6074082321767981,0.6361781125217565,0.06034857024815321,498,0,596549,596549
E3,1,ma6,val,mae,4.404677695874285,4.716790296712109,5.031888198342688,0.6272105024684036,497,1,169675,169675
E3,1,ma6,val,rmse,5.847019585839271,6.346552976765904,6.783013002648636,0.9359934168093655,497,1,169675,169675
E3,1,ma6,val,smape,10.154925268625039,11.967986407441066,14.26000936487109,4.105084096246051,497,1,169675,169675
E3,1,ma6,val,mase,1.0244261246216462,1.0690283633761326,1.122873907128265,0.09844778250661879,497,1,169675,169675
E3,1,ma6,val,r2,0.640421248559618,0.6810648325291355,0.708919207073381,0.06849795851376295,497,1,169675,169675
E3,1,naive,test,mae,3.9700357995270292,4.295534398772086,4.526510880294463,0.5564750807674339,497,1,171716,171716
E3,1,naive,test,rmse,5.417410410733828,5.763078529762594,6.113433583437809,0.6960231727039812,497,1,171716,171716
E3,1,naive,test,smape,9.139480528881624,10.731463976725072,12.387164482071196,3.247683953189572,497,1,171716,171716
E3,1,naive,test,mase,0.9126073134974731,0.9642806844147827,1.021691351324008,0.10908403782653486,497,1,171716,171716
E3,1,naive,test,r2,0.6282119314434735,0.6750786883674674,0.8600235834197678,0.23181165197629428,497,1,171716,171716
E3,1,naive,train,mae,4.1417196709660455,4.414439622909304,4.640851968691397,0.4991322977253514,498,0,596549,596549
E3,1,naive,train,rmse,5.4607912578273226,5.849891451123141,6.233183408311703,0.7723921504843805,498,0,596549,596549
E3,1,naive,train,smape,9.702375377215336,11.108177041904893,13.055946221345359,3.3535708441300223,498,0,596549,596549
E3,1,naive,train,mase,0.9871213664255928,0.9965104373722822,1.005141960431839,0.018020594006246227,498,0,596549,596549
E3,1,naive,train,r2,0.688710492804155,0.7178078886625829,0.7387487611847018,0.05003826838054681,498,0,596549,596549
E3,1,naive,val,mae,3.8593624699278264,4.127218658112803,4.363503360446023,0.5041408905181965,497,1,169675,169675
E3,1,naive,val,rmse,5.100582783174434,5.487758222092527,5.878004836642752,0.7774220534683183,497,1,169675,169675
E3,1,naive,val,smape,8.996288225437114,10.448688586014686,12.440987533055981,3.4446993076188672,497,1,169675,169675
E3,1,naive,val,mase,0.8995584047530485,0.9342217790514565,0.9728017396942414,0.07324333494119295,497,1,169675,169675
E3,1,naive,val,r2,0.722868207696534,0.7569951048114167,0.7838809467991144,0.061012739102580316,497,1,169675,169675
E3,1,seasonal,test,mae,6.691305085813738,7.352796566082352,11.315531460221834,4.624226374408096,497,1,170986,171716
E3,1,seasonal,test,rmse,8.557767920721663,9.506436876001723,17.868304950676293,9.31053702995463,497,1,170986,171716
E3,1,seasonal,test,smape,16.266229986073665,19.97106637064108,25.9689168640858,9.702686878012134,497,1,170986,171716
E3,1,seasonal,test,mase,1.5371925879826964,1.6722166388410462,2.6123318186736446,1.0751392306909482,497,1,170986,171716
E3,1,seasonal,test,r2,-0.38610962559174267,0.031849828935857416,0.21135552697593085,0.5974651525676735,497,1,170986,171716
E3,1,seasonal,train,mae,7.107288047704507,7.598697620677434,8.261913797567265,1.1546257498627588,498,0,485239,596549
E3,1,seasonal,train,rmse,9.219553673584583,9.948440210097043,10.796358189606552,1.5768045160219692,498,0,485239,596549
E3,1,seasonal,train,smape,16.25124670935168,18.7956340197194,22.441297500430167,6.190050791078487,498,0,485239,596549
E3,1,seasonal,train,mase,1.657341580779108,1.7349639644716204,1.8223575232634366,0.1650159424843285,498,0,485239,596549
E3,1,seasonal,train,r2,0.09402671170544463,0.1886982177701934,0.25902939126395885,0.16500267955851422,498,0,485239,596549
E3,1,seasonal,val,mae,6.8055435724309765,7.385302917420488,8.037499801109965,1.231956228678988,496,2,169647,169675
E3,1,seasonal,val,rmse,8.829179810798554,9.613900045671546,10.45938497869772,1.6302051678991667,496,2,169647,169675
E3,1,seasonal,val,smape,17.063844301625053,19.887688097538053,23.402223747476132,6.3383794458510785,496,2,169647,169675
E3,1,seasonal,val,mase,1.5535644984532369,1.68304558889052,1.834316994196756,0.28075249574351924,496,2,169647,169675
E3,1,seasonal,val,r2,0.13214553843917048,0.24244909011049842,0.344041585334273,0.2118960468951025,496,2,169647,169675
E3,6,ma6,test,mae,5.4812972212261855,5.908679851405509,6.384683759036873,0.9033865378106878,497,1,169209,169209
E3,6,ma6,test,rmse,7.26243755726358,7.851596735704417,9.204468858349063,1.9420313010854828,497,1,169209,169209
E3,6,ma6,test,smape,12.49783881924162,14.517608269728195,16.83996098122448,4.342122161982859,497,1,169209,169209
E3,6,ma6,test,mase,1.2526205994525772,1.3534966856096435,1.4627846208211637,0.21016402136858647,497,1,169209,169209
E3,6,ma6,test,r2,0.34708190029128405,0.42896654632934195,0.568991822050126,0.22190992175884194,497,1,169209,169209
E3,6,ma6,train,mae,5.758999580482259,6.109771832295546,6.4293213058762015,0.6703217253939426,498,0,584598,584598
E3,6,ma6,train,rmse,7.657765727913276,8.124257766924135,8.6246922064305,0.9669264785172249,498,0,584598,584598
E3,6,ma6,train,smape,13.163054098511502,15.113438036889008,17.567562233101224,4.404508134589722,498,0,584598,584598
E3,6,ma6,train,mase,1.3471766846203586,1.3878065558395642,1.4271410412130878,0.07996435659272927,498,0,584598,584598
E3,6,ma6,train,r2,0.40956267112888267,0.4507885632388923,0.4873335521768146,0.07777088104793195,498,0,584598,584598
E3,6,ma6,val,mae,5.342826434092969,5.749115690083038,6.132614236146431,0.7897878020534614,497,1,167127,167127
E3,6,ma6,val,rmse,7.0158038828696085,7.565480407932586,8.157095116869538,1.1412912339999295,497,1,167127,167127
E3,6,ma6,val,smape,12.31761562385181,14.48702982092897,17.25720241890562,4.9395867950538115,497,1,167127,167127
E3,6,ma6,val,mase,1.2363468223685978,1.2982961012893204,1.3727877204697079,0.13644089810111004,497,1,167127,167127
E3,6,ma6,val,r2,0.4843829347077555,0.5395652658201032,0.5831552372138524,0.09877230250609692,497,1,167127,167127
E3,6,naive,test,mae,6.09421915480338,6.508720663903487,6.882027785455243,0.7878086306518632,497,1,169209,169209
E3,6,naive,test,rmse,8.160487858478517,8.769037575571055,9.573329038042552,1.412841179564035,497,1,169209,169209
E3,6,naive,test,smape,13.934352049443113,15.942816991101255,18.34479586590525,4.410443816462138,497,1,169209,169209
E3,6,naive,test,mase,1.3815355835305874,1.4844202205694677,1.5774947438434206,0.19595916031283322,497,1,169209,169209
E3,6,naive,test,r2,0.1895962572334864,0.28558392985782777,0.5936796121223067,0.4040833548888203,497,1,169209,169209
E3,6,naive,train,mae,6.268610922060948,6.675105593528017,6.977456706349125,0.7088457842881768,498,0,584598,584598
E3,6,naive,train,rmse,8.247802001276698,8.763315969820054,9.26845924558323,1.0206572443065323,498,0,584598,584598
E3,6,naive,train,smape,14.35947736099337,16.562953957785368,19.209461980355613,4.8499846193622425,498,0,584598,584598
E3,6,naive,train,mase,1.4668902295759199,1.5052950722589227,1.5437534641413575,0.07686323456543764,498,0,584598,584598
E3,6,naive,train,r2,0.3138743927305301,0.3659838037680981,0.40833434480980757,0.09445995207927749,498,0,584598,584598
E3,6,naive,val,mae,5.565671515274811,5.963096327942224,6.37100667955108,0.8053351642762685,497,1,167127,167127
E3,6,naive,val,rmse,7.373006860258737,8.030279240527735,8.63024751804834,1.2572406577896018,497,1,167127,167127
E3,6,naive,val,smape,12.71138123689674,15.002196061216333,17.78585788319859,5.074476646301852,497,1,167127,167127
E3,6,naive,val,mase,1.294316694174079,1.3528806555626678,1.422671435516325,0.12835474134224611,497,1,167127,167127
E3,6,naive,val,r2,0.4245991373727659,0.48722566431727854,0.5357646720316156,0.11116553465884971,497,1,167127,167127
E3,6,seasonal,test,mae,7.024329594225878,7.764345332953728,11.671995187269554,4.647665593043675,497,1,168484,169209
E3,6,seasonal,test,rmse,8.865107120010862,9.862350790804824,17.902632271175264,9.037525151164402,497,1,168484,169209
E3,6,seasonal,test,smape,16.902860686812616,21.089289288175564,27.11602446748972,10.213163780677103,497,1,168484,169209
E3,6,seasonal,test,mase,1.6260141826412449,1.747159670533888,2.778717298373658,1.1527031157324132,497,1,168484,169209
E3,6,seasonal,test,r2,-0.40294703282883737,-0.01763323936076211,0.16150299539153556,0.5644500282203729,497,1,168484,169209
E3,6,seasonal,train,mae,7.513871567354648,8.050646486028285,8.738283921434684,1.2244123540800365,498,0,479850,584598
E3,6,seasonal,train,rmse,9.63883288716751,10.364048591487116,11.244092957820294,1.6052600706527844,498,0,479850,584598
E3,6,seasonal,train,smape,17.3437682938109,20.112884954779414,23.642087971978583,6.298319678167683,498,0,479850,584598
E3,6,seasonal,train,mase,1.7440580853792107,1.8389962204656967,1.9225949665279745,0.17853688114876376,498,0,479850,584598
E3,6,seasonal,train,r2,0.026696369731825098,0.11713177801039071,0.19323819387955415,0.16654182414772906,498,0,479850,584598
E3,6,seasonal,val,mae,7.324812364677332,7.929303926839783,8.548547563028432,1.2237351983510996,496,2,167104,167127
E3,6,seasonal,val,rmse,9.603107715715185,10.265650607582515,11.111746005744326,1.5086382900291415,496,2,167104,167127
E3,6,seasonal,val,smape,17.99492333463939,20.791379215554542,24.475964896992117,6.4810415623527255,496,2,167104,167127
E3,6,seasonal,val,mase,1.6724907663381625,1.8040551717853148,1.9516868465089159,0.27919608017075337,496,2,167104,167127
E3,6,seasonal,val,r2,0.02916122176420108,0.13885408378523678,0.24038007551008886,0.21121885374588778,496,2,167104,167127
E3,12,ma6,test,mae,6.314665400220645,6.821390907131799,7.635122457111312,1.3204570568906675,497,1,166203,166203
E3,12,ma6,test,rmse,8.203507676399992,8.87129606671091,11.03946087646361,2.835953200063617,497,1,166203,166203
E3,12,ma6,test,smape,14.523016442185407,16.714469928423885,19.803672480511192,5.280656038325786,497,1,166203,166203
E3,12,ma6,test,mase,1.4465546633389994,1.5826409042374359,1.7707403359745515,0.3241856726355521,497,1,166203,166203
E3,12,ma6,test,r2,0.17306142070758623,0.27204721919941954,0.38896652638017015,0.21590510567258392,497,1,166203,166203
E3,12,ma6,train,mae,6.596279799431181,7.007848987428922,7.4165920077435175,0.8203122083123366,498,0,575245,575245
E3,12,ma6,train,rmse,8.785119366970484,9.370690126499422,9.862645412470387,1.0775260454999032,498,0,575245,575245
E3,12,ma6,train,smape,14.863465312441853,17.158038906929548,19.956376032162403,5.09291071972055,498,0,575245,575245
E3,12,ma6,train,mase,1.5384997542774512,1.5867190265772353,1.644586671395125,0.1060869171176737,498,0,575245,575245
E3,12,ma6,train,r2,0.2243182165603018,0.27505114111834705,0.32915354701317856,0.10483533045287677,498,0,575245,575245
E3,12,ma6,val,mae,5.994712888175532,6.4418347329266865,6.833649351321766,0.8389364631462337,496,2,164102,164102
E3,12,ma6,val,rmse,7.983162120003448,8.564418743422793,9.113395670226158,1.1302335502227097,496,2,164102,164102
E3,12,ma6,val,smape,13.96042251132625,16.05842421437997,19.158350370808478,5.197927859482228,496,2,164102,164102
E3,12,ma6,val,mase,1.3827039227647289,1.4597836032090443,1.5442363735057745,0.1615324507410456,496,2,164102,164102
E3,12,ma6,val,r2,0.35900857101197103,0.419774686784146,0.47694579274604615,0.11793722173407511,496,2,164102,164102
E3,12,naive,test,mae,6.511001105701592,7.027038242901766,7.636535104151676,1.1255339984500843,497,1,166203,166203
E3,12,naive,test,rmse,8.748969290108352,9.403386450492176,10.932976659384803,2.1840073692764506,497,1,166203,166203
E3,12,naive,test,smape,15.029792644330964,17.055551682784838,20.01504575704251,4.985253112711547,497,1,166203,166203
E3,12,naive,test,mase,1.497877857176389,1.6167033967689304,1.7644095649708307,0.2665317077944416,497,1,166203,166203
E3,12,naive,test,r2,0.06400394905706908,0.17760237276548474,0.39214280343419194,0.32813885437712287,497,1,166203,166203
E3,12,naive,train,mae,6.822004697788403,7.240648310592913,7.626330608978528,0.8043259111901255,498,0,575245,575245
E3,12,naive,train,rmse,9.034994718906287,9.651551561177989,10.199409597414641,1.1644148785083548,498,0,575245,575245
E3,12,naive,train,smape,15.31838505067903,17.71245091009038,20.512290753874016,5.193905703194986,498,0,575245,575245
E3,12,naive,train,mase,1.5934086886132648,1.6368637878903658,1.6865436918502958,0.09313500323703106,498,0,575245,575245
E3,12,naive,train,r2,0.17165447421654267,0.23241324409576186,0.28518769591775556,0.11353322170121288,498,0,575245,575245
E3,12,naive,val,mae,6.403645517438621,6.888384320280872,7.328432208891979,0.9247866914533578,496,2,164102,164102
E3,12,naive,val,rmse,8.459845477354161,9.099439170094602,9.752210344702318,1.292364867348157,496,2,164102,164102
E3,12,naive,val,smape,14.8132764561866,17.12835011661628,20.733070027249095,5.919793571062495,496,2,164102,164102
E3,12,naive,val,mase,1.4838715782857812,1.553631240551101,1.6381968560773614,0.15432527779158023,496,2,164102,164102
E3,12,naive,val,r2,0.26753248058061296,0.34355449058412896,0.40184463354401023,0.13431215296339727,496,2,164102,164102
E3,12,seasonal,test,mae,7.172804194680674,7.87776164648527,11.632942051562742,4.460137856882067,497,1,165484,166203
E3,12,seasonal,test,rmse,9.15607732005079,10.064433391868603,17.338436686600943,8.182359366550154,497,1,165484,166203
E3,12,seasonal,test,smape,17.192879837396887,21.036878180376657,26.809367837066674,9.616487999669786,497,1,165484,166203
E3,12,seasonal,test,mase,1.65220474992197,1.79600697260624,2.770897442805587,1.118692692883617,497,1,165484,166203
E3,12,seasonal,test,r2,-0.3934407423857853,-0.08964720041972396,0.09034534158421059,0.4837860839699959,497,1,165484,166203
E3,12,seasonal,train,mae,7.800745695159922,8.358088519409867,9.040504511511784,1.2397588163518627,498,0,474641,575245
E3,12,seasonal,train,rmse,10.138985324748937,10.897784089980409,11.791139568335907,1.6521542435869705,498,0,474641,575245
E3,12,seasonal,train,smape,17.75351424440462,20.527627938301332,24.17739201370169,6.423877769297071,498,0,474641,575245
E3,12,seasonal,train,mase,1.819279236962569,1.9098732268587666,1.998175701131177,0.17889646416860794,498,0,474641,575245
E3,12,seasonal,train,r2,-0.07712403896494985,0.022038817241100905,0.09925266705931837,0.17637670602426822,498,0,474641,575245
E3,12,seasonal,val,mae,7.418533188360774,7.920111244249175,8.595876424989992,1.177343236629218,496,2,164082,164102
E3,12,seasonal,val,rmse,9.750895922054053,10.397707463251827,11.136587991440347,1.3856920693862946,496,2,164082,164102
E3,12,seasonal,val,smape,17.746159262622395,20.752862190527384,24.27713260022325,6.530973337600855,496,2,164082,164102
E3,12,seasonal,val,mase,1.6771218765254279,1.8099952971743822,1.9508169284822303,0.27369505195680244,496,2,164082,164102
E3,12,seasonal,val,r2,0.010017038573288728,0.1344576830969299,0.22934230284449209,0.21932526427120336,496,2,164082,164102
