series_id,env,mean,std,n_diem,cv,cv_chan,ti_le_cham_chan
E1_1,E1,5.666917,20.75928,2304,3.663241,4.079985,0.897856
E1_100,E1,2.071489,0.139109,2304,0.067154,6.875642,0.009767
E1_1000,E1,3.354232,5.534199,2304,1.649915,5.367782,0.307374
E1_1002,E1,1.891522,0.338784,2304,0.179106,7.201908,0.024869
E1_1005,E1,18.280283,6.29346,2304,0.344276,2.114326,0.16283
E1_1006,E1,8.061697,3.696302,2304,0.458502,3.377031,0.135771
E1_1007,E1,17.5389,3.260751,2304,0.185915,2.16832,0.085742
E1_1017,E1,1.529115,0.55001,2304,0.359692,8.024793,0.044823
E1_102,E1,1.110486,0.581652,2304,0.523782,9.436665,0.055505
E1_1025,E1,6.53058,12.742501,2304,1.951205,3.783196,0.515756
E1_1036,E1,1.131721,6.159266,2304,5.442388,9.34671,0.582278
E1_1037,E1,1.159685,6.567551,2304,5.66322,9.232026,0.613432
E1_104,E1,2.111777,0.148771,2304,0.070448,6.80834,0.010347
E1_106,E1,1.508498,0.058808,2304,0.038984,8.080292,0.004825
E1_1063,E1,3.063535,5.289775,2304,1.72669,5.625124,0.30696
E1_107,E1,1.30621,0.099541,2304,0.076206,8.692373,0.008767
E1_1079,E1,1.786035,3.130846,2304,1.75296,7.415521,0.236391
E1_108,E1,1.067132,0.061677,2304,0.057797,9.628555,0.006003
E1_1081,E1,2.085481,0.782241,2304,0.375089,6.852049,0.054741
E1_1087,E1,1.04173,0.612257,2304,0.587731,9.746495,0.060302
E1_109,E1,1.042958,0.055488,2304,0.053203,9.740693,0.005462
E1_1091,E1,1.913596,3.909344,2304,2.04293,7.159443,0.285348
E1_11,E1,2.43656,4.379435,2304,1.797385,6.327833,0.284044
E1_110,E1,11.239041,27.98288,2304,2.489793,2.810259,0.885965
E1_111,E1,1.104307,0.081035,2304,0.073381,9.463327,0.007754
E1_112,E1,5.191484,2.499848,2304,0.481529,4.273443,0.112679
E1_113,E1,1.366486,2.564921,2031,1.877019,8.495904,0.220932
E1_114,E1,3.506176,1.164989,2304,0.332268,5.246056,0.063337
E1_115,E1,1.757778,0.964684,2304,0.548809,7.475962,0.07341
E1_116,E1,1.360047,0.135076,2304,0.099317,8.516272,0.011662
E1_1160,E1,1.376195,3.778165,2304,2.745371,8.465468,0.324302
E1_1167,E1,1.453958,4.279053,2304,2.943037,8.232726,0.35748
E1_117,E1,3.303221,0.505848,2304,0.153138,5.410497,0.028304
E1_118,E1,8.154334,3.415283,2304,0.41883,3.356101,0.124797
E1_1184,E1,1.214141,0.457086,2304,0.376469,9.020131,0.041737
E1_1188,E1,1.379129,4.318199,2304,3.131105,8.45633,0.370268
E1_119,E1,8.714281,4.334404,2304,0.497391,3.236575,0.153678
E1_12,E1,1.007329,0.188901,2304,0.187527,9.913246,0.018917
E1_120,E1,8.791847,4.647886,2304,0.528659,3.220896,0.164134
E1_1202,E1,2.014571,5.511931,2304,2.736032,6.974121,0.392312
E1_121,E1,3.015077,0.677789,2304,0.2248,5.671565,0.039636
E1_122,E1,2.269307,0.745308,2304,0.32843,6.562494,0.050046
E1_1220,E1,1.034335,0.453681,2304,0.438621,9.78164,0.044841
E1_1221,E1,1.030181,0.265083,2304,0.257317,9.801546,0.026253
E1_1225,E1,1.110375,0.330856,2304,0.297968,9.437141,0.031574
E1_1226,E1,9.81029,3.214877,2304,0.327705,3.032059,0.10808
E1_1227,E1,9.555288,0.844018,2304,0.08833,3.07659,0.02871
E1_1228,E1,8.888821,0.770265,2304,0.086655,3.201576,0.027067
E1_1229,E1,3.779906,6.261842,2304,1.656613,5.045363,0.328344
E1_123,E1,2.126241,1.400635,2304,0.658738,6.784641,0.097092
E1_1230,E1,5.542397,2.804938,2304,0.506088,4.128285,0.12259
E1_1233,E1,2.428067,3.306104,2304,1.36162,6.339166,0.214795
E1_124,E1,3.385877,0.508175,2304,0.150087,5.341764,0.028097
E1_125,E1,8.875554,4.766948,2304,0.537087,3.204201,0.16762
E1_126,E1,1.693926,0.140313,2304,0.082833,7.618036,0.010873
E1_127,E1,1.735128,0.105593,2304,0.060856,7.525466,0.008087
E1_128,E1,6.892428,0.77454,2304,0.112376,3.675415,0.030575
E1_129,E1,3.407078,2.119412,2304,0.622061,5.324534,0.116829
E1_131,E1,1.977056,0.386262,2304,0.195372,7.041326,0.027747
E1_132,E1,1.546752,0.130586,2304,0.084426,7.978197,0.010582
E1_133,E1,3.603513,0.070797,2304,0.019647,5.172108,0.003799
E1_134,E1,2.958602,2.064379,2304,0.697755,5.727106,0.121834
E1_135,E1,3.644286,0.210918,2304,0.057876,5.142005,0.011256
E1_136,E1,1.654614,0.233054,2304,0.140851,7.709542,0.01827
E1_137,E1,1.171272,0.118077,2304,0.100811,9.185711,0.010975
E1_138,E1,1.365106,0.228657,2304,0.167501,8.500258,0.019705
E1_139,E1,1.341363,0.153852,2304,0.114698,8.576189,0.013374
E1_140,E1,1.515791,0.124833,2304,0.082355,8.06053,0.010217
E1_142,E1,9.721092,13.955523,2304,1.435592,3.047443,0.471081
E1_143,E1,3.247918,0.798307,2304,0.24579,5.457926,0.045034
E1_144,E1,1.044432,0.076245,2304,0.073002,9.733748,0.0075
E1_145,E1,7.236179,2.73476,2304,0.377929,3.580426,0.105554
E1_146,E1,2.246197,0.314181,2304,0.139872,6.596946,0.021203
E1_147,E1,1.392627,0.665399,2304,0.477801,8.414675,0.056782
E1_148,E1,1.078843,0.176978,2304,0.164044,9.575587,0.017131
E1_149,E1,1.077622,3.302861,2304,3.064952,9.581069,0.319897
E1_15,E1,2.561392,0.491155,2304,0.191753,6.16776,0.03109
E1_150,E1,1.569987,4.097568,2304,2.609937,7.918004,0.329621
E1_155,E1,3.350996,0.774917,2304,0.23125,5.370463,0.04306
E1_156,E1,4.888834,4.088656,2304,0.836325,4.410757,0.18961
E1_157,E1,3.174445,3.199182,2053,1.007793,5.522823,0.182478
E1_159,E1,3.460604,0.619468,2304,0.179006,5.281731,0.033891
E1_160,E1,3.115993,0.293769,2304,0.094278,5.576065,0.016908
E1_164,E1,1.58465,0.258459,2304,0.163102,7.880699,0.020696
E1_165,E1,1.915017,0.242417,2304,0.126587,7.156734,0.017688
E1_166,E1,1.645595,0.28256,2304,0.171707,7.730997,0.02221
E1_167,E1,2.062124,0.329045,2304,0.159566,6.891566,0.023154
E1_168,E1,13.940029,0.918086,2304,0.06586,2.48467,0.026506
E1_172,E1,1.446511,0.467585,2304,0.32325,8.254202,0.039162
E1_174,E1,1.131961,0.235513,2304,0.208057,9.345709,0.022262
E1_176,E1,1.13006,0.319782,2304,0.282978,9.353658,0.030253
E1_177,E1,1.064259,0.216708,2304,0.203623,9.641686,0.021119
E1_180,E1,1.008066,0.447356,2304,0.443776,9.909584,0.044783
E1_183,E1,66.36802,42.947207,2304,0.647107,0.711864,0.909032
E1_184,E1,65.154166,42.8564,2304,0.657769,0.731315,0.899434
E1_185,E1,65.565391,42.546425,2304,0.648916,0.724703,0.895423
E1_186,E1,61.968425,44.323189,2304,0.715254,0.783406,0.913006
E1_187,E1,63.398278,42.235676,2304,0.666196,0.759822,0.876779
E1_188,E1,64.607803,44.195934,2304,0.684065,0.740136,0.924243
E1_189,E1,63.31919,43.498343,2304,0.686969,0.761118,0.90258
E1_190,E1,62.816649,43.153943,2304,0.686983,0.769373,0.892912
E1_191,E1,61.552537,42.821824,2304,0.695696,0.790334,0.880255
E1_192,E1,61.35001,43.729662,2304,0.71279,0.79372,0.898037
E1_193,E1,63.342858,43.393893,2304,0.685064,0.76073,0.900535
E1_194,E1,61.304355,43.336281,2304,0.706904,0.794484,0.889764
E1_195,E1,64.842555,44.853124,2304,0.691724,0.73634,0.939407
E1_196,E1,62.465736,44.497314,2304,0.712348,0.775163,0.918965
E1_197,E1,64.239344,43.86875,2304,0.682895,0.746109,0.915276
E1_198,E1,64.062569,43.890027,2304,0.685112,0.748982,0.914724
E1_199,E1,63.15158,43.781114,2304,0.69327,0.763866,0.907581
E1_200,E1,62.255135,43.147378,2304,0.693073,0.778648,0.890098
E1_201,E1,63.492098,43.381141,2304,0.683253,0.758287,0.901048
E1_202,E1,65.847522,43.807427,2304,0.665286,0.720181,0.923777
E1_203,E1,66.072659,43.011405,2304,0.650971,0.716579,0.908443
E1_204,E1,62.460431,43.362585,2304,0.694241,0.775251,0.895505
E1_205,E1,63.224274,44.743213,2304,0.70769,0.762674,0.927907
E1_206,E1,60.268565,44.598347,2304,0.739994,0.811936,0.911394
E1_207,E1,61.636913,44.774146,2304,0.726418,0.788926,0.920768
E1_208,E1,63.196539,44.093771,2304,0.697724,0.763129,0.914295
E1_209,E1,21.069868,37.451414,2304,1.777487,1.935488,0.918366
E1_210,E1,64.375039,44.741168,2304,0.695008,0.743907,0.934268
E1_211,E1,21.139881,37.996801,2304,1.797399,1.931423,0.930609
E1_212,E1,65.66281,44.231676,2304,0.673618,0.72314,0.931518
E1_213,E1,21.963066,38.68086,2304,1.761178,1.884966,0.934328
E1_214,E1,66.041355,44.454981,2304,0.673139,0.717079,0.938723
E1_215,E1,65.249486,44.447229,2304,0.681189,0.72978,0.933417
E1_216,E1,67.495845,42.703282,2304,0.63268,0.693954,0.911703
E1_217,E1,66.914253,43.401318,2304,0.648611,0.703171,0.922408
E1_218,E1,8.563176,25.770772,2304,3.009488,3.267707,0.920978
E1_219,E1,43.178677,45.575495,1186,1.055509,1.147152,0.920113
E1_220,E1,41.495533,45.785694,1166,1.103389,1.187391,0.929254
E1_221,E1,42.911461,45.304545,1169,1.055768,1.153421,0.915336
E1_222,E1,43.538544,45.079468,1172,1.035392,1.138778,0.909213
E1_223,E1,41.626523,42.554479,1175,1.022292,1.184194,0.863281
E1_224,E1,42.696032,46.01407,1164,1.077713,1.158507,0.93026
E1_225,E1,43.183044,44.340244,1163,1.026798,1.14705,0.895164
E1_226,E1,43.69369,45.656106,1174,1.044913,1.135192,0.920473
E1_227,E1,43.957313,46.178768,1171,1.050537,1.12913,0.930395
E1_228,E1,44.671423,45.721632,1167,1.02351,1.11291,0.91967
E1_229,E1,41.225261,40.950178,1186,0.993327,1.194026,0.831915
E1_23,E1,4.852535,2.174248,2304,0.448064,4.428068,0.101187
E1_230,E1,43.910639,43.304287,1162,0.986191,1.1302,0.872581
E1_231,E1,40.557465,40.924241,1173,1.009043,1.210635,0.833483
E1_232,E1,40.350349,40.254953,1161,0.997636,1.215851,0.820525
E1_233,E1,37.547814,41.781613,1175,1.112758,1.289679,0.862818
E1_234,E1,39.720383,42.800054,1166,1.077534,1.231909,0.874686
E1_235,E1,42.303913,41.846933,1171,0.989198,1.167839,0.847033
E1_236,E1,39.670037,39.678708,1169,1.000219,1.233205,0.811073
E1_237,E1,38.897644,41.034612,1167,1.054938,1.253335,0.841705
E1_238,E1,40.472846,42.279868,1164,1.044648,1.212762,0.861379
E1_239,E1,53.299421,42.778246,2304,0.802602,0.936052,0.857434
E1_240,E1,24.382384,38.175023,2304,1.56568,1.761057,0.889057
E1_241,E1,50.898579,44.460406,2304,0.87351,0.982187,0.889352
E1_242,E1,24.675504,41.403044,2304,1.677901,1.74717,0.960354
E1_243,E1,53.780235,45.817711,2304,0.851943,0.927049,0.918984
E1_244,E1,24.624062,40.958087,2304,1.663336,1.749591,0.9507
E1_245,E1,51.846691,44.537457,2304,0.859022,0.963724,0.891357
E1_246,E1,32.037275,42.283138,2304,1.319811,1.45649,0.906158
E1_247,E1,53.47653,46.357638,2304,0.866878,0.932727,0.929402
E1_248,E1,30.810862,42.120171,2304,1.367056,1.498536,0.912261
E1_249,E1,54.860717,46.080008,2304,0.839945,0.907082,0.925986
E1_25,E1,4.256974,1.9385,2304,0.45537,4.742453,0.09602
E1_250,E1,30.751104,41.359233,2304,1.344967,1.500638,0.896263
E1_251,E1,52.745294,44.140006,2304,0.836852,0.946522,0.884134
E1_252,E1,30.836251,40.488263,2304,1.313009,1.497644,0.876716
E1_253,E1,51.859057,45.166287,2304,0.870943,0.963485,0.903951
E1_254,E1,33.243198,42.273699,2304,1.27165,1.417086,0.897369
E1_255,E1,54.996137,45.276179,2304,0.823261,0.904605,0.910078
E1_256,E1,30.12462,41.871539,2304,1.389944,1.523005,0.912633
E1_257,E1,52.882086,46.199197,2304,0.873627,0.943928,0.925523
E1_258,E1,31.494359,42.078154,2304,1.336054,1.474846,0.905893
E1_259,E1,54.848532,44.986337,2304,0.820192,0.907305,0.903987
E1_260,E1,48.114663,42.935939,2304,0.892367,1.038445,0.85933
E1_261,E1,52.891811,45.634168,2304,0.862783,0.943744,0.914214
E1_262,E1,51.378368,43.000594,2304,0.83694,0.972802,0.860339
E1_263,E1,53.859643,46.020502,2304,0.854452,0.925569,0.923165
E1_264,E1,48.211491,44.537583,2304,0.923796,1.036433,0.891322
E1_265,E1,49.761957,43.54858,2304,0.875138,1.004772,0.870981
E1_266,E1,49.210972,42.385063,2304,0.861293,1.015907,0.847807
E1_267,E1,51.979293,46.936562,2304,0.902986,0.961168,0.939468
E1_268,E1,49.266715,44.325619,2304,0.899707,1.014775,0.886608
E1_269,E1,50.665208,45.619306,2304,0.900407,0.986783,0.912467
E1_270,E1,49.159273,46.268267,2304,0.941191,1.016958,0.925496
E1_271,E1,50.391983,45.414198,2304,0.901219,0.992191,0.908312
E1_272,E1,51.979017,45.3051,2304,0.871604,0.961173,0.906813
E1_273,E1,49.854628,44.338919,2304,0.889364,1.002912,0.886782
E1_274,E1,49.283539,45.268249,2304,0.918527,1.014433,0.905458
E1_275,E1,50.2711,46.287658,2304,0.920761,0.994593,0.925767
E1_276,E1,46.684309,45.51216,2304,0.974892,1.068666,0.912251
E1_277,E1,47.907291,46.414099,2304,0.968832,1.042768,0.929096
E1_278,E1,28.919232,40.591307,2304,1.403609,1.567771,0.89529
E1_279,E1,49.170034,46.445515,2304,0.94459,1.016739,0.929038
E1_28,E1,1.113184,0.336952,2304,0.302692,9.425094,0.032116
E1_280,E1,26.495641,40.136145,2304,1.514821,1.665595,0.909477
E1_281,E1,48.81644,46.380574,2304,0.950102,1.023958,0.927871
E1_282,E1,26.580433,40.859031,2304,1.537185,1.661977,0.924914
E1_283,E1,48.014324,45.783199,2304,0.953532,1.040534,0.916387
E1_284,E1,25.583888,40.594052,2304,1.586704,1.705494,0.930348
E1_285,E1,46.190539,46.679176,2304,1.010579,1.079326,0.936305
E1_286,E1,25.080543,39.992925,2304,1.59458,1.728339,0.922608
E1_287,E1,46.569323,46.079335,2304,0.989478,1.071138,0.923764
E1_288,E1,25.419359,39.617993,2304,1.558576,1.712895,0.909907
E1_289,E1,46.825772,46.416821,2304,0.991267,1.065634,0.930213
E1_290,E1,26.721698,41.012772,2304,1.534812,1.655982,0.926829
E1_291,E1,46.21203,45.188087,2304,0.977843,1.07886,0.906367
E1_292,E1,23.486779,38.758623,2304,1.650232,1.804914,0.914299
E1_293,E1,25.086031,39.139465,2304,1.56021,1.728086,0.902854
E1_294,E1,17.919802,33.476383,2304,1.868122,2.140191,0.872876
E1_295,E1,12.248122,20.612355,2304,1.682899,2.676662,0.628731
E1_296,E1,6.528014,5.550887,2304,0.850318,3.783992,0.224715
E1_297,E1,3.22295,3.004288,2304,0.932155,5.479733,0.170109
E1_298,E1,1.450628,0.463896,2304,0.31979,8.24231,0.038799
E1_299,E1,1.446257,0.305939,2304,0.211538,8.254938,0.025626
E1_3,E1,3.191191,0.275432,2304,0.08631,5.507836,0.01567
E1_301,E1,1.396815,0.773973,2304,0.554098,8.401873,0.065949
E1_302,E1,1.421178,0.592913,2304,0.417198,8.328514,0.050093
E1_305,E1,12.446858,0.423725,2304,0.034043,2.652198,0.012836
E1_306,E1,1.072267,0.508923,2304,0.474623,9.605224,0.049413
E1_31,E1,1.228418,0.592852,2304,0.482614,8.966911,0.053822
E1_315,E1,1.097791,0.372768,2304,0.339562,9.49168,0.035775
E1_317,E1,1.022714,0.320724,2304,0.313601,9.837634,0.031878
E1_319,E1,2.262724,1.201972,2304,0.531206,6.572253,0.080826
E1_320,E1,7.578582,7.730699,2304,1.020072,3.492145,0.292105
E1_321,E1,6.357792,9.116641,2304,1.433932,3.837803,0.373634
E1_322,E1,7.971423,10.89517,2304,1.366779,3.397766,0.402258
E1_323,E1,2.656976,0.244331,2304,0.091958,6.052832,0.015193
E1_324,E1,5.469357,8.424001,2304,1.540218,4.157365,0.370479
E1_325,E1,2.151675,0.542722,2304,0.252233,6.743546,0.037404
E1_326,E1,4.897883,2.067121,2304,0.422044,4.406471,0.095778
E1_327,E1,2.601399,0.452648,2304,0.174002,6.118893,0.028437
E1_328,E1,2.164127,0.423905,2304,0.195878,6.723691,0.029132
E1_329,E1,57.972064,17.337726,2304,0.29907,0.851451,0.351248
E1_330,E1,2.358579,0.618018,2304,0.26203,6.434159,0.040725
E1_332,E1,6.025173,2.434764,2304,0.404099,3.949308,0.102321
E1_334,E1,3.484836,0.525835,2304,0.150892,5.262676,0.028672
E1_335,E1,3.845233,0.328775,2304,0.085502,5.000623,0.017098
E1_339,E1,2.085996,0.693368,2304,0.332392,6.851185,0.048516
E1_340,E1,8.051505,2.556917,2304,0.31757,3.379355,0.093974
E1_341,E1,5.389027,9.245292,2304,1.715577,4.190015,0.409444
E1_343,E1,3.294306,1.467587,2304,0.445492,5.418063,0.082223
E1_344,E1,11.974027,5.878217,2304,0.490914,2.711348,0.181059
E1_345,E1,1.255776,0.295083,2304,0.234981,8.867472,0.026499
E1_346,E1,1.67343,0.177422,2304,0.106023,7.665344,0.013831
E1_348,E1,7.145923,7.240236,2304,1.013198,3.604718,0.281076
E1_349,E1,2.420619,1.231043,2304,0.508565,6.349153,0.0801
E1_35,E1,1.019273,0.166731,2304,0.163578,9.854395,0.016599
E1_350,E1,2.545226,2.400156,2304,0.943003,6.18783,0.152396
E1_351,E1,1.804018,0.456919,2304,0.253279,7.377792,0.03433
E1_352,E1,5.487185,2.030198,2304,0.369989,4.150214,0.089149
E1_357,E1,7.05325,12.699956,2304,1.800582,3.630133,0.49601
E1_360,E1,13.110859,8.338926,2304,0.636032,2.574348,0.247065
E1_361,E1,12.584077,0.575604,2304,0.045741,2.635631,0.017355
E1_362,E1,1.498691,0.164835,2304,0.109986,8.107088,0.013567
E1_363,E1,1.280162,0.29133,2304,0.227573,8.781522,0.025915
E1_366,E1,3.182335,3.064549,2304,0.962988,5.515747,0.174589
E1_367,E1,2.895108,5.904218,2304,2.039377,5.791462,0.352135
E1_368,E1,1.410274,0.455174,2304,0.322756,8.361113,0.038602
E1_369,E1,6.180768,12.485402,2304,2.020041,3.896052,0.518484
E1_370,E1,2.189399,3.247211,2304,1.483152,6.683908,0.221899
E1_371,E1,4.158955,9.00024,2304,2.164063,4.800469,0.450802
E1_372,E1,2.041156,0.651767,2304,0.319312,6.927614,0.046093
E1_373,E1,1.428618,0.49181,2304,0.344256,8.306487,0.041444
E1_374,E1,1.476838,0.53091,2304,0.359491,8.167756,0.044013
E1_375,E1,1.642837,0.676595,2304,0.411845,7.73759,0.053227
E1_376,E1,1.605859,0.524521,2304,0.326629,7.827642,0.041728
E1_377,E1,1.581734,0.495945,2304,0.313545,7.888076,0.039749
E1_378,E1,1.640741,0.575887,2304,0.350992,7.742613,0.045332
E1_379,E1,1.643919,0.468737,2304,0.285134,7.735002,0.036863
E1_380,E1,1.489305,0.373054,2304,0.250489,8.132984,0.030799
E1_381,E1,1.718229,0.295913,2304,0.17222,7.563032,0.022771
E1_382,E1,1.502532,0.491533,2304,0.327136,8.096563,0.040404
E1_383,E1,1.602789,0.482839,2304,0.30125,7.835257,0.038448
E1_384,E1,6.664543,14.333611,2304,2.150727,3.742296,0.574708
E1_385,E1,1.552399,0.166377,2304,0.107174,7.963443,0.013458
E1_386,E1,1.671629,0.271963,2304,0.162693,7.669543,0.021213
E1_387,E1,8.780161,2.738552,2304,0.311902,3.223246,0.096767
E1_388,E1,9.056696,4.471514,2304,0.493725,3.168841,0.155806
E1_389,E1,3.074828,9.189062,2304,2.988479,5.614458,0.532283
E1_391,E1,7.750008,22.171203,2304,2.860798,3.450103,0.829192
E1_392,E1,7.206051,21.103184,2304,2.928537,3.588485,0.816093
E1_393,E1,1.350206,0.643508,2304,0.476599,8.547676,0.055758
E1_394,E1,1.278355,1.06035,2304,0.829465,8.787806,0.094388
E1_395,E1,1.502584,0.824722,2304,0.548869,8.09642,0.067792
E1_396,E1,1.677854,0.676673,2304,0.403297,7.655059,0.052684
E1_397,E1,1.647512,0.859176,2304,0.521499,7.726422,0.067496
E1_398,E1,2.028688,0.664825,2304,0.327712,6.949313,0.047157
E1_399,E1,1.105367,0.59989,2304,0.542707,9.458734,0.057376
E1_40,E1,1.134654,0.422683,2304,0.372522,9.334484,0.039908
E1_400,E1,1.427739,0.675797,2304,0.473334,8.309082,0.056966
E1_401,E1,2.478407,0.677664,2304,0.273427,6.272838,0.043589
E1_402,E1,1.743012,0.958754,2304,0.550056,7.508125,0.073261
E1_403,E1,1.690969,0.636945,2304,0.376675,7.624807,0.049401
E1_404,E1,2.158758,0.934875,2304,0.433062,6.732231,0.064327
E1_405,E1,1.46775,0.783339,2304,0.533701,8.193382,0.065138
E1_406,E1,1.398583,0.87735,2304,0.627313,8.396483,0.074711
E1_407,E1,1.49676,0.703455,2304,0.469985,8.112397,0.057934
E1_408,E1,1.369206,0.664144,2304,0.485058,8.487346,0.057151
E1_409,E1,1.501196,0.67908,2304,0.452359,8.10022,0.055845
E1_410,E1,1.727244,0.844274,2304,0.488799,7.542925,0.064802
E1_411,E1,1.611186,0.913539,2304,0.566998,7.814479,0.072557
E1_412,E1,1.261537,0.712644,2304,0.564901,8.846943,0.063853
E1_413,E1,2.04577,0.806842,2304,0.394395,6.919636,0.056997
E1_414,E1,1.610076,0.672477,2304,0.417668,7.817217,0.053429
E1_415,E1,2.507315,0.782498,2304,0.312086,6.235647,0.050049
E1_416,E1,2.333322,0.850802,2304,0.364631,6.469726,0.05636
E1_417,E1,1.862496,0.91054,2304,0.488882,7.258884,0.067349
E1_418,E1,1.298327,0.803343,2304,0.618752,8.719069,0.070965
E1_419,E1,1.631285,1.059457,2304,0.649462,7.765396,0.083635
E1_42,E1,1.261458,9.243144,2304,7.32735,8.847223,0.828209
E1_420,E1,1.765439,0.870177,2304,0.492895,7.459433,0.066077
E1_421,E1,1.188723,0.692894,2304,0.582889,9.117232,0.063933
E1_422,E1,1.850181,0.412244,2304,0.222813,7.283459,0.030592
E1_423,E1,1.532668,0.285851,2304,0.186505,8.015343,0.023269
E1_424,E1,1.57344,0.268388,2304,0.170574,7.909173,0.021567
E1_425,E1,1.665126,0.278655,2304,0.167348,7.684759,0.021777
E1_426,E1,1.503618,0.242327,2304,0.161163,8.093594,0.019912
E1_427,E1,1.581936,0.320166,2304,0.202389,7.887566,0.025659
E1_428,E1,1.527833,0.322459,2304,0.211056,8.028211,0.026289
E1_429,E1,1.452059,0.288839,2304,0.198917,8.238187,0.024146
E1_43,E1,1.011755,1.903765,2304,1.881646,9.891317,0.190232
E1_430,E1,1.534972,0.284105,2304,0.185088,8.009229,0.023109
E1_431,E1,1.401094,0.275592,2304,0.196698,8.388849,0.023448
E1_432,E1,1.58285,0.294924,2304,0.186325,7.885252,0.023629
E1_433,E1,1.784178,0.29264,2304,0.164019,7.419448,0.022107
E1_434,E1,1.716939,0.226207,2304,0.13175,7.565922,0.017414
E1_435,E1,1.639434,0.264113,2304,0.1611,7.745751,0.020799
E1_436,E1,1.611959,0.261472,2304,0.162207,7.812574,0.020762
E1_437,E1,1.674284,0.295573,2304,0.176537,7.663356,0.023036
E1_438,E1,1.542138,0.1992,2304,0.129172,7.990309,0.016166
E1_439,E1,1.630881,0.159698,2304,0.097921,7.766373,0.012608
E1_44,E1,2.453983,0.376633,2304,0.153478,6.304766,0.024343
E1_440,E1,1.614603,1.715853,2304,1.062709,7.80607,0.136139
E1_441,E1,1.68838,0.177518,2304,0.105141,7.630752,0.013779
E1_442,E1,1.590321,0.215403,2304,0.135446,7.866409,0.017218
E1_443,E1,1.602832,0.174427,2304,0.108824,7.835149,0.013889
E1_444,E1,1.567603,0.252889,2304,0.161322,7.92412,0.020358
E1_445,E1,1.773778,0.46876,2304,0.264272,7.441562,0.035513
E1_446,E1,1.629985,0.269579,2304,0.165387,7.768542,0.021289
E1_447,E1,1.664088,0.274323,2304,0.164849,7.687195,0.021445
E1_448,E1,1.657218,0.179963,2304,0.108594,7.703382,0.014097
E1_449,E1,1.669814,0.188925,2304,0.113141,7.673782,0.014744
E1_45,E1,2.914793,6.438637,2304,2.208952,5.771287,0.382749
E1_450,E1,1.599505,0.227511,2304,0.142238,7.843427,0.018135
E1_451,E1,1.901636,0.285171,2304,0.149961,7.182361,0.020879
E1_452,E1,1.952467,0.249665,2304,0.127871,7.086414,0.018045
E1_453,E1,2.073427,1.703768,2304,0.821716,6.872361,0.119568
E1_454,E1,1.948759,0.183269,2304,0.094044,7.093286,0.013258
E1_455,E1,1.925879,0.251062,2304,0.130362,7.13613,0.018268
E1_456,E1,1.973818,0.329644,2304,0.167008,7.047215,0.023698
E1_457,E1,2.046795,0.273339,2304,0.133545,6.917867,0.019304
E1_458,E1,1.682065,0.356957,2304,0.212213,7.645308,0.027757
E1_459,E1,1.966664,0.4018,2304,0.204306,7.060279,0.028937
E1_46,E1,3.487215,1.500771,2304,0.430364,5.260815,0.081806
E1_460,E1,2.09179,0.310926,2304,0.148641,6.841487,0.021726
E1_461,E1,2.166291,0.30906,2304,0.142668,6.720257,0.02123
E1_462,E1,1.803248,0.298647,2304,0.165616,7.379396,0.022443
E1_463,E1,1.375666,0.290418,2304,0.211111,8.467116,0.024933
E1_464,E1,1.361343,0.139413,2304,0.102409,8.512162,0.012031
E1_465,E1,1.607833,0.131122,2304,0.081552,7.822757,0.010425
E1_466,E1,1.267263,0.140345,2304,0.110747,8.826677,0.012547
E1_467,E1,1.675412,0.149287,2304,0.089105,7.660731,0.011631
E1_468,E1,1.586463,0.250689,2304,0.158018,7.876121,0.020063
E1_469,E1,1.693639,0.182713,2304,0.107882,7.618692,0.01416
E1_47,E1,8.094438,4.844756,2304,0.598529,3.369594,0.177626
E1_470,E1,1.634686,0.161317,2304,0.098684,7.757179,0.012722
E1_471,E1,1.749439,0.189114,2304,0.1081,7.494076,0.014425
E1_472,E1,1.724367,0.174621,2304,0.101266,7.549324,0.013414
E1_473,E1,1.776881,0.1762,2304,0.099162,7.434944,0.013337
E1_474,E1,1.814922,0.167511,2304,0.092296,7.355188,0.012548
E1_475,E1,1.651565,0.145529,2304,0.088116,7.716777,0.011419
E1_476,E1,1.508193,0.147964,2304,0.098107,8.08112,0.01214
E1_477,E1,1.584546,0.130153,2304,0.082139,7.880963,0.010422
E1_478,E1,1.527167,0.189319,2304,0.123968,8.029989,0.015438
E1_479,E1,1.361487,0.1364,2304,0.100184,8.511703,0.01177
E1_480,E1,1.554459,0.12977,2304,0.083483,7.958083,0.01049
E1_481,E1,1.38339,0.225795,2304,0.163219,8.443115,0.019332
E1_482,E1,1.560358,0.128795,2304,0.082542,7.942786,0.010392
E1_483,E1,1.590567,0.136856,2304,0.086042,7.86579,0.010939
E1_484,E1,1.176044,0.146112,2304,0.124241,9.166833,0.013553
E1_485,E1,1.666181,0.141329,2304,0.084822,7.682284,0.011041
E1_486,E1,1.4801,0.135326,2304,0.09143,8.158616,0.011207
E1_487,E1,1.595037,0.135001,2304,0.084638,7.854584,0.010776
E1_488,E1,1.387199,0.142483,2304,0.102713,8.431352,0.012182
E1_489,E1,1.509628,0.140158,2304,0.092843,8.07722,0.011494
E1_49,E1,3.650432,2.187523,2304,0.59925,5.137511,0.116642
E1_490,E1,1.587253,0.139815,2304,0.088086,7.87413,0.011187
E1_491,E1,1.502808,0.128448,2304,0.085472,8.095807,0.010558
E1_492,E1,1.303411,0.216702,2304,0.166257,8.701827,0.019106
E1_493,E1,1.537659,0.155956,2304,0.101424,8.00212,0.012675
E1_494,E1,1.588329,0.140589,2304,0.088514,7.87142,0.011245
E1_495,E1,1.731183,0.184696,2304,0.106687,7.534186,0.01416
E1_496,E1,1.524453,0.128482,2304,0.084281,8.037245,0.010486
E1_497,E1,1.49613,0.213763,2304,0.142877,8.11413,0.017608
E1_498,E1,1.310578,0.17882,2304,0.136444,8.677685,0.015724
E1_499,E1,1.292214,0.162385,2304,0.125664,8.739941,0.014378
E1_50,E1,5.064771,3.063262,2304,0.604817,4.329461,0.139698
E1_500,E1,1.90791,0.268627,2304,0.140796,7.170312,0.019636
E1_501,E1,1.45398,0.172022,2304,0.118311,8.232662,0.014371
E1_502,E1,1.441774,0.146017,2304,0.101276,8.267951,0.012249
E1_503,E1,1.909737,0.265185,2304,0.138859,7.166815,0.019375
E1_504,E1,1.528547,0.177477,2304,0.116108,8.026306,0.014466
E1_505,E1,1.444932,0.149177,2304,0.103242,8.258777,0.012501
E1_506,E1,1.727768,0.183384,2304,0.10614,7.54176,0.014074
E1_507,E1,1.353923,0.182025,2304,0.134443,8.535773,0.01575
E1_508,E1,1.482381,0.145811,2304,0.098363,8.152241,0.012066
E1_509,E1,1.550911,0.133171,2304,0.085866,7.967322,0.010777
E1_51,E1,1.528827,0.918556,2304,0.600824,8.02556,0.074864
E1_510,E1,1.461637,0.145648,2304,0.099647,8.210751,0.012136
E1_511,E1,1.492016,0.163896,2304,0.109849,8.125478,0.013519
E1_512,E1,1.444784,0.138265,2304,0.0957,8.259206,0.011587
E1_513,E1,1.384254,0.218066,2304,0.157534,8.440443,0.018664
E1_514,E1,1.356507,0.200387,2304,0.147723,8.52753,0.017323
E1_515,E1,1.526345,0.187924,2304,0.12312,8.032185,0.015328
E1_516,E1,1.349965,0.214459,2304,0.158862,8.548449,0.018584
E1_517,E1,1.435379,0.275706,2304,0.192079,8.286615,0.023179
E1_518,E1,1.25623,0.179339,2304,0.142759,8.865849,0.016102
E1_519,E1,1.444642,0.163329,2304,0.113058,8.259618,0.013688
E1_52,E1,3.720097,2.234918,2304,0.600769,5.087339,0.118091
E1_520,E1,1.393907,0.181411,2304,0.130146,8.410756,0.015474
E1_521,E1,1.495098,0.245042,2304,0.163897,8.116973,0.020192
E1_522,E1,1.476412,0.265329,2304,0.179712,8.168951,0.021999
E1_523,E1,1.469403,0.16037,2304,0.10914,8.188703,0.013328
E1_524,E1,1.427764,0.217174,2304,0.152108,8.309007,0.018306
E1_525,E1,1.538831,0.168279,2304,0.109355,7.999025,0.013671
E1_526,E1,1.557587,0.391377,2304,0.251272,7.949961,0.031607
E1_527,E1,3.694077,1.521186,2304,0.41179,5.105914,0.08065
E1_528,E1,1.067439,0.10776,2304,0.100951,9.627157,0.010486
E1_529,E1,1.256771,0.170611,2304,0.135754,8.863914,0.015315
E1_530,E1,1.363976,0.138925,2304,0.101853,8.503828,0.011977
E1_531,E1,1.838754,0.358165,2304,0.194787,7.30648,0.026659
E1_532,E1,1.688105,0.160648,2304,0.095165,7.631383,0.01247
E1_534,E1,4.957895,6.277827,2304,1.266228,4.378339,0.289203
E1_540,E1,1.206851,0.698936,2304,0.57914,9.047665,0.06401
E1_541,E1,10.051844,6.229296,2304,0.619717,2.991392,0.207167
E1_542,E1,3.532514,0.676998,2304,0.191647,5.225749,0.036674
E1_543,E1,2.171441,2.267747,2304,1.044351,6.712106,0.155592
E1_546,E1,1.820759,0.832836,2304,0.457411,7.34317,0.062291
E1_551,E1,1.532147,0.145701,2304,0.095096,8.016726,0.011862
E1_555,E1,1.926246,0.828176,2304,0.429943,7.135436,0.060255
E1_558,E1,1.17396,0.332775,2304,0.283463,9.175061,0.030895
E1_56,E1,1.34551,0.406961,2304,0.302459,8.562783,0.035322
E1_561,E1,2.301901,0.59074,2304,0.256631,6.514779,0.039392
E1_562,E1,3.011809,0.465931,2304,0.154701,5.674737,0.027261
E1_57,E1,3.027713,1.979899,2304,0.653926,5.659349,0.115548
E1_574,E1,1.696036,0.508752,2304,0.299966,7.613213,0.039401
E1_580,E1,1.578082,0.230255,2304,0.145908,7.897346,0.018476
E1_582,E1,1.523038,2.494019,2304,1.637529,8.041036,0.203647
E1_583,E1,1.554574,1.393509,2304,0.896393,7.957783,0.112644
E1_587,E1,3.034307,8.519744,2304,2.807806,5.653004,0.496693
E1_589,E1,5.033231,8.900084,2304,1.768264,4.343726,0.407085
E1_591,E1,54.441102,0.530951,2304,0.009753,0.914794,0.010661
E1_593,E1,3.487254,12.148157,2304,3.483588,5.260785,0.66218
E1_595,E1,1.237858,1.759861,2304,1.421699,8.93223,0.159165
E1_596,E1,20.307585,32.576828,2304,1.60417,1.980977,0.809788
E1_597,E1,27.17892,42.122175,2304,1.54981,1.636863,0.946817
E1_598,E1,27.044136,41.975026,2304,1.552093,1.642455,0.944984
E1_599,E1,27.163805,42.173778,2304,1.552573,1.637489,0.948142
E1_600,E1,1.095273,0.164029,2304,0.14976,9.502706,0.01576
E1_601,E1,1.155973,0.256345,2304,0.221757,9.247012,0.023981
E1_602,E1,1.065777,0.505322,2304,0.474135,9.634741,0.049211
E1_604,E1,6.830455,19.518459,2304,2.857564,3.693279,0.77372
E1_607,E1,4.974822,4.748832,2304,0.954573,4.370495,0.218413
E1_608,E1,38.734191,38.699933,2304,0.999116,1.257656,0.794427
E1_609,E1,38.528561,39.266708,2304,1.019158,1.263122,0.806857
E1_610,E1,52.35747,35.826235,2304,0.684262,0.953911,0.717322
E1_611,E1,52.778142,36.16448,2304,0.685217,0.945898,0.724409
E1_612,E1,35.486392,38.010283,2304,1.071123,1.348325,0.79441
E1_613,E1,41.743111,34.163201,2304,0.818415,1.181357,0.692775
E1_614,E1,48.584064,34.152175,2304,0.70295,1.028731,0.683318
E1_615,E1,36.973983,37.334213,2304,1.009743,1.305605,0.773391
E1_616,E1,60.431607,38.806208,2304,0.642151,0.809174,0.793588
E1_617,E1,35.162584,38.85065,2304,1.104886,1.357915,0.813664
E1_618,E1,36.131424,39.002662,2304,1.079466,1.329539,0.81191
E1_619,E1,35.921041,38.317394,2304,1.066712,1.335621,0.798663
E1_62,E1,4.763947,0.951108,2304,0.199647,4.471129,0.044653
E1_620,E1,51.431294,36.924767,2304,0.717944,0.971772,0.738798
E1_621,E1,36.61546,39.200577,2304,1.070602,1.315708,0.813708
E1_622,E1,43.371947,32.259308,2304,0.743783,1.142645,0.650931
E1_623,E1,37.842879,38.824714,2304,1.025945,1.281603,0.800517
E1_624,E1,42.905632,35.07969,2304,0.817601,1.153558,0.708765
E1_625,E1,35.657343,40.230882,2304,1.128264,1.343306,0.839915
E1_626,E1,39.498607,33.655759,2304,0.852075,1.237633,0.688471
E1_627,E1,36.850383,39.191572,2304,1.063532,1.309074,0.812431
E1_628,E1,37.069819,38.540975,2304,1.039686,1.302925,0.797963
E1_629,E1,37.214683,38.239072,2304,1.027526,1.298889,0.791081
E1_630,E1,38.595881,40.951446,2304,1.061032,1.261329,0.841201
E1_631,E1,41.665807,35.286232,2304,0.846887,1.183237,0.715738
E1_632,E1,35.932406,38.366373,2304,1.067737,1.335291,0.799629
E1_633,E1,40.013459,40.384945,2304,1.009284,1.224402,0.824308
E1_634,E1,40.933747,41.496967,2304,1.013759,1.201238,0.843929
E1_635,E1,39.48925,40.262292,2304,1.019576,1.237875,0.82365
E1_636,E1,39.835471,40.566527,2304,1.018352,1.228953,0.828634
E1_637,E1,40.199564,41.615391,2304,1.03522,1.219668,0.848772
E1_638,E1,42.815346,35.809947,2304,0.836381,1.155686,0.723709
E1_639,E1,39.609408,40.693812,2304,1.027377,1.234768,0.832041
E1_640,E1,39.458734,40.909185,2304,1.036759,1.238666,0.836996
E1_641,E1,40.436359,40.905239,2304,1.011596,1.213681,0.833494
E1_642,E1,55.503699,38.833457,2304,0.699655,0.895367,0.781418
E1_643,E1,55.96276,38.747675,2304,0.692383,0.887075,0.780524
E1_644,E1,55.991179,38.208336,2304,0.682399,0.886564,0.769712
E1_645,E1,42.970021,42.511919,2304,0.989339,1.152043,0.858769
E1_646,E1,62.936767,40.164653,2304,0.638175,0.767396,0.831611
E1_647,E1,37.030433,41.078339,2304,1.109313,1.304025,0.850684
E1_648,E1,59.870802,39.957722,2304,0.667399,0.818696,0.815198
E1_649,E1,39.531418,41.650884,2304,1.053615,1.236784,0.851899
E1_650,E1,36.044294,41.558703,2304,1.15299,1.332053,0.865574
E1_651,E1,33.837402,38.448361,2304,1.136268,1.398324,0.812593
E1_652,E1,56.940611,39.887047,2304,0.700503,0.869607,0.80554
E1_653,E1,32.478389,37.982174,2304,1.16946,1.441864,0.811075
E1_654,E1,31.546702,35.781407,2304,1.134236,1.473059,0.769987
E1_655,E1,43.508141,31.80484,2304,0.731009,1.139483,0.641527
E1_656,E1,50.686834,0.410766,2304,0.008104,0.986356,0.008216
E1_657,E1,2.08992,0.437838,2304,0.2095,6.844612,0.030608
E1_658,E1,1.471748,0.433998,2304,0.294886,8.182078,0.03604
E1_659,E1,1.785519,0.284844,2304,0.15953,7.416611,0.02151
E1_660,E1,1.378009,0.301417,2304,0.218734,8.459814,0.025856
E1_661,E1,1.544323,0.33127,2304,0.214508,7.984567,0.026865
E1_662,E1,1.762187,0.289813,2304,0.164462,7.466436,0.022027
E1_663,E1,1.553526,0.266903,2304,0.171804,7.960509,0.021582
E1_664,E1,1.401374,0.26979,2304,0.192518,8.387998,0.022952
E1_665,E1,1.271352,0.269797,2304,0.212213,8.812287,0.024081
E1_666,E1,1.265213,0.268258,2304,0.212026,8.833917,0.024001
E1_675,E1,8.307616,8.535589,2304,1.027441,3.32222,0.309264
E1_676,E1,1.262904,0.639708,2304,0.506538,8.842093,0.057287
E1_677,E1,6.715765,8.753173,2304,1.303377,3.726974,0.349715
E1_679,E1,1.356322,3.062811,2304,2.258174,8.528118,0.264792
E1_68,E1,1.326649,0.485891,2304,0.366254,8.624261,0.042468
E1_683,E1,2.332813,4.208601,2304,1.804089,6.470448,0.27882
E1_686,E1,2.566243,2.883794,2304,1.123742,6.161775,0.182373
E1_687,E1,1.308069,2.139244,2304,1.635421,8.686114,0.18828
E1_688,E1,2.610037,2.655798,2304,1.017533,6.108488,0.166577
E1_689,E1,6.137792,7.005341,2304,1.141345,3.910563,0.291862
E1_69,E1,23.229709,0.370135,2304,0.015934,1.81792,0.008765
E1_690,E1,5.889788,14.279543,2304,2.424458,3.997317,0.606521
E1_693,E1,1.366653,0.594725,2304,0.435169,8.495378,0.051224
E1_694,E1,3.472122,7.865065,2304,2.265204,5.272649,0.429614
E1_695,E1,1.658403,0.4868,2304,0.293535,7.700584,0.038119
E1_696,E1,1.92401,1.338515,1999,0.69569,7.139662,0.09744
E1_699,E1,1.148792,1.527376,1998,1.32955,9.276205,0.143329
E1_70,E1,1.149448,0.536582,2304,0.466817,9.273524,0.050339
E1_701,E1,1.186875,1.809795,1949,1.524841,9.124411,0.167117
E1_703,E1,1.128815,1.343745,2304,1.190403,9.35887,0.127195
E1_706,E1,1.216158,2.403023,2304,1.975913,9.012555,0.21924
E1_708,E1,32.404071,36.4748,2304,1.125624,1.44431,0.779351
E1_709,E1,32.120412,36.708271,2304,1.142833,1.453714,0.786147
E1_71,E1,1.262907,0.760828,2304,0.602442,8.84208,0.068133
E1_710,E1,36.726065,31.71614,2304,0.863587,1.312578,0.657932
E1_711,E1,28.405126,34.101865,2304,1.200553,1.587606,0.756204
E1_712,E1,27.292692,34.67341,2304,1.270428,1.632172,0.778367
E1_713,E1,43.534716,36.440665,2304,0.837048,1.138867,0.734984
E1_714,E1,24.446438,33.493277,2304,1.370068,1.758003,0.779332
E1_715,E1,23.429702,30.539216,2304,1.30344,1.807785,0.721015
E1_716,E1,34.453363,33.335631,2304,0.967558,1.379302,0.701484
E1_717,E1,7.575148,1.710454,2304,0.225798,3.493002,0.064643
E1_718,E1,55.33886,30.836336,2304,0.557228,0.898359,0.620273
E1_72,E1,5.174222,0.769374,2304,0.148694,4.280955,0.034734
E1_721,E1,15.930976,1.52031,2304,0.095431,2.297189,0.041543
E1_722,E1,2.037735,0.850021,2304,0.41714,6.933549,0.060163
E1_723,E1,38.994849,20.103516,2304,0.515543,1.250776,0.412178
E1_728,E1,3.516689,0.260962,2304,0.074207,5.237923,0.014167
E1_732,E1,1.797658,0.987716,2304,0.549446,7.391071,0.074339
E1_733,E1,1.167795,0.329626,2304,0.282263,9.199536,0.030682
E1_734,E1,4.498124,5.773724,2304,1.283585,4.607764,0.27857
E1_735,E1,13.780411,19.824255,2304,1.438582,2.501335,0.575126
E1_736,E1,11.536118,11.122412,2304,0.964138,2.769193,0.348166
E1_737,E1,2.273424,0.564832,2304,0.24845,6.556411,0.037894
E1_738,E1,3.983854,0.509643,2304,0.127927,4.90931,0.026058
E1_74,E1,1.454809,0.545461,2304,0.374936,8.230281,0.045556
E1_740,E1,2.431286,0.066498,2304,0.027351,6.334863,0.004318
E1_741,E1,2.912481,0.495905,2304,0.170269,5.773646,0.029491
E1_742,E1,1.011565,0.105358,2304,0.104154,9.892257,0.010529
E1_744,E1,1.845679,0.634623,2304,0.343842,7.292502,0.04715
E1_749,E1,1.572041,0.594227,2304,0.377997,7.912747,0.047771
E1_75,E1,2.139741,0.545386,2304,0.254884,6.762738,0.03769
E1_758,E1,1.859185,2.58904,2304,1.392567,7.265467,0.191669
E1_759,E1,1.085214,0.418668,2304,0.385793,9.547131,0.040409
E1_76,E1,1.101287,0.445056,2304,0.404124,9.476436,0.042645
E1_760,E1,1.043303,4.132727,2304,3.961197,9.739069,0.406733
E1_763,E1,19.673692,0.26913,2304,0.01368,2.020626,0.00677
E1_764,E1,2.343805,0.348881,2304,0.148852,6.454895,0.02306
E1_765,E1,2.465453,0.383092,2304,0.155384,6.289713,0.024704
E1_766,E1,4.710878,0.451547,2304,0.095852,4.497495,0.021312
E1_767,E1,19.571751,0.372262,2304,0.01902,2.027167,0.009383
E1_768,E1,1.2051,0.296318,2304,0.245887,9.054317,0.027157
E1_77,E1,1.206245,0.445529,2304,0.369352,9.049967,0.040812
E1_772,E1,5.970599,10.643489,2304,1.78265,3.968468,0.449204
E1_775,E1,4.949806,2.527254,2304,0.510576,4.382101,0.116514
E1_776,E1,6.182364,2.51524,2304,0.406841,3.895516,0.104438
E1_777,E1,1.069866,2.66973,2304,2.495387,9.616114,0.259501
E1_779,E1,2.864065,4.915711,2304,1.71634,5.823693,0.294717
E1_78,E1,5.59828,0.608372,2304,0.108671,4.106413,0.026464
E1_780,E1,1.521964,0.247917,2304,0.162893,8.043917,0.02025
E1_783,E1,1.027698,0.469501,2304,0.456847,9.813502,0.046553
E1_790,E1,1.251043,1.490767,2304,1.191619,8.884442,0.134124
E1_791,E1,1.184104,0.262504,2304,0.22169,9.135208,0.024268
E1_792,E1,1.379463,0.130981,2304,0.094951,8.455294,0.01123
E1_794,E1,1.571084,0.134178,2304,0.085405,7.915195,0.01079
E1_80,E1,1.043287,0.710721,2304,0.681233,9.739143,0.069948
E1_800,E1,1.414091,1.123415,2304,0.794443,8.349658,0.095147
E1_801,E1,2.238715,0.178884,2304,0.079905,6.608213,0.012092
E1_807,E1,1.215245,1.278886,2304,1.052369,9.015981,0.116723
E1_808,E1,2.058466,0.212614,2304,0.103288,6.897815,0.014974
E1_809,E1,1.065447,0.377589,2304,0.354395,9.636252,0.036777
E1_81,E1,1.177577,0.475355,2304,0.403672,9.160792,0.044065
E1_810,E1,1.638037,0.342006,2304,0.20879,7.749108,0.026944
E1_812,E1,7.835604,9.498305,2304,1.212198,3.429615,0.35345
E1_814,E1,1.238024,2.065265,2304,1.668195,8.931623,0.186774
E1_815,E1,1.095033,1.08358,2304,0.98954,9.503758,0.104121
E1_816,E1,1.774885,3.931302,2304,2.214962,7.439199,0.297742
E1_817,E1,2.668397,3.8563,2304,1.445175,6.03951,0.239287
E1_818,E1,1.059275,1.159459,2304,1.094579,9.664586,0.113257
E1_819,E1,3.448978,4.388248,2304,1.272333,5.290945,0.240474
E1_820,E1,1.002215,0.410631,2304,0.409723,9.93876,0.041225
E1_821,E1,2.206288,4.831732,2304,2.189983,6.657703,0.32894
E1_822,E1,3.721043,4.914739,2304,1.320796,5.086668,0.259658
E1_823,E1,6.922563,8.148073,2304,1.177031,3.666813,0.320996
E1_824,E1,4.005302,10.465166,2304,2.612828,4.895601,0.533709
E1_825,E1,3.839651,1.051602,2304,0.27388,5.004402,0.054728
E1_826,E1,3.371104,2.413736,2304,0.716008,5.353865,0.133737
E1_827,E1,29.32509,10.219826,2304,0.348501,1.552433,0.224487
E1_828,E1,2.57504,1.470522,2304,0.571068,6.150963,0.092842
E1_829,E1,1.039336,0.956516,2304,0.920315,9.757832,0.094316
E1_830,E1,1.081825,0.387361,2304,0.358063,9.56224,0.037445
E1_833,E1,5.605928,0.142556,2304,0.025429,4.103445,0.006197
E1_834,E1,5.60005,0.119828,2304,0.021398,4.105726,0.005212
E1_835,E1,2.993626,0.328575,2304,0.109758,5.692478,0.019281
E1_836,E1,3.17458,3.563604,2304,1.122543,5.522701,0.20326
E1_838,E1,1.027156,0.111975,2304,0.109015,9.816121,0.011106
E1_84,E1,1.222429,0.448211,2304,0.366656,8.989122,0.040789
E1_840,E1,25.680593,0.928673,2304,0.036162,1.701173,0.021257
E1_843,E1,29.888344,2.153013,2304,0.072035,1.531596,0.047033
E1_845,E1,2.837834,2.624539,2304,0.924839,5.851337,0.158056
E1_846,E1,45.513749,3.924829,2304,0.086234,1.094138,0.078814
E1_848,E1,2.705349,11.260493,2304,4.162307,5.996983,0.694067
E1_849,E1,1.031457,0.339635,2304,0.329277,9.795419,0.033615
E1_85,E1,1.06596,0.324178,2304,0.304118,9.633907,0.031567
E1_850,E1,5.380221,2.927874,2304,0.544192,4.193638,0.129766
E1_852,E1,1.07027,0.201177,2304,0.187969,9.614281,0.019551
E1_853,E1,1.18635,1.85008,2304,1.559472,9.126452,0.170874
E1_854,E1,1.873174,2.449418,2304,1.30763,7.237771,0.180667
E1_855,E1,6.995609,12.70601,2304,1.816284,3.646187,0.498132
E1_856,E1,2.09931,1.739158,2304,0.828442,6.82896,0.121313
E1_858,E1,2.697692,3.821461,2304,1.416567,6.005724,0.235869
E1_86,E1,1.37748,0.583852,2304,0.423855,8.461461,0.050092
E1_860,E1,13.561696,0.727245,2304,0.053625,2.524621,0.021241
E1_861,E1,3.670335,0.455473,2304,0.124096,5.123033,0.024223
E1_862,E1,1.086097,0.330379,2304,0.304189,9.543208,0.031875
E1_863,E1,1.187856,0.402994,2304,0.339262,9.120598,0.037197
E1_864,E1,18.827404,9.904924,2304,0.526091,2.076393,0.253368
E1_865,E1,7.463527,7.097421,2304,0.950947,3.521149,0.270067
E1_866,E1,1.050012,0.280175,2304,0.266831,9.707574,0.027487
E1_867,E1,6.11901,4.618995,2304,0.75486,3.916952,0.192716
E1_868,E1,2.076127,2.253817,2304,1.085587,6.867796,0.158069
E1_869,E1,6.26218,8.716393,2304,1.39191,3.868964,0.359763
E1_870,E1,2.902017,1.319024,2304,0.45452,5.784357,0.078577
E1_871,E1,5.120611,9.77747,2304,1.909434,4.304523,0.443588
E1_872,E1,5.38194,5.659589,2304,1.051589,4.19293,0.250801
E1_873,E1,2.593194,0.829614,2304,0.31992,6.128824,0.052199
E1_875,E1,3.186558,2.109702,2304,0.662063,5.511971,0.120114
E1_876,E1,2.142507,0.384679,2304,0.179546,6.758275,0.026567
E1_877,E1,2.596149,0.581846,2304,0.224119,6.125242,0.036589
E1_878,E1,2.01072,0.980373,2304,0.487573,6.980933,0.069844
E1_879,E1,3.6393,2.410494,2304,0.662351,5.14566,0.12872
E1_880,E1,3.672785,0.451416,2304,0.122908,5.121259,0.024
E1_881,E1,2.786634,0.862094,2304,0.309368,5.906402,0.052378
E1_882,E1,2.82343,1.611877,2304,0.570893,5.866678,0.097311
E1_883,E1,1.306021,5.386462,2304,4.12433,8.693011,0.474442
E1_884,E1,4.45082,3.775382,2304,0.848244,4.633332,0.183074
E1_885,E1,5.026237,1.371673,2304,0.272903,4.346907,0.062781
E1_888,E1,1.098822,0.40939,2304,0.372572,9.487179,0.039271
E1_889,E1,3.749468,15.376473,2304,4.100975,5.066602,0.809413
E1_890,E1,5.420326,7.377651,2304,1.361108,4.177209,0.325842
E1_891,E1,2.07182,0.367548,2304,0.177404,6.875081,0.025804
E1_892,E1,12.288544,6.411188,2304,0.521721,2.67164,0.195281
E1_893,E1,2.049148,0.544024,2304,0.265488,6.913809,0.0384
E1_894,E1,5.049296,7.840137,2304,1.552719,4.336443,0.358063
E1_895,E1,6.764714,14.534606,2304,2.148591,3.712491,0.578747
E1_896,E1,3.571863,6.198312,2304,1.735316,5.195825,0.333983
E1_898,E1,1.171499,1.847978,2304,1.577448,9.18481,0.171745
E1_900,E1,1.179488,1.755572,2304,1.488419,9.153283,0.16261
E1_901,E1,2.218351,1.825589,2304,0.822949,6.639166,0.123954
E1_902,E1,1.162185,0.539998,2304,0.46464,9.221974,0.050384
E1_903,E1,4.697309,5.747715,2304,1.223619,4.504308,0.271655
E1_904,E1,1.229438,0.498638,2304,0.405582,8.963144,0.04525
E1_906,E1,1.230217,0.119031,2304,0.096756,8.960273,0.010798
E1_909,E1,2.218108,1.440168,2304,0.649278,6.639538,0.09779
E1_911,E1,4.003328,0.131448,2304,0.032835,4.896858,0.006705
E1_913,E1,3.961859,0.096351,2304,0.02432,4.923482,0.00494
E1_917,E1,19.757388,6.266125,2304,0.317154,2.015291,0.157374
E1_92,E1,1.954485,0.400179,2304,0.204749,7.082681,0.028908
E1_923,E1,1.526485,4.38689,2304,2.87385,8.031809,0.357809
E1_939,E1,7.844173,4.928484,2304,0.628299,3.427582,0.183307
E1_940,E1,7.253562,4.847711,2304,0.668321,3.575798,0.186901
E1_941,E1,31.761666,1.093136,2304,0.034417,1.465759,0.023481
E1_942,E1,23.307371,10.792213,2304,0.463039,1.81397,0.255263
E1_943,E1,37.296236,5.912283,2304,0.158522,1.296625,0.122258
E1_944,E1,2.197354,1.013879,2304,0.461409,6.671527,0.069161
E1_949,E1,18.347826,22.519923,2304,1.227389,2.109558,0.581823
E1_951,E1,5.476175,12.756962,2304,2.329539,4.154626,0.56071
E1_952,E1,14.618349,23.230086,2304,1.589105,2.416758,0.657536
E1_953,E1,3.22803,8.703011,2304,2.696075,5.475276,0.492409
E1_954,E1,5.116393,12.02594,2304,2.350472,4.306393,0.54581
E1_957,E1,1.790983,2.439604,2304,1.36216,7.405084,0.183949
E1_958,E1,46.969217,5.430108,2304,0.11561,1.06257,0.108802
E1_965,E1,7.646441,14.509434,2304,1.897541,3.475339,0.546002
E1_966,E1,2.796745,2.82517,2304,1.010164,5.89541,0.171348
E1_967,E1,1.42207,0.646836,2304,0.454855,8.325864,0.054632
E1_969,E1,1.271181,0.96981,2304,0.76292,8.81289,0.086569
E1_970,E1,60.113542,18.923247,2304,0.314792,0.814567,0.386453
E1_971,E1,14.504228,3.636582,2304,0.250726,2.427868,0.10327
E1_972,E1,7.819278,3.847776,2304,0.492088,3.433497,0.14332
E1_973,E1,11.820371,18.4881,2304,1.564088,2.731295,0.572654
E1_974,E1,1.559606,0.922728,2304,0.591642,7.94473,0.07447
E1_976,E1,6.40719,14.589929,2304,2.277118,3.821971,0.595797
E1_977,E1,29.473799,16.403767,2304,0.556554,1.546882,0.359791
E1_978,E1,25.498206,20.155227,2304,0.790457,1.70934,0.462434
E1_979,E1,6.36237,0.890805,2304,0.140012,3.836328,0.036496
E1_98,E1,1.093332,0.247096,2304,0.226002,9.511231,0.023762
E1_980,E1,42.435511,4.758128,2304,0.112126,1.164696,0.096271
E1_981,E1,3.677423,3.364507,2304,0.914909,5.117905,0.178766
E1_982,E1,3.68431,1.61211,2304,0.437561,5.112937,0.085579
E1_983,E1,29.211994,16.558232,2304,0.56683,1.55668,0.364128
E1_984,E1,29.910417,20.921914,2304,0.699486,1.53079,0.456944
E1_985,E1,2.127966,2.529926,2304,1.188894,6.781831,0.175306
E1_986,E1,1.768895,0.442957,2304,0.250414,7.452012,0.033604
E1_987,E1,4.716768,0.836077,2304,0.177256,4.494548,0.039438
E1_988,E1,1.141406,1.255054,2304,1.099568,9.306515,0.11815
E1_989,E1,2.411632,0.594618,2304,0.246562,6.361265,0.03876
E1_990,E1,6.20531,4.42086,2304,0.712432,3.887831,0.183247
E1_991,E1,4.536357,2.140917,2304,0.471946,4.587387,0.102879
E1_993,E1,13.494647,1.311581,2304,0.097193,2.531866,0.038388
E1_995,E1,3.997121,5.024797,2304,1.257104,4.900817,0.256509
E1_996,E1,5.914634,8.328655,2304,1.408144,3.988385,0.353061
E1_997,E1,46.226118,10.643006,2304,0.230238,1.078554,0.213469
E1_998,E1,49.311994,3.28646,2304,0.066646,1.013856,0.065735
E2_2013-8_1,E2,8.780737,7.202688,2298,0.820283,3.22313,0.254499
E2_2013-8_10,E2,2.095373,3.114319,2301,1.486284,6.835511,0.217436
E2_2013-8_100,E2,1.705696,0.585637,2295,0.343342,7.591252,0.045229
E2_2013-8_101,E2,1.844866,0.383796,2300,0.208035,7.294139,0.028521
E2_2013-8_102,E2,1.724656,1.344773,2296,0.779734,7.548681,0.103294
E2_2013-8_103,E2,2.259002,1.075361,2294,0.476034,6.57779,0.07237
E2_2013-8_104,E2,1.701607,1.518451,2297,0.892363,7.600525,0.117408
E2_2013-8_105,E2,1.952493,1.361259,2294,0.69719,7.086366,0.098385
E2_2013-8_106,E2,1.88989,1.086043,2300,0.574659,7.205078,0.079758
E2_2013-8_107,E2,1.985083,1.019735,2292,0.513699,7.026787,0.073106
E2_2013-8_108,E2,1.612858,1.348242,2296,0.835933,7.810361,0.107029
E2_2013-8_109,E2,2.137082,1.733986,2294,0.81138,6.767036,0.119902
E2_2013-8_11,E2,2.065139,0.528048,2298,0.255696,6.886428,0.03713
E2_2013-8_110,E2,2.583251,1.378426,2296,0.533601,6.140921,0.086893
E2_2013-8_111,E2,1.996881,1.428266,2301,0.715248,7.005575,0.102097
E2_2013-8_112,E2,1.939921,1.801936,2294,0.928871,7.109747,0.130648
E2_2013-8_113,E2,1.437502,1.051483,2294,0.731466,8.280407,0.088337
E2_2013-8_114,E2,1.940651,0.667756,2301,0.344089,7.108383,0.048406
E2_2013-8_115,E2,1.948592,0.64193,2293,0.329433,7.093596,0.046441
E2_2013-8_116,E2,1.887014,0.604225,2295,0.320202,7.210671,0.044407
E2_2013-8_117,E2,1.80103,0.548946,2296,0.304796,7.384023,0.041278
E2_2013-8_118,E2,1.916344,0.600506,2300,0.31336,7.154208,0.043801
E2_2013-8_119,E2,2.047741,0.565687,2295,0.276249,6.916234,0.039942
E2_2013-8_12,E2,6.367345,0.612147,2301,0.096138,3.834727,0.02507
E2_2013-8_120,E2,2.305444,0.678798,2293,0.294432,6.509654,0.04523
E2_2013-8_121,E2,2.179169,0.533521,2293,0.244828,6.699929,0.036542
E2_2013-8_128,E2,1.88283,0.524144,2295,0.278381,7.218833,0.038563
E2_2013-8_129,E2,1.92998,0.588454,2294,0.304901,7.128395,0.042773
E2_2013-8_13,E2,1.143755,0.364617,2294,0.318789,9.296842,0.03429
E2_2013-8_130,E2,1.937635,0.549012,2292,0.283342,7.114023,0.039829
E2_2013-8_131,E2,1.716102,0.200819,2297,0.117021,7.5678,0.015463
E2_2013-8_132,E2,1.77145,0.220765,2297,0.124624,7.446538,0.016736
E2_2013-8_133,E2,1.654961,0.226755,2300,0.137015,7.708721,0.017774
E2_2013-8_134,E2,1.647357,0.276678,2296,0.167953,7.726791,0.021736
E2_2013-8_135,E2,1.75346,0.204737,2300,0.116762,7.485325,0.015599
E2_2013-8_136,E2,1.53025,0.167379,2292,0.10938,8.021769,0.013635
E2_2013-8_137,E2,1.780428,0.13842,2292,0.077746,7.427399,0.010467
E2_2013-8_138,E2,1.510915,0.136744,2292,0.090504,8.073727,0.01121
E2_2013-8_139,E2,1.626859,0.134319,2292,0.082563,7.776125,0.010618
E2_2013-8_14,E2,1.028762,0.17655,2300,0.171614,9.808375,0.017497
E2_2013-8_140,E2,1.648424,0.158247,2299,0.095999,7.724248,0.012428
E2_2013-8_141,E2,1.747499,0.1522,2299,0.087096,7.498308,0.011615
E2_2013-8_142,E2,1.870858,0.135906,2292,0.072644,7.242334,0.01003
E2_2013-8_143,E2,1.56299,0.142737,2300,0.091323,7.935989,0.011507
E2_2013-8_144,E2,1.580803,0.140198,2295,0.088688,7.890437,0.01124
E2_2013-8_145,E2,1.456226,0.148986,2297,0.10231,8.226219,0.012437
E2_2013-8_146,E2,1.68981,0.152064,2299,0.089989,7.627466,0.011798
E2_2013-8_147,E2,1.552874,0.143868,2300,0.092646,7.962207,0.011636
E2_2013-8_148,E2,1.447227,0.207316,2298,0.143251,8.252131,0.017359
E2_2013-8_149,E2,1.856756,0.407703,2301,0.219578,7.270307,0.030202
E2_2013-8_150,E2,1.46171,0.156085,2297,0.106782,8.210544,0.013006
E2_2013-8_151,E2,2.017453,0.337875,2294,0.167476,6.969035,0.024031
E2_2013-8_152,E2,1.50537,0.191664,2300,0.12732,8.088809,0.01574
E2_2013-8_153,E2,1.518033,0.172438,2301,0.113593,8.054486,0.014103
E2_2013-8_154,E2,1.547133,0.176441,2297,0.114044,7.977199,0.014296
E2_2013-8_155,E2,1.325705,0.13328,2297,0.100535,8.627373,0.011653
E2_2013-8_156,E2,1.55242,0.134234,2294,0.086468,7.963388,0.010858
E2_2013-8_157,E2,1.578058,0.168566,2298,0.106818,7.897405,0.013526
E2_2013-8_158,E2,1.631365,0.182493,2297,0.111865,7.765201,0.014406
E2_2013-8_159,E2,1.500573,0.153861,2295,0.102535,8.101927,0.012656
E2_2013-8_160,E2,1.312849,0.132508,2299,0.100932,8.670075,0.011641
E2_2013-8_163,E2,5.621454,2.781293,2301,0.494764,4.097437,0.12075
E2_2013-8_167,E2,1.486841,0.074583,2300,0.050162,8.139822,0.006163
E2_2013-8_168,E2,2.196417,0.775192,2296,0.352935,6.672983,0.05289
E2_2013-8_170,E2,2.98524,0.451201,2301,0.151144,5.700714,0.026513
E2_2013-8_177,E2,1.746575,0.91007,2293,0.52106,7.500328,0.069472
E2_2013-8_179,E2,1.766584,0.527829,2292,0.298785,7.456972,0.040068
E2_2013-8_18,E2,1.945433,0.208476,2297,0.107162,7.099467,0.015094
E2_2013-8_181,E2,1.294226,2.122231,2293,1.639767,8.733054,0.187766
E2_2013-8_185,E2,34.554682,43.912121,2294,1.270801,1.376214,0.923404
E2_2013-8_186,E2,33.72238,44.567698,2292,1.321606,1.401924,0.942709
E2_2013-8_187,E2,33.636822,44.579793,2298,1.325327,1.404611,0.943554
E2_2013-8_19,E2,1.194645,2.741011,2296,2.294415,9.094332,0.252291
E2_2013-8_192,E2,9.824157,0.545821,2299,0.055559,3.029685,0.018338
E2_2013-8_193,E2,55.638005,43.903661,2298,0.789095,0.892935,0.883709
E2_2013-8_194,E2,52.672212,44.232726,2301,0.839773,0.94791,0.885921
E2_2013-8_195,E2,56.834767,45.820707,2294,0.806209,0.871485,0.925098
E2_2013-8_196,E2,57.500613,43.191382,2297,0.751146,0.859716,0.873714
E2_2013-8_197,E2,58.000035,42.772119,2297,0.73745,0.850962,0.866607
E2_2013-8_198,E2,50.682297,0.417962,2300,0.008247,0.986446,0.00836
E2_2013-8_199,E2,1.962814,0.37031,2297,0.188663,7.067338,0.026695
E2_2013-8_200,E2,1.993103,0.329188,2297,0.165164,7.012347,0.023553
E2_2013-8_201,E2,1.77778,0.261193,2296,0.146921,7.433029,0.019766
E2_2013-8_203,E2,1.027562,0.634535,2299,0.617515,9.814158,0.062921
E2_2013-8_204,E2,7.00253,13.516322,2299,1.930206,3.644249,0.529658
E2_2013-8_207,E2,2.429743,6.687823,2296,2.752482,6.336925,0.434356
E2_2013-8_209,E2,1.605971,4.622263,2295,2.878174,7.827365,0.367707
E2_2013-8_21,E2,1.203495,0.108658,2297,0.090286,9.060428,0.009965
E2_2013-8_210,E2,1.670623,5.01681,2299,3.002957,7.671891,0.391423
E2_2013-8_211,E2,2.691304,2.138864,2298,0.794731,6.013045,0.132168
E2_2013-8_215,E2,2.22376,9.322986,2298,4.192443,6.630904,0.632258
E2_2013-8_216,E2,1.213859,0.981047,2297,0.808205,9.021193,0.08959
E2_2013-8_218,E2,5.048175,5.51885,2296,1.093237,4.33695,0.252075
E2_2013-8_219,E2,7.559458,0.921595,2294,0.121913,3.496922,0.034863
E2_2013-8_22,E2,3.379092,2.21083,2298,0.654267,5.347313,0.122354
E2_2013-8_220,E2,1.81617,3.879285,2297,2.135971,7.352614,0.290505
E2_2013-8_226,E2,10.774265,0.505301,2299,0.046899,2.877738,0.016297
E2_2013-8_228,E2,6.936358,3.477438,2292,0.501335,3.662893,0.136869
E2_2013-8_229,E2,1.274899,0.628016,2297,0.492601,8.799863,0.055978
E2_2013-8_23,E2,1.383661,0.148949,2301,0.107649,8.442277,0.012751
E2_2013-8_230,E2,4.363518,2.051976,2298,0.470257,4.68159,0.100448
E2_2013-8_231,E2,3.085497,8.59462,2299,2.78549,5.604435,0.497015
E2_2013-8_232,E2,54.077135,42.02066,2297,0.77705,0.921526,0.843221
E2_2013-8_233,E2,54.350167,41.805931,2299,0.769196,0.916472,0.839301
E2_2013-8_234,E2,54.01924,42.310356,2299,0.783246,0.922601,0.848954
E2_2013-8_235,E2,44.319646,41.809339,2297,0.943359,1.120864,0.841636
E2_2013-8_236,E2,14.751073,1.369998,2299,0.092874,2.40399,0.038633
E2_2013-8_237,E2,39.192261,20.562,2294,0.524644,1.245602,0.421197
E2_2013-8_24,E2,4.594888,0.2699,2299,0.058739,4.556678,0.012891
E2_2013-8_241,E2,4.120564,0.76056,2298,0.184577,4.823746,0.038264
E2_2013-8_242,E2,14.321403,14.224178,2299,0.993211,2.445926,0.406067
E2_2013-8_243,E2,3.191612,0.999237,2301,0.313082,5.507461,0.056847
E2_2013-8_245,E2,4.126229,4.4901,2301,1.088185,4.820291,0.225751
E2_2013-8_246,E2,1.260789,2.626875,2292,2.083517,8.849598,0.235436
E2_2013-8_247,E2,1.279322,0.550167,2301,0.430046,8.784442,0.048955
E2_2013-8_248,E2,1.708629,0.555242,2294,0.324963,7.584619,0.042845
E2_2013-8_25,E2,5.016235,2.042884,2300,0.407254,4.351468,0.09359
E2_2013-8_251,E2,1.082129,0.264125,2298,0.244079,9.560878,0.025529
E2_2013-8_252,E2,3.606497,14.299435,2299,3.96491,5.169887,0.766924
E2_2013-8_253,E2,19.795445,0.162377,2298,0.008203,2.012875,0.004075
E2_2013-8_254,E2,2.683226,1.860377,2300,0.693336,6.02234,0.115127
E2_2013-8_255,E2,2.342726,0.626497,2301,0.267422,6.456417,0.04142
E2_2013-8_256,E2,5.675063,2.510187,2292,0.442319,4.07688,0.108494
E2_2013-8_258,E2,1.052181,1.335806,2300,1.269559,9.697457,0.130917
E2_2013-8_259,E2,1.163343,0.210107,2299,0.180607,9.217331,0.019594
E2_2013-8_26,E2,2.199565,1.581519,2300,0.719014,6.668099,0.107829
E2_2013-8_261,E2,1.338411,0.221031,2301,0.165145,8.585772,0.019235
E2_2013-8_264,E2,2.133474,0.591355,2300,0.277179,6.772881,0.040925
E2_2013-8_265,E2,1.225653,0.383734,2300,0.313085,8.977146,0.034876
E2_2013-8_266,E2,3.552313,3.128401,2295,0.880666,5.210631,0.169013
E2_2013-8_267,E2,1.018548,3.380144,2294,3.318591,9.85794,0.336641
E2_2013-8_268,E2,2.686634,4.370771,2300,1.626857,6.018413,0.270313
E2_2013-8_269,E2,3.225778,1.039414,2300,0.322221,5.477251,0.058829
E2_2013-8_27,E2,3.264957,0.481823,2300,0.147574,5.443186,0.027112
E2_2013-8_270,E2,9.143257,9.274401,2296,1.014343,3.152304,0.321778
E2_2013-8_272,E2,5.315191,0.144385,2295,0.027165,4.220663,0.006436
E2_2013-8_274,E2,29.11084,2.277334,2296,0.07823,1.560496,0.050131
E2_2013-8_275,E2,12.831527,9.343098,2293,0.728136,2.606397,0.279365
E2_2013-8_276,E2,5.197157,0.508537,2296,0.097849,4.270982,0.02291
E2_2013-8_28,E2,1.821182,0.187982,2298,0.10322,7.342301,0.014058
E2_2013-8_280,E2,5.325776,3.182889,2294,0.597639,4.216231,0.141747
E2_2013-8_281,E2,1.116412,1.043158,2301,0.934385,9.411307,0.099283
E2_2013-8_282,E2,1.157837,1.906208,2298,1.646353,9.239477,0.178187
E2_2013-8_283,E2,1.611091,0.472117,2294,0.293042,7.814713,0.037499
E2_2013-8_285,E2,3.300692,6.175053,2295,1.870836,5.412641,0.345642
E2_2013-8_286,E2,1.82521,0.805942,2299,0.441561,7.334044,0.060207
E2_2013-8_287,E2,2.577803,4.602141,2301,1.785295,6.147578,0.290406
E2_2013-8_288,E2,4.561577,6.016751,2301,1.319007,4.574084,0.288365
E2_2013-8_29,E2,1.782474,0.201243,2299,0.112901,7.423058,0.01521
E2_2013-8_291,E2,1.221227,1.256384,2301,1.028789,8.993602,0.114391
E2_2013-8_292,E2,3.918109,4.133375,2292,1.054941,4.952021,0.213032
E2_2013-8_293,E2,2.4399,4.020572,2299,1.647843,6.323391,0.260595
E2_2013-8_294,E2,1.14024,0.912317,2293,0.800109,9.311326,0.085929
E2_2013-8_295,E2,1.177913,0.321528,2299,0.272964,9.159473,0.029801
E2_2013-8_296,E2,1.08044,0.357731,2293,0.331097,9.56843,0.034603
E2_2013-8_297,E2,1.367415,0.49935,2294,0.365178,8.49298,0.042998
E2_2013-8_298,E2,3.394987,0.40091,2294,0.118089,5.334341,0.022137
E2_2013-8_299,E2,1.060308,0.253145,2300,0.238747,9.659826,0.024715
E2_2013-8_30,E2,3.073561,1.680926,2300,0.546898,5.615652,0.097388
E2_2013-8_300,E2,2.049683,0.717129,2298,0.349873,6.912889,0.050612
E2_2013-8_301,E2,1.04328,0.350095,2299,0.335572,9.739177,0.034456
E2_2013-8_302,E2,1.073743,0.30312,2298,0.282302,9.598549,0.029411
E2_2013-8_303,E2,6.833749,13.668831,2301,2.000195,3.692324,0.541717
E2_2013-8_304,E2,4.671573,10.285865,2298,2.201799,4.517308,0.487414
E2_2013-8_305,E2,1.968933,0.255193,2300,0.12961,7.056127,0.018368
E2_2013-8_306,E2,55.160586,0.335599,2297,0.006084,0.901603,0.006748
E2_2013-8_308,E2,5.073012,0.533222,2297,0.10511,4.325755,0.024299
E2_2013-8_31,E2,1.40906,0.138974,2300,0.098629,8.364766,0.011791
E2_2013-8_310,E2,5.021861,5.007229,2293,0.997086,4.348901,0.229273
E2_2013-8_311,E2,2.776361,0.97967,2299,0.352861,5.917632,0.059629
E2_2013-8_312,E2,2.132303,9.222368,2296,4.325073,6.77478,0.638408
E2_2013-8_315,E2,2.552607,0.664907,2297,0.260481,6.178643,0.042158
E2_2013-8_316,E2,3.649074,2.244067,2299,0.614969,5.138503,0.119679
E2_2013-8_317,E2,4.493526,4.552307,2293,1.013081,4.610232,0.219746
E2_2013-8_318,E2,3.552735,2.544722,2298,0.716271,5.21031,0.137472
E2_2013-8_319,E2,1.220869,0.89074,2292,0.729595,8.994935,0.081112
E2_2013-8_32,E2,1.024357,0.230294,2295,0.224818,9.829659,0.022871
E2_2013-8_321,E2,1.055828,0.37007,2292,0.350503,9.680518,0.036207
E2_2013-8_322,E2,1.80379,0.606802,2298,0.336404,7.378267,0.045594
E2_2013-8_323,E2,4.273862,8.386869,2299,1.962363,4.732657,0.414643
E2_2013-8_324,E2,6.572623,5.212248,2292,0.793024,3.770229,0.210338
E2_2013-8_325,E2,3.90353,4.135,2292,1.059298,4.961637,0.213498
E2_2013-8_328,E2,3.167253,5.836216,2294,1.842674,5.529294,0.333257
E2_2013-8_33,E2,23.938587,3.356956,2299,0.140232,1.782514,0.078671
E2_2013-8_330,E2,1.113325,0.277077,2300,0.248873,9.424491,0.026407
E2_2013-8_332,E2,9.952448,11.759804,2296,1.181599,3.007953,0.392825
E2_2013-8_333,E2,27.939631,11.599213,2293,0.415153,1.605972,0.258506
E2_2013-8_335,E2,1.161532,0.220947,2300,0.19022,9.224597,0.020621
E2_2013-8_337,E2,1.669229,0.312844,2293,0.187419,7.675149,0.024419
E2_2013-8_338,E2,5.059029,10.375258,2297,2.05084,4.332048,0.473411
E2_2013-8_339,E2,1.284782,0.759391,2299,0.591066,8.765512,0.067431
E2_2013-8_34,E2,3.271457,2.341727,2292,0.715806,5.437593,0.13164
E2_2013-8_340,E2,1.148205,0.41901,2298,0.364926,9.2786,0.03933
E2_2013-8_341,E2,1.166352,0.372991,2300,0.319793,9.205293,0.03474
E2_2013-8_347,E2,1.17388,4.398282,2299,3.746789,9.175378,0.408353
E2_2013-8_348,E2,1.227152,0.114996,2301,0.09371,8.971592,0.010445
E2_2013-8_35,E2,9.406437,6.19997,2292,0.65912,3.103388,0.212387
E2_2013-8_350,E2,1.425553,6.949014,2292,4.874611,8.315542,0.586205
E2_2013-8_355,E2,1.954346,1.780821,2295,0.911211,7.082939,0.128649
E2_2013-8_358,E2,3.949695,0.359582,2294,0.091041,4.93137,0.018462
E2_2013-8_36,E2,1.385407,0.898018,2298,0.648198,8.436881,0.076829
E2_2013-8_360,E2,2.246565,1.716668,2294,0.76413,6.596393,0.115841
E2_2013-8_367,E2,1.934634,8.73023,2298,4.5126,7.119646,0.633824
E2_2013-8_373,E2,1.370669,2.128212,2292,1.552681,8.482751,0.18304
E2_2013-8_375,E2,7.783948,1.403804,2296,0.180346,3.44194,0.052397
E2_2013-8_379,E2,16.673225,0.823612,2295,0.049397,2.23554,0.022096
E2_2013-8_380,E2,7.648251,4.131833,2292,0.540232,3.474893,0.155467
E2_2013-8_383,E2,45.173011,8.040537,2299,0.177994,1.101686,0.161565
E2_2013-8_384,E2,23.688134,11.591938,2300,0.489356,1.79486,0.272643
E2_2013-8_385,E2,7.744194,6.721131,2291,0.867893,3.451507,0.251453
E2_2013-8_386,E2,30.232051,6.535636,2300,0.216182,1.519127,0.142307
E2_2013-8_387,E2,2.346433,3.294353,2298,1.403983,6.451191,0.217632
E2_2013-8_388,E2,1.053854,0.296459,2295,0.281309,9.689675,0.029032
E2_2013-8_39,E2,1.128024,0.214795,2300,0.190417,9.362191,0.020339
E2_2013-8_392,E2,58.861551,11.764243,2290,0.199863,0.836004,0.23907
E2_2013-8_393,E2,1.002073,1.073917,2293,1.071695,9.939473,0.107822
E2_2013-8_394,E2,2.932332,8.046716,2300,2.744135,5.753481,0.476952
E2_2013-8_399,E2,2.474782,2.605458,2296,1.052803,6.277547,0.167709
E2_2013-8_400,E2,4.27392,11.399544,2301,2.667234,4.732623,0.563585
E2_2013-8_401,E2,2.117774,0.254629,2297,0.120234,6.798485,0.017685
E2_2013-8_402,E2,1.21541,1.373976,2300,1.130463,9.015363,0.125393
E2_2013-8_405,E2,1.325019,0.202339,2295,0.152706,8.629635,0.017696
E2_2013-8_406,E2,1.276074,1.165259,2296,0.913159,8.795757,0.103818
E2_2013-8_407,E2,62.228789,18.00136,2296,0.289277,0.779085,0.371304
E2_2013-8_408,E2,8.064384,3.841732,2298,0.476383,3.376419,0.141091
E2_2013-8_41,E2,29.848059,44.351839,2293,1.48592,1.533069,0.969245
E2_2013-8_410,E2,6.095057,14.186629,2296,2.327563,3.925142,0.592988
E2_2013-8_411,E2,29.896008,17.148144,2296,0.573593,1.531316,0.374575
E2_2013-8_412,E2,43.450675,4.683777,2296,0.107795,1.140816,0.09449
E2_2013-8_413,E2,32.141449,19.023431,2296,0.591866,1.453013,0.407337
E2_2013-8_414,E2,1.937398,1.610378,2296,0.831207,7.114465,0.116833
E2_2013-8_415,E2,4.849891,4.041052,2296,0.833225,4.429336,0.188115
E2_2013-8_416,E2,4.6375,0.762416,2296,0.164402,4.534682,0.036254
E2_2013-8_417,E2,5.460246,8.271191,2296,1.514802,4.161033,0.364045
E2_2013-8_419,E2,1.911977,0.292109,2296,0.152779,7.162533,0.02133
E2_2013-8_42,E2,27.593594,42.429125,2301,1.537644,1.619886,0.94923
E2_2013-8_420,E2,8.175301,4.293838,2295,0.525221,3.351412,0.156716
E2_2013-8_421,E2,16.602816,1.275918,2298,0.076849,2.241222,0.034289
E2_2013-8_426,E2,1.734377,7.26682,2299,4.189872,7.527123,0.556637
E2_2013-8_43,E2,26.210883,41.332385,2296,1.576917,1.677858,0.939839
E2_2013-8_44,E2,27.171368,43.129143,2299,1.587301,1.637176,0.969536
E2_2013-8_440,E2,2.436761,3.751447,2298,1.539522,6.327566,0.243304
E2_2013-8_45,E2,26.688443,41.659106,2297,1.560942,1.65739,0.941807
E2_2013-8_46,E2,28.098935,41.60788,2299,1.480764,1.599642,0.925685
E2_2013-8_47,E2,29.750631,43.885257,2293,1.475103,1.536644,0.959952
E2_2013-8_48,E2,28.587109,43.465413,2294,1.520455,1.580532,0.96199
E2_2013-8_486,E2,1.12299,4.792641,2297,4.267752,9.383391,0.45482
E2_2013-8_488,E2,6.013499,1.893485,2299,0.314872,3.953385,0.079646
E2_2013-8_49,E2,26.660565,42.283822,2299,1.586006,1.658571,0.956249
E2_2013-8_493,E2,1.758718,0.086055,2295,0.048931,7.473929,0.006547
E2_2013-8_495,E2,1.761047,1.661298,2292,0.943358,7.468895,0.126305
E2_2013-8_496,E2,5.544915,0.365802,2300,0.065971,4.127292,0.015984
E2_2013-8_497,E2,5.55667,0.191558,2301,0.034474,4.122668,0.008362
E2_2013-8_498,E2,4.919614,2.942869,2300,0.598191,4.396225,0.136069
E2_2013-8_5,E2,3.468623,1.70931,2294,0.492792,5.275404,0.093413
E2_2013-8_50,E2,26.744684,42.453108,2295,1.587348,1.655011,0.959116
E2_2013-8_500,E2,11.485933,3.860324,2295,0.336091,2.776023,0.121069
E2_2013-8_51,E2,27.636543,43.000557,2296,1.555931,1.618146,0.961552
E2_2013-8_52,E2,28.368245,43.626132,2298,1.537851,1.589046,0.967782
E2_2013-8_53,E2,28.944447,43.511174,2300,1.503265,1.56681,0.959443
E2_2013-8_55,E2,30.395831,41.697088,2301,1.371803,1.51325,0.906528
E2_2013-8_56,E2,7.257463,24.153503,2292,3.328092,3.574762,0.930997
E2_2013-8_57,E2,27.493254,40.622515,2299,1.477545,1.623963,0.909839
E2_2013-8_58,E2,7.060524,23.799055,2301,3.370721,3.62812,0.929054
E2_2013-8_59,E2,7.050778,23.894135,2296,3.388865,3.630817,0.933362
E2_2013-8_60,E2,30.37629,39.365435,2299,1.295926,1.513949,0.855991
E2_2013-8_61,E2,24.248949,39.835657,2297,1.642779,1.767453,0.929461
E2_2013-8_62,E2,34.417967,41.49493,2292,1.205618,1.380384,0.873394
E2_2013-8_63,E2,26.441448,40.94023,2299,1.548335,1.667915,0.928306
E2_2013-8_64,E2,26.460153,41.096614,2292,1.553151,1.667114,0.931641
E2_2013-8_65,E2,33.930817,40.768105,2300,1.201507,1.395412,0.861041
E2_2013-8_66,E2,30.938419,40.986526,2298,1.324778,1.494064,0.886694
E2_2013-8_67,E2,25.029922,40.192914,2301,1.605795,1.73067,0.927846
E2_2013-8_68,E2,20.720993,37.962775,2297,1.832092,1.956022,0.936642
E2_2013-8_69,E2,25.625177,41.582214,2295,1.622709,1.703647,0.952492
E2_2013-8_70,E2,9.942788,23.579233,2301,2.371491,3.009575,0.787982
E2_2013-8_71,E2,4.025991,17.154858,2301,4.261028,4.88248,0.872718
E2_2013-8_72,E2,4.431365,18.146779,2296,4.095077,4.643965,0.881806
E2_2013-8_73,E2,4.045368,16.833951,2296,4.16129,4.87028,0.854425
E2_2013-8_74,E2,4.127632,16.680178,2298,4.041101,4.819436,0.838501
E2_2013-8_75,E2,3.360914,15.842468,2301,4.713738,5.362258,0.879058
E2_2013-8_76,E2,29.593544,41.270468,2296,1.394577,1.542438,0.904138
E2_2013-8_77,E2,2.821117,14.503373,2301,5.141004,5.869153,0.875936
E2_2013-8_78,E2,2.646703,14.009565,2295,5.293215,6.064888,0.872764
E2_2013-8_79,E2,2.610303,12.630907,2292,4.838866,6.108169,0.792196
E2_2013-8_80,E2,29.309118,41.46571,2292,1.414772,1.553032,0.910974
E2_2013-8_81,E2,26.744515,40.527258,2297,1.515348,1.655018,0.915608
E2_2013-8_83,E2,4.453967,2.240806,2293,0.503103,4.631619,0.108624
E2_2013-8_84,E2,1.201435,0.638771,2294,0.531673,9.068285,0.05863
E2_2013-8_85,E2,1.67825,0.978308,2297,0.582933,7.654142,0.076159
E2_2013-8_86,E2,1.347826,0.622066,2296,0.461533,8.555323,0.053947
E2_2013-8_89,E2,6.50592,8.767743,2298,1.347656,3.790859,0.355501
E2_2013-8_9,E2,23.451028,0.28036,2293,0.011955,1.806711,0.006617
E2_2013-8_90,E2,2.255262,0.473924,2296,0.210142,6.583369,0.03192
E2_2013-8_91,E2,1.599547,0.315318,2296,0.19713,7.843322,0.025133
E2_2013-8_93,E2,4.633728,8.967767,2299,1.935324,4.536617,0.426601
E2_2013-8_94,E2,17.814382,21.938639,2296,1.231513,2.147892,0.573359
E2_2013-8_95,E2,10.21716,16.862092,2296,1.65037,2.964364,0.556736
E2_2013-8_96,E2,16.5713,21.365631,2299,1.289315,2.243776,0.574619
E2_2013-8_97,E2,6.34258,11.914478,2297,1.878491,3.842714,0.488845
E2_2013-8_98,E2,1.858788,0.94982,2299,0.510989,7.266257,0.070324
E2_2013-8_99,E2,1.678692,0.378448,2298,0.225442,7.653117,0.029458
E3_m_1073,E3,44.211287,9.680713,2036,0.218965,1.123328,0.194925
E3_m_1081,E3,49.041727,9.26985,2099,0.18902,1.019353,0.185431
E3_m_111,E3,41.76131,10.38707,2154,0.248725,1.180915,0.21062
E3_m_1110,E3,47.510278,9.797499,2131,0.206219,1.051098,0.196193
E3_m_1116,E3,41.06109,10.90591,2146,0.265602,1.19808,0.22169
E3_m_1117,E3,37.565324,11.260442,2151,0.299756,1.289197,0.232514
E3_m_1119,E3,42.59167,10.855068,2073,0.254864,1.160981,0.219524
E3_m_1123,E3,16.507255,13.475134,2121,0.816316,2.248987,0.36297
E3_m_1127,E3,44.808517,12.103382,2145,0.270113,1.109828,0.243383
E3_m_1130,E3,41.970163,11.040013,2046,0.263044,1.175859,0.223704
E3_m_1133,E3,47.806107,10.558343,2109,0.220858,1.044884,0.21137
E3_m_1143,E3,36.896219,14.064248,2063,0.381184,1.307786,0.291473
E3_m_1148,E3,35.878426,11.327801,2058,0.315727,1.336858,0.236171
E3_m_115,E3,30.629388,11.226502,2106,0.366527,1.504938,0.24355
E3_m_1150,E3,33.317079,11.442977,2100,0.343457,1.414731,0.242772
E3_m_1151,E3,50.788405,10.952784,2156,0.215655,0.984354,0.219083
E3_m_1154,E3,33.505496,11.357052,2085,0.338961,1.408753,0.240611
E3_m_1155,E3,37.861097,12.566474,2120,0.33191,1.281106,0.259081
E3_m_116,E3,40.543908,11.322007,2134,0.279253,1.210976,0.230602
E3_m_1163,E3,40.909819,10.93086,2013,0.267194,1.201832,0.222322
E3_m_1170,E3,41.094498,12.17226,2141,0.296202,1.197253,0.247401
E3_m_1182,E3,34.961963,15.22096,2156,0.435358,1.36391,0.319198
E3_m_1184,E3,27.89444,10.827433,2034,0.388157,1.607776,0.241425
E3_m_1187,E3,43.871519,11.970733,2087,0.272859,1.131098,0.241234
E3_m_1188,E3,40.664367,10.565286,2032,0.259817,1.207955,0.215088
E3_m_1198,E3,45.021764,10.6956,2060,0.237565,1.105056,0.21498
E3_m_1225,E3,29.486529,11.331329,2118,0.384288,1.546408,0.248504
E3_m_1226,E3,36.994002,11.510727,2081,0.311151,1.305044,0.238422
E3_m_1243,E3,47.751542,11.665216,2076,0.24429,1.046027,0.233541
E3_m_1247,E3,44.723377,9.946683,2124,0.222405,1.111741,0.200051
E3_m_125,E3,43.239626,9.585685,2105,0.221688,1.145728,0.19349
E3_m_1251,E3,40.986721,10.726995,2143,0.261719,1.199923,0.218113
E3_m_1253,E3,48.106857,10.55788,2072,0.219467,1.038608,0.211309
E3_m_126,E3,46.027679,10.273683,2094,0.223207,1.082869,0.206125
E3_m_1274,E3,50.077297,8.306602,2067,0.165876,0.998455,0.166132
E3_m_128,E3,7.982525,16.778415,2057,2.101893,3.395197,0.619078
E3_m_1282,E3,45.9292,11.857456,2094,0.258168,1.085018,0.237939
E3_m_1283,E3,51.248525,9.376404,2129,0.182959,0.975334,0.187587
E3_m_1291,E3,29.877343,11.202032,2133,0.374934,1.531998,0.244735
E3_m_1298,E3,34.044206,10.98616,2114,0.322703,1.39189,0.231845
E3_m_1299,E3,4.739448,0.721668,2122,0.152268,4.483247,0.033964
E3_m_130,E3,37.569493,13.844559,2131,0.368505,1.289083,0.285866
E3_m_1301,E3,37.488074,11.139236,2123,0.297141,1.291323,0.230106
E3_m_1303,E3,31.196062,11.735276,2097,0.376178,1.485104,0.253301
E3_m_1308,E3,48.452496,9.586324,2095,0.19785,1.031444,0.191818
E3_m_1313,E3,35.296645,11.548576,2108,0.327186,1.353931,0.241656
E3_m_1317,E3,41.974977,11.071002,2142,0.263752,1.175743,0.224328
E3_m_1325,E3,44.526463,10.307085,2143,0.231482,1.116179,0.207388
E3_m_1330,E3,43.262972,12.21938,2149,0.282444,1.145184,0.246637
E3_m_1331,E3,49.365267,9.380371,2069,0.19002,1.012776,0.187623
E3_m_1332,E3,43.496001,10.645553,2133,0.244748,1.139764,0.214736
E3_m_1335,E3,38.668694,11.784292,2058,0.30475,1.259393,0.241982
E3_m_134,E3,40.390865,11.53981,2142,0.285703,1.214828,0.23518
E3_m_1340,E3,32.875672,11.228557,2065,0.341546,1.428903,0.239027
E3_m_1343,E3,38.144845,11.176658,2136,0.293006,1.273415,0.230094
E3_m_1345,E3,43.964303,11.34388,2072,0.258025,1.12897,0.228549
E3_m_1353,E3,35.030417,11.183115,2163,0.31924,1.36186,0.234415
E3_m_1354,E3,36.556834,12.215844,2083,0.33416,1.317371,0.253657
E3_m_1359,E3,4.621948,0.715225,2071,0.154745,4.542675,0.034065
E3_m_1361,E3,40.592774,10.655811,2146,0.262505,1.209749,0.216991
E3_m_1362,E3,32.358059,13.412511,2103,0.414503,1.445829,0.286689
E3_m_1364,E3,39.152254,12.369724,2113,0.315939,1.246648,0.253431
E3_m_1371,E3,43.038987,14.432792,2116,0.335342,1.150424,0.291495
E3_m_1375,E3,41.672607,10.476069,2164,0.25139,1.183071,0.212489
E3_m_1385,E3,40.145441,10.369457,2036,0.258297,1.221042,0.211538
E3_m_1387,E3,34.452911,11.532627,2087,0.334736,1.379316,0.242683
E3_m_1399,E3,41.353991,10.52403,2117,0.254486,1.190859,0.2137
E3_m_1406,E3,2.948651,0.116561,2051,0.03953,5.737057,0.00689
E3_m_1407,E3,40.535854,10.929856,2141,0.269634,1.211178,0.222622
E3_m_1409,E3,38.997915,10.904043,2120,0.279606,1.250696,0.22356
E3_m_1411,E3,45.798973,11.567214,2095,0.252565,1.087867,0.232165
E3_m_1439,E3,39.969709,11.009759,2103,0.275453,1.225518,0.224764
E3_m_1442,E3,38.087543,10.875567,2087,0.285541,1.274963,0.22396
E3_m_1451,E3,43.635125,10.857761,2095,0.248831,1.136544,0.218936
E3_m_146,E3,44.90353,12.057233,2059,0.268514,1.107699,0.242407
E3_m_1463,E3,9.653343,21.480659,1893,2.225204,3.059266,0.727365
E3_m_1469,E3,40.715443,10.565662,2127,0.2595,1.206677,0.215053
E3_m_1492,E3,33.964687,11.94342,2034,0.351642,1.394358,0.252189
E3_m_1510,E3,32.192782,11.293442,2111,0.350807,1.451305,0.241718
E3_m_1524,E3,41.323809,14.444989,2121,0.349556,1.191601,0.29335
E3_m_1528,E3,42.425133,10.714669,2005,0.252555,1.164944,0.216796
E3_m_1543,E3,36.34274,11.873824,2141,0.326718,1.323473,0.246864
E3_m_1544,E3,48.472493,10.800011,2029,0.222807,1.031031,0.216101
E3_m_1547,E3,45.153091,10.24647,2072,0.226927,1.102129,0.205899
E3_m_1562,E3,31.234088,11.584652,2151,0.370898,1.483789,0.249967
E3_m_1566,E3,43.760082,10.587596,2158,0.241946,1.133661,0.21342
E3_m_160,E3,40.006621,11.1371,2045,0.278381,1.224576,0.227329
E3_m_1603,E3,47.908782,9.831877,2117,0.205221,1.042737,0.19681
E3_m_1605,E3,35.200458,11.202231,2153,0.318241,1.356787,0.234555
E3_m_1610,E3,34.034292,11.748202,2122,0.345187,1.392197,0.247944
E3_m_1637,E3,43.24606,10.033226,2046,0.232003,1.145578,0.202521
E3_m_1644,E3,43.782465,10.697073,2100,0.244323,1.133146,0.215615
E3_m_1662,E3,28.254786,11.333375,2097,0.401113,1.593494,0.251719
E3_m_1668,E3,7.904664,16.528118,2045,2.090932,3.413321,0.61258
E3_m_1673,E3,45.89279,10.136798,2145,0.22088,1.085814,0.203423
E3_m_1682,E3,33.930623,11.694285,2126,0.344653,1.395418,0.246989
E3_m_1689,E3,39.833366,12.03885,2138,0.30223,1.229007,0.245914
E3_m_1692,E3,39.899473,15.638476,2121,0.391947,1.227314,0.319354
E3_m_1702,E3,48.261557,9.228812,2045,0.191225,1.035395,0.184688
E3_m_1707,E3,43.598123,13.144878,2051,0.301501,1.137399,0.265079
E3_m_1723,E3,38.209844,11.48401,2067,0.300551,1.271663,0.236345
E3_m_1741,E3,33.210317,11.243593,2110,0.338557,1.418137,0.238734
E3_m_1764,E3,37.609575,13.574013,2101,0.360919,1.287982,0.280221
E3_m_1765,E3,39.177103,11.403408,2072,0.291073,1.245998,0.233607
E3_m_1773,E3,41.604144,11.143946,2169,0.267857,1.184739,0.226089
E3_m_1789,E3,45.552891,12.962722,2126,0.284564,1.093275,0.260286
E3_m_1797,E3,45.706357,11.810224,2080,0.258393,1.089899,0.23708
E3_m_1798,E3,4.157671,0.661647,2076,0.159139,4.801242,0.033145
E3_m_1801,E3,40.790092,10.218901,2098,0.250524,1.204814,0.207936
E3_m_1811,E3,44.061018,13.801437,2036,0.313235,1.126756,0.277997
E3_m_1813,E3,48.501672,10.734381,2137,0.22132,1.030429,0.214784
E3_m_182,E3,32.324706,11.146075,2016,0.344816,1.446931,0.238309
E3_m_1836,E3,39.956976,11.31002,2147,0.283055,1.225843,0.230906
E3_m_1844,E3,44.899614,9.921533,2005,0.220971,1.107786,0.199471
E3_m_1856,E3,48.500171,12.616556,2067,0.260134,1.03046,0.252445
E3_m_1858,E3,37.673355,11.686498,2090,0.310206,1.286233,0.241174
E3_m_1862,E3,48.186326,9.671507,2033,0.200711,1.036956,0.193558
E3_m_1865,E3,45.648291,11.318523,2127,0.247951,1.091175,0.227233
E3_m_1873,E3,38.532227,11.661529,2144,0.302644,1.263024,0.239618
E3_m_1884,E3,43.464424,10.886982,2083,0.25048,1.140496,0.219624
E3_m_1885,E3,34.221451,11.69507,2104,0.341747,1.386414,0.246497
E3_m_19,E3,41.415837,10.62994,2041,0.256664,1.189342,0.215803
E3_m_1905,E3,33.479653,10.90331,2080,0.32567,1.40957,0.231042
E3_m_1907,E3,40.721863,11.133387,2132,0.273401,1.206517,0.226603
E3_m_1910,E3,47.067533,9.704524,2125,0.206183,1.060475,0.194425
E3_m_1916,E3,27.646551,11.832891,2065,0.428006,1.617742,0.26457
E3_m_1917,E3,39.190585,10.849569,2082,0.276841,1.245646,0.222247
E3_m_1923,E3,42.250156,10.456739,2076,0.247496,1.169126,0.211693
E3_m_193,E3,4.713282,0.928833,2067,0.197067,4.496292,0.043829
E3_m_1932,E3,40.514727,12.790064,2101,0.315689,1.211709,0.260532
E3_m_1944,E3,38.039015,11.180481,2148,0.293921,1.276276,0.230296
E3_m_195,E3,35.150432,11.454631,2149,0.325875,1.358277,0.239918
E3_m_1954,E3,47.213864,9.999713,2081,0.211796,1.057366,0.200305
E3_m_1955,E3,38.179999,11.432097,2142,0.299426,1.272467,0.235312
E3_m_1961,E3,38.65105,14.909004,2109,0.385733,1.259862,0.306171
E3_m_1962,E3,39.218285,10.786223,2088,0.27503,1.244922,0.220922
E3_m_1963,E3,44.129844,9.486572,2091,0.21497,1.125185,0.191053
E3_m_1967,E3,31.796794,11.529758,2054,0.362608,1.464572,0.247586
E3_m_1968,E3,35.678609,13.589318,2133,0.380881,1.342684,0.283672
E3_m_1969,E3,31.768849,11.834289,2050,0.372512,1.465516,0.254185
E3_m_1970,E3,42.837869,10.310079,2063,0.240677,1.155155,0.20835
E3_m_1971,E3,6.075075,0.170898,2055,0.028131,3.93201,0.007154
E3_m_1972,E3,44.414552,10.70584,2117,0.241044,1.118711,0.215465
E3_m_1973,E3,41.649042,14.480499,2030,0.347679,1.183645,0.293736
E3_m_1974,E3,30.509545,11.414599,2092,0.374132,1.509193,0.247902
E3_m_1977,E3,39.29395,11.447149,2083,0.291321,1.242949,0.234379
E3_m_1978,E3,44.508049,10.100493,2133,0.226936,1.116595,0.20324
E3_m_1979,E3,39.271356,14.555296,2103,0.370634,1.243537,0.298048
E3_m_199,E3,37.976666,13.274806,2058,0.349552,1.277966,0.273522
E3_m_1998,E3,7.220166,15.214062,2004,2.107162,3.584703,0.587821
E3_m_2003,E3,41.169172,11.281804,2073,0.274035,1.195409,0.22924
E3_m_2007,E3,50.933992,9.743713,2058,0.191301,0.981491,0.194908
E3_m_2016,E3,31.679597,11.490833,2080,0.36272,1.468539,0.246994
E3_m_2022,E3,36.023761,13.311559,2181,0.369522,1.332646,0.277284
E3_m_2029,E3,43.899567,10.794794,2007,0.245898,1.130454,0.217521
E3_m_2032,E3,32.032248,11.120998,2146,0.347181,1.456658,0.238341
E3_m_204,E3,37.310194,11.871242,2016,0.318177,1.296238,0.245462
E3_m_2050,E3,32.912281,12.291488,2066,0.373462,1.427718,0.26158
E3_m_2054,E3,39.614943,13.478315,2112,0.340233,1.234625,0.275576
E3_m_206,E3,33.792389,11.157538,2136,0.330179,1.399731,0.235888
E3_m_2067,E3,40.640942,11.450331,2100,0.281744,1.208542,0.233127
E3_m_2080,E3,42.392279,10.293722,2092,0.242821,1.165727,0.2083
E3_m_2086,E3,42.582531,11.161963,2091,0.262125,1.161198,0.225737
E3_m_209,E3,40.125258,9.968057,2116,0.248424,1.221555,0.203367
E3_m_2093,E3,48.038186,9.095555,2099,0.18934,1.040037,0.182051
E3_m_2105,E3,43.467883,10.695094,2060,0.246046,1.140416,0.215751
E3_m_2112,E3,4.882093,0.680494,2149,0.139386,4.413957,0.031578
E3_m_2125,E3,44.827107,10.645637,2075,0.237482,1.109411,0.214061
E3_m_2141,E3,30.198329,10.742308,2084,0.355725,1.520343,0.233977
E3_m_2142,E3,39.572,13.174632,2137,0.332928,1.235734,0.269417
E3_m_215,E3,37.942087,15.358284,2058,0.404782,1.278904,0.316507
E3_m_2171,E3,41.084312,13.252591,2100,0.322571,1.197505,0.269369
E3_m_2172,E3,37.224256,12.093053,2111,0.32487,1.298623,0.250165
E3_m_22,E3,43.393337,10.763788,2121,0.248052,1.142148,0.21718
E3_m_2225,E3,41.470701,10.960677,2076,0.264299,1.187999,0.222474
E3_m_2239,E3,48.790316,14.10805,2090,0.289157,1.024494,0.282244
E3_m_225,E3,1.313718,0.790405,1958,0.601655,8.667172,0.069418
E3_m_2253,E3,37.124944,14.251366,2079,0.383876,1.301386,0.294974
E3_m_2282,E3,39.344474,11.305726,2144,0.287352,1.241633,0.231431
E3_m_2285,E3,32.404458,11.626295,2110,0.358787,1.444297,0.248416
E3_m_2301,E3,42.932993,10.806164,2106,0.251698,1.152914,0.218315
E3_m_2318,E3,34.310551,13.200441,2133,0.384734,1.383675,0.278052
E3_m_2319,E3,47.460004,12.743834,2098,0.268517,1.052158,0.255206
E3_m_2324,E3,15.460728,4.879046,2094,0.315577,2.338376,0.134956
E3_m_2330,E3,41.31188,10.587004,2151,0.25627,1.191894,0.215011
E3_m_2346,E3,41.3564,10.329572,2066,0.24977,1.1908,0.209749
E3_m_2352,E3,36.637184,14.956498,2046,0.408233,1.315092,0.310421
E3_m_2360,E3,47.309157,10.556921,2094,0.223148,1.055346,0.211445
E3_m_2362,E3,40.476758,13.811739,2116,0.341226,1.212664,0.281386
E3_m_2380,E3,43.294973,10.654698,2121,0.246096,1.144437,0.215036
E3_m_2426,E3,38.568799,11.923722,2109,0.309155,1.26205,0.244962
E3_m_2439,E3,33.58719,14.688555,2110,0.437326,1.406174,0.311004
E3_m_2443,E3,39.554456,11.186685,2016,0.282817,1.236188,0.228782
E3_m_2444,E3,41.123306,13.719648,2107,0.333622,1.196541,0.278822
E3_m_2446,E3,40.63612,11.172644,2133,0.274944,1.208662,0.227478
E3_m_2457,E3,41.256094,10.55952,2075,0.255951,1.193266,0.214496
E3_m_2465,E3,6.143492,0.497613,2091,0.080998,3.90863,0.020723
E3_m_2466,E3,32.230216,15.213631,2047,0.47203,1.450062,0.325524
E3_m_2469,E3,39.283918,12.196887,2133,0.31048,1.24321,0.249741
E3_m_2473,E3,29.861154,11.1946,2129,0.374888,1.53259,0.244611
E3_m_2477,E3,47.592471,10.578749,2130,0.222278,1.049368,0.211821
E3_m_2481,E3,37.722037,13.169662,2150,0.349124,1.284901,0.271713
E3_m_2484,E3,42.121923,11.930813,2152,0.283245,1.172203,0.241634
E3_m_2493,E3,30.986396,11.26033,2014,0.363396,1.492388,0.2435
E3_m_2494,E3,42.505695,10.470946,2088,0.246342,1.163024,0.211812
E3_m_2495,E3,43.51506,11.001012,2081,0.252809,1.139322,0.221894
E3_m_2496,E3,35.680071,11.456225,2092,0.321082,1.342641,0.239142
E3_m_2497,E3,37.605549,12.519649,2152,0.33292,1.288092,0.25846
E3_m_2498,E3,41.442288,12.449581,1998,0.300408,1.188694,0.252721
E3_m_2501,E3,38.305472,11.543475,2125,0.301353,1.269091,0.237456
E3_m_2503,E3,44.687707,9.949345,2177,0.222642,1.112543,0.20012
E3_m_2504,E3,30.274873,11.418228,2128,0.377152,1.517587,0.248521
E3_m_2505,E3,45.518231,9.616655,2090,0.21127,1.094039,0.19311
E3_m_2509,E3,42.7914,14.278937,2168,0.333687,1.156252,0.288594
E3_m_2510,E3,46.726647,9.964072,2135,0.213242,1.067758,0.19971
E3_m_2518,E3,37.044374,10.922792,2110,0.294857,1.303635,0.226181
E3_m_2519,E3,46.24325,11.153157,2159,0.241185,1.078183,0.223695
E3_m_2523,E3,43.559082,13.101885,2122,0.300784,1.138302,0.264239
E3_m_2528,E3,47.547325,11.850018,2106,0.249226,1.050318,0.237286
E3_m_2531,E3,34.348363,15.429004,2085,0.449192,1.382515,0.324909
E3_m_2536,E3,39.153004,12.540677,2014,0.320299,1.246628,0.256932
E3_m_2590,E3,41.540713,10.411389,2012,0.250631,1.186287,0.211273
E3_m_2595,E3,34.427435,11.775184,2120,0.342029,1.380094,0.24783
E3_m_2599,E3,32.292244,14.754361,2063,0.456901,1.448005,0.315538
E3_m_2609,E3,38.637695,11.465584,2118,0.296746,1.260217,0.235472
E3_m_261,E3,39.822723,13.686063,2110,0.343675,1.22928,0.279574
E3_m_2622,E3,48.259548,9.237042,2001,0.191403,1.035437,0.184853
E3_m_2628,E3,40.477538,11.702961,1616,0.289122,1.212644,0.238423
E3_m_2644,E3,35.33859,10.626864,2113,0.300716,1.352689,0.222309
E3_m_2649,E3,34.701515,10.915637,2111,0.314558,1.371757,0.22931
E3_m_2653,E3,41.261411,13.413619,2102,0.325089,1.193135,0.272466
E3_m_2666,E3,35.780059,10.365757,2078,0.289708,1.339721,0.216245
E3_m_2669,E3,43.575112,12.133912,2142,0.27846,1.137931,0.244707
E3_m_267,E3,44.410746,11.840117,1997,0.266605,1.118797,0.238296
E3_m_2682,E3,36.612979,10.969844,2072,0.299616,1.315778,0.22771
E3_m_2685,E3,32.507788,11.32754,2112,0.348456,1.440898,0.241833
E3_m_2693,E3,39.995239,14.57225,2133,0.36435,1.224866,0.297461
E3_m_2696,E3,32.809437,14.023482,2100,0.427422,1.43105,0.298677
E3_m_2703,E3,44.181532,12.704934,2115,0.287562,1.124006,0.255837
E3_m_2709,E3,45.749625,12.642729,2141,0.276346,1.088949,0.253773
E3_m_271,E3,44.507972,10.529842,2141,0.236583,1.116597,0.211879
E3_m_2718,E3,43.893769,10.305329,2144,0.234779,1.130587,0.207661
E3_m_2725,E3,30.723835,11.437667,2108,0.372273,1.5016,0.247918
E3_m_273,E3,34.204424,15.730731,2157,0.459903,1.386938,0.331596
E3_m_2732,E3,48.57248,9.572797,2113,0.197083,1.02897,0.191534
E3_m_2740,E3,39.906581,14.846762,2059,0.372038,1.227132,0.303177
E3_m_2741,E3,40.897551,11.630993,2108,0.284393,1.202137,0.236573
E3_m_2745,E3,31.683041,11.389245,2077,0.359474,1.468422,0.244803
E3_m_2749,E3,43.204942,10.185096,2051,0.235739,1.146538,0.205609
E3_m_2750,E3,33.875417,13.364369,2147,0.394515,1.397137,0.282374
E3_m_2756,E3,37.79696,11.677493,2061,0.308953,1.282854,0.240833
E3_m_2763,E3,21.145234,3.477875,2133,0.164476,1.931113,0.085171
E3_m_2771,E3,44.22981,13.044495,2048,0.294925,1.122906,0.262645
E3_m_2776,E3,41.739899,10.335412,2130,0.247615,1.181435,0.209588
E3_m_2779,E3,30.471904,13.303033,2102,0.436567,1.510534,0.289015
E3_m_2783,E3,29.047274,14.425615,2068,0.496625,1.562902,0.317758
E3_m_280,E3,45.78343,11.206607,2111,0.244774,1.088208,0.224933
E3_m_2824,E3,48.204846,12.952154,2065,0.26869,1.036571,0.25921
E3_m_2847,E3,39.790142,10.788446,2150,0.271134,1.230116,0.220413
E3_m_2848,E3,34.914305,9.250536,904,0.26495,1.365341,0.194054
E3_m_2858,E3,50.06464,9.037547,2077,0.180518,0.998708,0.180751
E3_m_2862,E3,45.60805,9.701545,2074,0.212716,1.09206,0.194784
E3_m_2869,E3,17.179471,5.431699,2009,0.316174,2.195655,0.144
E3_m_2882,E3,32.714802,13.869805,2104,0.423961,1.434127,0.295623
E3_m_2887,E3,43.761791,9.987648,2144,0.228228,1.133622,0.201326
E3_m_2892,E3,35.301632,14.369265,2111,0.407043,1.353784,0.30067
E3_m_2904,E3,38.926757,11.081283,2046,0.28467,1.252568,0.227269
E3_m_2907,E3,44.179989,11.411987,2152,0.258307,1.124041,0.229802
E3_m_2935,E3,44.775438,13.115119,2045,0.292909,1.110571,0.263746
E3_m_2958,E3,7.371596,15.846949,2094,2.149731,3.544797,0.606447
E3_m_2965,E3,41.884574,12.0059,2086,0.286643,1.177928,0.243345
E3_m_2973,E3,34.709802,10.877096,2074,0.313372,1.371507,0.228488
E3_m_2976,E3,29.094041,11.767495,2098,0.404464,1.561131,0.259084
E3_m_2988,E3,41.149009,10.991477,2087,0.267114,1.195906,0.223357
E3_m_299,E3,32.596181,14.020365,2073,0.430123,1.438,0.299112
E3_m_2996,E3,37.962482,10.5919,2064,0.27901,1.27835,0.218258
E3_m_2999,E3,42.287608,10.456624,2108,0.247274,1.168229,0.211666
E3_m_3008,E3,47.784799,9.902152,2102,0.207224,1.04533,0.198238
E3_m_3010,E3,40.594972,11.50311,2103,0.283363,1.209694,0.234244
E3_m_3019,E3,37.847446,11.02126,2111,0.291202,1.281478,0.227239
E3_m_3021,E3,43.722818,18.843834,2136,0.430984,1.13452,0.379882
E3_m_3028,E3,40.366322,10.972626,2142,0.271826,1.215448,0.223643
E3_m_3088,E3,45.863854,10.086116,2074,0.219914,1.086447,0.202416
E3_m_3102,E3,45.40082,13.867392,2127,0.305444,1.096633,0.278529
E3_m_3127,E3,45.454441,10.96021,2127,0.241125,1.095447,0.220116
E3_m_3134,E3,32.921498,11.390801,2173,0.345999,1.42742,0.242395
E3_m_3147,E3,33.664706,12.665069,2149,0.376212,1.403734,0.268008
E3_m_3155,E3,33.78728,11.579181,2142,0.342708,1.399891,0.244811
E3_m_3159,E3,35.069476,13.441535,2088,0.383283,1.360692,0.281682
E3_m_3182,E3,43.298542,11.27622,2109,0.26043,1.144354,0.227578
E3_m_3186,E3,43.572274,10.127772,2089,0.232436,1.137997,0.20425
E3_m_3203,E3,39.536965,11.192863,2062,0.283099,1.23664,0.228926
E3_m_3219,E3,40.110096,12.371636,2075,0.308442,1.22194,0.25242
E3_m_322,E3,44.672582,9.522027,2115,0.213151,1.112883,0.191531
E3_m_3221,E3,46.795354,9.825206,2124,0.209961,1.066285,0.196909
E3_m_3271,E3,5.546024,0.710892,2091,0.12818,4.126855,0.03106
E3_m_330,E3,32.733202,11.258521,2113,0.343948,1.433528,0.239931
E3_m_3315,E3,43.900113,10.953832,2080,0.249517,1.130442,0.220725
E3_m_3316,E3,38.221033,11.244527,2093,0.294197,1.271362,0.231403
E3_m_3319,E3,34.820479,13.782918,2136,0.395828,1.368164,0.289313
E3_m_3320,E3,42.741757,9.905803,2037,0.231759,1.157425,0.200237
E3_m_3329,E3,30.790133,10.735475,2065,0.348666,1.499264,0.232558
E3_m_3332,E3,14.376943,3.991868,2033,0.277658,2.440406,0.113775
E3_m_3340,E3,44.680538,11.325804,2051,0.253484,1.112704,0.227809
E3_m_3342,E3,46.251933,11.309242,2114,0.244514,1.077994,0.226823
E3_m_3343,E3,40.529219,10.389949,2014,0.256357,1.211345,0.21163
E3_m_3347,E3,37.648397,12.856981,2148,0.341501,1.286917,0.265364
E3_m_3349,E3,38.634321,11.787234,2149,0.305097,1.260306,0.242082
E3_m_3357,E3,32.598069,11.039323,2095,0.33865,1.437938,0.235511
E3_m_337,E3,43.19319,12.048584,2155,0.278946,1.146813,0.243236
E3_m_3378,E3,35.123896,14.829057,2108,0.422193,1.359068,0.310649
E3_m_3383,E3,34.467621,11.17575,2130,0.324239,1.378867,0.235149
E3_m_3386,E3,38.766685,11.451512,2146,0.295396,1.256795,0.235039
E3_m_3394,E3,28.027014,11.565977,2075,0.412672,1.602494,0.257519
E3_m_3395,E3,47.935038,9.928778,2132,0.20713,1.042188,0.198745
E3_m_3398,E3,33.139586,11.402709,2139,0.344081,1.420401,0.242242
E3_m_3402,E3,44.293123,10.648918,2133,0.240419,1.121466,0.214379
E3_m_3405,E3,39.796562,14.677926,2123,0.368824,1.229951,0.299869
E3_m_3407,E3,38.64689,10.888073,2005,0.281732,1.259972,0.223602
E3_m_3409,E3,3.626978,0.495222,2117,0.136538,5.154722,0.026488
E3_m_341,E3,41.865902,9.752427,2005,0.232944,1.17838,0.197682
E3_m_3419,E3,47.21041,10.062088,2168,0.213133,1.057439,0.201556
E3_m_3423,E3,45.303591,12.727963,2045,0.280948,1.098786,0.25569
E3_m_3425,E3,29.848208,10.908639,1977,0.36547,1.533064,0.238392
E3_m_3431,E3,42.932089,11.537482,2155,0.268738,1.152935,0.23309
E3_m_3444,E3,40.820141,12.144978,2076,0.297524,1.204064,0.2471
E3_m_3451,E3,34.247776,15.870393,2126,0.463399,1.385604,0.334439
E3_m_3453,E3,46.254031,10.393556,2121,0.224706,1.077949,0.208457
E3_m_3468,E3,3.441254,0.470984,2113,0.136864,5.297091,0.025838
E3_m_347,E3,43.283264,10.701945,2087,0.247254,1.14471,0.215997
E3_m_3475,E3,41.689338,11.96569,2100,0.28702,1.182664,0.24269
E3_m_3485,E3,42.543741,10.88022,2104,0.255742,1.16212,0.220065
E3_m_3508,E3,40.066842,11.293197,2081,0.281859,1.223041,0.230457
E3_m_3509,E3,38.656889,13.728964,2081,0.355149,1.259707,0.28193
E3_m_3513,E3,45.952899,10.009535,2029,0.217822,1.0845,0.20085
E3_m_3514,E3,47.256653,12.956076,2132,0.274164,1.056458,0.259512
E3_m_3517,E3,34.208639,11.991341,2119,0.350535,1.386809,0.252764
E3_m_3519,E3,43.710569,13.727722,2068,0.31406,1.134802,0.276753
E3_m_3522,E3,37.628731,15.024127,2096,0.399273,1.287456,0.310125
E3_m_3526,E3,49.732087,10.165831,2113,0.204412,1.005373,0.20332
E3_m_3530,E3,40.044143,12.222087,2134,0.305215,1.223619,0.249437
E3_m_3532,E3,9.721662,21.160409,2060,2.176625,3.047344,0.714269
E3_m_3545,E3,38.501009,15.012913,2107,0.389936,1.263857,0.308528
E3_m_3558,E3,39.442836,11.376645,2044,0.288434,1.239078,0.232781
E3_m_3561,E3,47.430256,9.968663,2135,0.210175,1.052786,0.199637
E3_m_3562,E3,43.676812,11.64397,2146,0.266594,1.135581,0.234764
E3_m_3577,E3,38.064128,13.171124,2127,0.346025,1.275596,0.271265
E3_m_359,E3,38.96539,10.654492,2164,0.273435,1.251551,0.218477
E3_m_3593,E3,8.939011,2.326519,2008,0.260266,3.191695,0.081545
E3_m_3594,E3,36.635289,11.889801,2076,0.324545,1.315146,0.246775
E3_m_3595,E3,32.696051,11.924976,2129,0.364722,1.434738,0.254208
E3_m_3597,E3,32.228034,13.538837,2093,0.420095,1.450134,0.289694
E3_m_3599,E3,32.338514,14.386753,2109,0.44488,1.446474,0.307562
E3_m_3610,E3,29.864432,13.46031,2015,0.450714,1.53247,0.294109
E3_m_3620,E3,13.008471,3.533658,2137,0.271643,2.585981,0.105044
E3_m_3627,E3,47.225029,10.728981,2152,0.227188,1.057129,0.214911
E3_m_3642,E3,41.442279,10.189043,2030,0.245861,1.188695,0.206833
E3_m_3643,E3,40.193941,10.549273,2046,0.262459,1.21981,0.215164
E3_m_3657,E3,29.86054,11.479554,2080,0.384439,1.532613,0.250839
E3_m_3677,E3,36.229667,11.027619,2123,0.304381,1.326714,0.229425
E3_m_3691,E3,39.571412,10.952225,2017,0.276771,1.23575,0.22397
E3_m_3692,E3,41.093985,10.669285,2082,0.259631,1.197266,0.216853
E3_m_3699,E3,41.150057,11.930151,2102,0.289918,1.195881,0.242431
E3_m_3701,E3,42.090066,12.136932,2106,0.288356,1.17297,0.245834
E3_m_3703,E3,41.357962,10.577678,2124,0.255759,1.190762,0.214786
E3_m_3704,E3,42.953172,12.729567,2038,0.296359,1.152439,0.257158
E3_m_3705,E3,45.151477,10.467679,2143,0.231835,1.102165,0.210345
E3_m_3708,E3,40.401066,10.518778,2175,0.260359,1.214571,0.214363
E3_m_3712,E3,43.307465,10.496484,2118,0.242371,1.144146,0.211836
E3_m_3719,E3,33.274979,11.176919,2029,0.335896,1.416072,0.237202
E3_m_3723,E3,41.093094,11.746959,2115,0.285862,1.197288,0.238758
E3_m_3728,E3,41.727916,14.986567,2069,0.35915,1.181726,0.303919
E3_m_3731,E3,39.038075,11.876518,2090,0.304229,1.249641,0.243453
E3_m_3733,E3,47.059711,9.843688,2101,0.209174,1.060641,0.197215
E3_m_3736,E3,41.861756,12.285796,2057,0.293485,1.17848,0.249037
E3_m_3737,E3,45.594265,10.030976,2083,0.220005,1.092364,0.201403
E3_m_3743,E3,33.986312,12.356613,2036,0.363576,1.393686,0.260874
E3_m_3744,E3,34.681064,13.046117,2109,0.376174,1.372377,0.274104
E3_m_3745,E3,34.520698,14.530374,2070,0.420918,1.377248,0.305622
E3_m_3749,E3,50.304321,9.042443,2046,0.179755,0.993932,0.180852
E3_m_3750,E3,45.506035,9.972109,2098,0.219138,1.094308,0.200253
E3_m_3751,E3,36.504703,11.275541,2088,0.308879,1.318853,0.234203
E3_m_3759,E3,42.056066,12.659529,2083,0.301016,1.173788,0.256448
E3_m_376,E3,40.972561,10.167661,2133,0.248158,1.200274,0.206751
E3_m_3763,E3,37.134084,10.759206,2097,0.289739,1.301132,0.222683
E3_m_3766,E3,35.573789,11.388595,2084,0.32014,1.345756,0.237889
E3_m_3779,E3,33.867211,10.420872,2085,0.307698,1.397393,0.220194
E3_m_3781,E3,45.37134,13.82161,2097,0.304633,1.097285,0.277624
E3_m_3805,E3,45.607976,13.723464,2089,0.300901,1.092062,0.275534
E3_m_3807,E3,40.724447,11.627057,2101,0.285506,1.206452,0.236649
E3_m_381,E3,30.793432,12.25376,2180,0.397934,1.499148,0.26544
E3_m_3810,E3,43.870794,14.027601,2046,0.319748,1.131115,0.282684
E3_m_382,E3,35.511074,14.530853,2125,0.409192,1.347599,0.303645
E3_m_384,E3,46.274106,11.449052,2057,0.247418,1.077514,0.229619
E3_m_3877,E3,37.929444,12.915299,2002,0.340509,1.279248,0.266179
E3_m_3894,E3,41.232211,11.973551,2067,0.290393,1.193854,0.24324
E3_m_3902,E3,43.575184,11.125908,2038,0.255327,1.13793,0.224378
E3_m_3903,E3,44.693027,13.914561,2171,0.311336,1.112423,0.279872
E3_m_3905,E3,27.560411,11.772116,2090,0.427139,1.621232,0.263465
E3_m_3947,E3,36.324989,15.280666,2051,0.420665,1.323981,0.317728
E3_m_3950,E3,36.113505,12.594292,2016,0.348742,1.330055,0.262201
E3_m_3956,E3,36.928552,11.161175,2081,0.302237,1.306879,0.231266
E3_m_3968,E3,41.259581,10.295303,1989,0.249525,1.19318,0.209126
E3_m_3973,E3,31.593298,11.213917,2059,0.354946,1.471471,0.241218
E3_m_3976,E3,33.614959,12.171727,2080,0.362093,1.405299,0.257662
E3_m_398,E3,44.57334,9.861439,1997,0.221241,1.11512,0.198401
E3_m_3980,E3,41.676557,12.556095,1993,0.301275,1.182975,0.254675
E3_m_3984,E3,42.869676,10.684783,2163,0.249239,1.154405,0.215902
E3_m_3986,E3,40.390592,11.242626,2124,0.278348,1.214835,0.229124
E3_m_3992,E3,41.893209,11.025942,2030,0.263192,1.177719,0.223476
E3_m_3995,E3,34.007291,11.70871,2050,0.3443,1.393035,0.247158
E3_m_40,E3,33.720039,11.179426,2106,0.331537,1.401997,0.236475
E3_m_4007,E3,43.588353,10.722169,2094,0.245987,1.137625,0.216229
E3_m_4009,E3,41.295025,10.655902,1987,0.258043,1.192308,0.216423
E3_m_418,E3,50.154561,8.821943,2059,0.175895,0.996914,0.17644
E3_m_421,E3,38.486598,11.082333,2049,0.287953,1.264242,0.227767
E3_m_422,E3,40.328421,10.942152,2060,0.271326,1.216405,0.223056
E3_m_426,E3,47.280341,9.901241,2099,0.209416,1.055956,0.198318
E3_m_478,E3,48.97675,9.622195,2040,0.196465,1.020679,0.192484
E3_m_479,E3,45.83907,9.869088,2130,0.215299,1.086989,0.198069
E3_m_48,E3,37.794308,11.379422,2124,0.301088,1.282927,0.234689
E3_m_514,E3,33.31987,11.126935,2091,0.333943,1.414642,0.236062
E3_m_518,E3,33.371569,10.794465,2101,0.323463,1.412998,0.22892
E3_m_531,E3,42.529842,14.07872,2138,0.331032,1.16245,0.284771
E3_m_537,E3,36.924685,9.651668,2118,0.261388,1.306987,0.199993
E3_m_539,E3,34.088748,11.987563,2137,0.351657,1.39051,0.252898
E3_m_543,E3,3.295902,0.383074,2108,0.116227,5.416706,0.021457
E3_m_551,E3,44.002349,10.663561,2052,0.242341,1.128098,0.214822
E3_m_552,E3,42.069486,11.473979,2092,0.272739,1.173465,0.232422
E3_m_553,E3,40.157952,14.229952,2052,0.35435,1.220724,0.290278
E3_m_555,E3,40.451559,10.947159,2054,0.270624,1.213298,0.223048
E3_m_566,E3,34.907579,10.573717,2009,0.302906,1.365543,0.221821
E3_m_576,E3,41.888356,9.532945,2006,0.22758,1.177836,0.193219
E3_m_582,E3,40.746592,11.146579,2148,0.273559,1.205899,0.22685
E3_m_585,E3,31.912685,11.593765,2134,0.363296,1.460668,0.248719
E3_m_586,E3,31.774923,10.985055,2090,0.345715,1.465311,0.235933
E3_m_589,E3,37.251998,11.340143,2067,0.304417,1.297852,0.234555
E3_m_60,E3,39.905612,10.657302,2130,0.267063,1.227157,0.217627
E3_m_602,E3,41.693774,10.673805,2065,0.256005,1.182556,0.216484
E3_m_605,E3,4.734931,0.652731,2068,0.137854,4.485491,0.030733
E3_m_610,E3,39.971845,10.737223,2045,0.26862,1.225464,0.219198
E3_m_618,E3,2.124655,8.62595,2065,4.059929,6.787228,0.598172
E3_m_62,E3,41.749389,10.692821,2174,0.256119,1.181205,0.216829
E3_m_621,E3,45.883575,9.949083,2041,0.216833,1.086015,0.199659
E3_m_622,E3,46.867318,9.288276,2157,0.198182,1.064746,0.186131
E3_m_629,E3,50.899863,8.589466,2137,0.168752,0.982162,0.171817
E3_m_631,E3,42.036681,15.331204,1985,0.36471,1.174255,0.310589
E3_m_640,E3,41.018119,10.417717,2121,0.253978,1.199144,0.2118
E3_m_641,E3,34.513823,14.940494,2104,0.432884,1.377458,0.314263
E3_m_650,E3,34.401536,12.140852,2092,0.352916,1.380886,0.255572
E3_m_660,E3,39.622634,14.404644,2143,0.363546,1.234427,0.294506
E3_m_667,E3,48.077646,10.350416,2155,0.215285,1.039215,0.207161
E3_m_685,E3,47.225828,9.72094,2057,0.205839,1.057112,0.194719
E3_m_704,E3,49.661198,9.164559,2098,0.184542,1.006799,0.183295
E3_m_720,E3,49.994381,10.101074,1995,0.202044,1.000112,0.202021
E3_m_747,E3,36.400097,13.272805,2074,0.364637,1.321834,0.275856
E3_m_75,E3,32.362798,11.678314,2067,0.360856,1.445672,0.249611
E3_m_750,E3,44.045003,10.263107,2068,0.233014,1.127122,0.206734
E3_m_762,E3,35.261959,15.373718,2120,0.435986,1.35496,0.32177
E3_m_771,E3,35.211792,11.150269,2061,0.316663,1.35645,0.23345
E3_m_782,E3,30.982706,11.360309,2105,0.366666,1.492517,0.24567
E3_m_784,E3,7.748704,16.22077,1986,2.093353,3.450418,0.606695
E3_m_787,E3,41.233983,11.045032,2115,0.267862,1.193811,0.224376
E3_m_791,E3,42.53961,10.59865,2077,0.249148,1.162218,0.214373
E3_m_799,E3,42.658257,9.595516,2055,0.224939,1.159402,0.194013
E3_m_808,E3,49.142869,9.231911,2082,0.187859,1.017292,0.184665
E3_m_815,E3,41.118256,13.870604,2117,0.337334,1.196666,0.281895
E3_m_816,E3,30.375343,11.303638,2030,0.372132,1.513983,0.245797
E3_m_818,E3,40.146866,10.669175,2114,0.265754,1.221005,0.217651
E3_m_834,E3,40.060372,11.457211,2098,0.285999,1.223206,0.233811
E3_m_841,E3,47.628486,9.380338,2124,0.196948,1.04861,0.187818
E3_m_844,E3,47.112955,9.466355,2133,0.200929,1.059509,0.189643
E3_m_861,E3,48.089486,11.899048,2114,0.247436,1.038969,0.238155
E3_m_873,E3,34.990279,12.530227,2147,0.358106,1.363061,0.262722
E3_m_89,E3,34.172694,10.325721,2093,0.302163,1.387917,0.21771
E3_m_899,E3,41.566038,10.932493,2166,0.263015,1.185669,0.221828
E3_m_915,E3,43.481613,10.109681,2129,0.232505,1.140098,0.203934
E3_m_918,E3,29.112288,11.727282,2092,0.402829,1.560441,0.258151
E3_m_922,E3,39.967872,12.64622,2107,0.31641,1.225565,0.258175
E3_m_924,E3,2.39543,8.260216,2042,3.448323,6.383272,0.540212
E3_m_927,E3,34.311592,11.309594,2038,0.329614,1.383643,0.238222
E3_m_933,E3,36.450701,12.323849,2096,0.338096,1.320391,0.256058
E3_m_94,E3,10.089917,21.931094,2021,2.173565,2.98511,0.728136
E3_m_941,E3,39.464846,10.686002,2033,0.270773,1.238507,0.218628
E3_m_947,E3,46.23384,11.669887,2097,0.25241,1.078387,0.234063
E3_m_951,E3,42.76374,10.961248,2107,0.256321,1.156905,0.221558
E3_m_953,E3,40.518797,10.964256,2086,0.270597,1.211607,0.223337
E3_m_954,E3,37.350811,12.133452,2122,0.324851,1.295113,0.250828
E3_m_96,E3,45.969824,14.504102,2035,0.315514,1.084131,0.291029
E3_m_966,E3,44.63759,11.248643,2097,0.251999,1.113672,0.226278
E3_m_971,E3,42.104425,10.625865,2084,0.252369,1.172624,0.215218
E3_m_972,E3,42.911251,13.842198,2079,0.322577,1.153426,0.279669
E3_m_984,E3,40.541275,10.082555,2086,0.248699,1.211042,0.205359
E3_m_985,E3,29.490904,12.101803,2094,0.410357,1.546246,0.265389
E3_m_986,E3,46.444386,10.107813,2086,0.217633,1.073831,0.202669
E3_m_987,E3,44.969937,9.588242,2089,0.213214,1.106213,0.192743
E3_m_988,E3,39.551151,10.901023,2122,0.275618,1.236273,0.222943
E3_m_990,E3,4.620357,0.835736,2092,0.180881,4.543495,0.039811
