env,mode,series_id,mu,sd,n_dong_train
E1a,N0,E1_1,,,1612
E1a,N1,E1_1,7.4505180923295065,23.95239662021242,1612
E1a,N2,E1_1,,,1612
E1a,N0,E1_1000,,,1612
E1a,N1,E1_1000,3.3481803143093463,5.94817406196029,1612
E1a,N2,E1_1000,,,1612
E1a,N0,E1_1007,,,1612
E1a,N1,E1_1007,17.747430727874278,3.7704991119253655,1612
E1a,N2,E1_1007,,,1612
E1a,N0,E1_1025,,,1612
E1a,N1,E1_1025,4.354448777029422,8.624867123871978,1612
E1a,N2,E1_1025,,,1612
E1a,N0,E1_1063,,,1612
E1a,N1,E1_1063,1.609771948481626,2.873968893553565,1612
E1a,N2,E1_1063,,,1612
E1a,N0,E1_109,,,1612
E1a,N1,E1_109,1.0456885856079405,0.0604610028562972,1612
E1a,N2,E1_109,,,1612
E1a,N0,E1_110,,,1612
E1a,N1,E1_110,15.459093258891649,32.55054999316104,1612
E1a,N2,E1_110,,,1612
E1a,N0,E1_113,,,1339
E1a,N1,E1_113,1.4428751466979624,3.15149182383502,1339
E1a,N2,E1_113,,,1339
E1a,N0,E1_115,,,1612
E1a,N1,E1_115,1.7932197506794283,1.012051904551046,1612
E1a,N2,E1_115,,,1612
E1a,N0,E1_116,,,1612
E1a,N1,E1_116,1.3597741640080352,0.15115947336328173,1612
E1a,N2,E1_116,,,1612
E1a,N0,E1_1160,,,1612
E1a,N1,E1_1160,1.4287368545433061,3.8981501095810613,1612
E1a,N2,E1_1160,,,1612
E1a,N0,E1_118,,,1612
E1a,N1,E1_118,7.5600835139839475,3.0256485609105694,1612
E1a,N2,E1_118,,,1612
E1a,N0,E1_1188,,,1612
E1a,N1,E1_1188,1.523401866950254,5.098623208875654,1612
E1a,N2,E1_1188,,,1612
E1a,N0,E1_119,,,1612
E1a,N1,E1_119,6.713232270533953,3.593975757262032,1612
E1a,N2,E1_119,,,1612
E1a,N0,E1_120,,,1612
E1a,N1,E1_120,6.788920337055418,4.090166879542511,1612
E1a,N2,E1_120,,,1612
E1a,N0,E1_121,,,1612
E1a,N1,E1_121,2.845527590688881,0.6061502566051769,1612
E1a,N2,E1_121,,,1612
E1a,N0,E1_1221,,,1612
E1a,N1,E1_1221,1.032881858285084,0.3057783700904636,1612
E1a,N2,E1_1221,,,1612
E1a,N0,E1_1225,,,1612
E1a,N1,E1_1225,1.0871883492851235,0.31138793174649,1612
E1a,N2,E1_1225,,,1612
E1a,N0,E1_1226,,,1612
E1a,N1,E1_1226,9.14484373153728,2.5422819815195483,1612
E1a,N2,E1_1226,,,1612
E1a,N0,E1_1227,,,1612
E1a,N1,E1_1227,9.63543660640435,0.7516104934256389,1612
E1a,N2,E1_1227,,,1612
E1a,N0,E1_1228,,,1612
E1a,N1,E1_1228,8.829651128441451,0.8554369441448265,1612
E1a,N2,E1_1228,,,1612
E1a,N0,E1_1229,,,1612
E1a,N1,E1_1229,3.9469514356611133,6.5118359842981945,1612
E1a,N2,E1_1229,,,1612
E1a,N0,E1_1230,,,1612
E1a,N1,E1_1230,6.053577336641853,3.181745431202896,1612
E1a,N2,E1_1230,,,1612
E1a,N0,E1_1233,,,1612
E1a,N1,E1_1233,2.5759822167080233,3.537191485938671,1612
E1a,N2,E1_1233,,,1612
E1a,N0,E1_125,,,1612
E1a,N1,E1_125,7.1577465880893305,4.445095263314201,1612
E1a,N2,E1_125,,,1612
E1a,N0,E1_126,,,1612
E1a,N1,E1_126,1.6872079197684033,0.14302044968538635,1612
E1a,N2,E1_126,,,1612
E1a,N0,E1_127,,,1612
E1a,N1,E1_127,1.7527450372208437,0.11506318906558222,1612
E1a,N2,E1_127,,,1612
E1a,N0,E1_131,,,1612
E1a,N1,E1_131,1.9659135723147818,0.4292396785661653,1612
E1a,N2,E1_131,,,1612
E1a,N0,E1_132,,,1612
E1a,N1,E1_132,1.5420231314384538,0.1273206277573936,1612
E1a,N2,E1_132,,,1612
E1a,N0,E1_133,,,1612
E1a,N1,E1_133,3.592318677626137,0.043401314181403895,1612
E1a,N2,E1_133,,,1612
E1a,N0,E1_134,,,1612
E1a,N1,E1_134,2.9356614823348695,1.8965157395104058,1612
E1a,N2,E1_134,,,1612
E1a,N0,E1_137,,,1612
E1a,N1,E1_137,1.1717350525818269,0.10949373931239051,1612
E1a,N2,E1_137,,,1612
E1a,N0,E1_139,,,1612
E1a,N1,E1_139,1.3465260545905706,0.15851058677957738,1612
E1a,N2,E1_139,,,1612
E1a,N0,E1_142,,,1612
E1a,N1,E1_142,6.477211710780258,9.165482966209058,1612
E1a,N2,E1_142,,,1612
E1a,N0,E1_145,,,1612
E1a,N1,E1_145,6.860642834987593,2.305912438585259,1612
E1a,N2,E1_145,,,1612
E1a,N0,E1_146,,,1612
E1a,N1,E1_146,2.2308836996336994,0.27197369239424124,1612
E1a,N2,E1_146,,,1612
E1a,N0,E1_148,,,1612
E1a,N1,E1_148,1.0408513529481271,0.19102875975499556,1612
E1a,N2,E1_148,,,1612
E1a,N0,E1_150,,,1612
E1a,N1,E1_150,1.7554569086827154,2.974170460708577,1612
E1a,N2,E1_150,,,1612
E1a,N0,E1_156,,,1612
E1a,N1,E1_156,4.555834309920848,1.7919726655756358,1612
E1a,N2,E1_156,,,1612
E1a,N0,E1_157,,,1361
E1a,N1,E1_157,3.2560876689642297,3.9234879894566905,1361
E1a,N2,E1_157,,,1361
E1a,N0,E1_164,,,1612
E1a,N1,E1_164,1.6182588916459884,0.3021263152041699,1612
E1a,N2,E1_164,,,1612
E1a,N0,E1_165,,,1612
E1a,N1,E1_165,1.9102150537634408,0.27505507715888083,1612
E1a,N2,E1_165,,,1612
E1a,N0,E1_167,,,1612
E1a,N1,E1_167,2.0379563313031053,0.36009702717314757,1612
E1a,N2,E1_167,,,1612
E1a,N0,E1_176,,,1612
E1a,N1,E1_176,1.1408956634763086,0.3416333328054715,1612
E1a,N2,E1_176,,,1612
E1a,N0,E1_177,,,1612
E1a,N1,E1_177,1.0655854897790382,0.23674176804002423,1612
E1a,N2,E1_177,,,1612
E1a,N0,E1_186,,,1612
E1a,N1,E1_186,65.42572440999861,43.79444402987525,1612
E1a,N2,E1_186,,,1612
E1a,N0,E1_187,,,1612
E1a,N1,E1_187,64.37742747843554,41.57029141183542,1612
E1a,N2,E1_187,,,1612
E1a,N0,E1_188,,,1612
E1a,N1,E1_188,66.45327162756598,43.47825606927351,1612
E1a,N2,E1_188,,,1612
E1a,N0,E1_189,,,1612
E1a,N1,E1_189,67.33999963410247,43.20363378388284,1612
E1a,N2,E1_189,,,1612
E1a,N0,E1_190,,,1612
E1a,N1,E1_190,66.0708130159491,43.671458037327916,1612
E1a,N2,E1_190,,,1612
E1a,N0,E1_191,,,1612
E1a,N1,E1_191,63.66887923904052,42.70709741963388,1612
E1a,N2,E1_191,,,1612
E1a,N0,E1_197,,,1612
E1a,N1,E1_197,67.5529045551223,43.73418607361,1612
E1a,N2,E1_197,,,1612
E1a,N0,E1_198,,,1612
E1a,N1,E1_198,64.62185819892473,44.10587396123631,1612
E1a,N2,E1_198,,,1612
E1a,N0,E1_200,,,1612
E1a,N1,E1_200,64.10694671591848,43.768563729345054,1612
E1a,N2,E1_200,,,1612
E1a,N0,E1_205,,,1612
E1a,N1,E1_205,65.08000648545004,44.02717919963924,1612
E1a,N2,E1_205,,,1612
E1a,N0,E1_206,,,1612
E1a,N1,E1_206,62.891098954808626,44.01018140530958,1612
E1a,N2,E1_206,,,1612
E1a,N0,E1_208,,,1612
E1a,N1,E1_208,64.47579893225053,43.98891208932859,1612
E1a,N2,E1_208,,,1612
E1a,N0,E1_209,,,1612
E1a,N1,E1_209,13.786959780810587,32.04557422848926,1612
E1a,N2,E1_209,,,1612
E1a,N0,E1_210,,,1612
E1a,N1,E1_210,67.66149322787427,44.28955389196278,1612
E1a,N2,E1_210,,,1612
E1a,N0,E1_211,,,1612
E1a,N1,E1_211,12.071766193036355,29.77622091077524,1612
E1a,N2,E1_211,,,1612
E1a,N0,E1_214,,,1612
E1a,N1,E1_214,69.09700854700854,43.71180302508079,1612
E1a,N2,E1_214,,,1612
E1a,N0,E1_215,,,1612
E1a,N1,E1_215,67.58309553349876,43.814299127888766,1612
E1a,N2,E1_215,,,1612
E1a,N0,E1_216,,,1612
E1a,N1,E1_216,70.51529328646264,42.238736407030785,1612
E1a,N2,E1_216,,,1612
E1a,N0,E1_218,,,1612
E1a,N1,E1_218,2.201048836356296,11.39744285088235,1612
E1a,N2,E1_218,,,1612
E1a,N0,E1_219,,,494
E1a,N1,E1_219,45.68751686909582,44.66328198978685,494
E1a,N2,E1_219,,,494
E1a,N0,E1_220,,,474
E1a,N1,E1_220,41.920622362869196,43.77723602409674,474
E1a,N2,E1_220,,,474
E1a,N0,E1_221,,,477
E1a,N1,E1_221,43.990177659517286,44.12416918967515,477
E1a,N2,E1_221,,,477
E1a,N0,E1_222,,,480
E1a,N1,E1_222,41.76677884615385,43.28122054136334,480
E1a,N2,E1_222,,,480
E1a,N0,E1_225,,,471
E1a,N1,E1_225,44.09861553432413,42.43547150188424,471
E1a,N2,E1_225,,,471
E1a,N0,E1_226,,,482
E1a,N1,E1_226,45.48286652835409,44.89040157923984,482
E1a,N2,E1_226,,,482
E1a,N0,E1_228,,,475
E1a,N1,E1_228,45.47667794486215,44.457221207713005,475
E1a,N2,E1_228,,,475
E1a,N0,E1_229,,,494
E1a,N1,E1_229,43.16847376855601,38.32919396934394,494
E1a,N2,E1_229,,,494
E1a,N0,E1_23,,,1612
E1a,N1,E1_23,4.831405825357439,2.351824587152951,1612
E1a,N2,E1_23,,,1612
E1a,N0,E1_231,,,481
E1a,N1,E1_231,42.29024601524601,37.38465779705018,481
E1a,N2,E1_231,,,481
E1a,N0,E1_233,,,483
E1a,N1,E1_233,41.22001444107422,39.747984160786714,483
E1a,N2,E1_233,,,483
E1a,N0,E1_234,,,474
E1a,N1,E1_234,41.32766350210971,39.9561785595332,474
E1a,N2,E1_234,,,474
E1a,N0,E1_236,,,477
E1a,N1,E1_236,41.142435359888196,40.698082484379135,477
E1a,N2,E1_236,,,477
E1a,N0,E1_239,,,1612
E1a,N1,E1_239,53.12444168734492,43.876561997479335,1612
E1a,N2,E1_239,,,1612
E1a,N0,E1_240,,,1612
E1a,N1,E1_240,18.062838606286185,35.56569269901691,1612
E1a,N2,E1_240,,,1612
E1a,N0,E1_241,,,1612
E1a,N1,E1_241,47.79810277088503,44.17436917727369,1612
E1a,N2,E1_241,,,1612
E1a,N0,E1_242,,,1612
E1a,N1,E1_242,17.509086612312416,36.26459857876323,1612
E1a,N2,E1_242,,,1612
E1a,N0,E1_243,,,1612
E1a,N1,E1_243,52.161186931348226,46.09131413038111,1612
E1a,N2,E1_243,,,1612
E1a,N0,E1_244,,,1612
E1a,N1,E1_244,18.111178807751386,36.4707206176503,1612
E1a,N2,E1_244,,,1612
E1a,N0,E1_245,,,1612
E1a,N1,E1_245,49.96555521091812,44.97117331701635,1612
E1a,N2,E1_245,,,1612
E1a,N0,E1_248,,,1612
E1a,N1,E1_248,26.43811517783292,39.29910575546412,1612
E1a,N2,E1_248,,,1612
E1a,N0,E1_249,,,1612
E1a,N1,E1_249,53.63166873449131,46.43243635199912,1612
E1a,N2,E1_249,,,1612
E1a,N0,E1_251,,,1612
E1a,N1,E1_251,48.154104631927204,44.37497687159496,1612
E1a,N2,E1_251,,,1612
E1a,N0,E1_252,,,1612
E1a,N1,E1_252,25.87202528654142,37.2658015135967,1612
E1a,N2,E1_252,,,1612
E1a,N0,E1_254,,,1612
E1a,N1,E1_254,28.113143610421833,39.36876465133313,1612
E1a,N2,E1_254,,,1612
E1a,N0,E1_256,,,1612
E1a,N1,E1_256,26.067126757650946,39.28972319669107,1612
E1a,N2,E1_256,,,1612
E1a,N0,E1_259,,,1612
E1a,N1,E1_259,52.76154363110008,45.754352700907766,1612
E1a,N2,E1_259,,,1612
E1a,N0,E1_260,,,1612
E1a,N1,E1_260,45.72831627377999,41.33076604719796,1612
E1a,N2,E1_260,,,1612
E1a,N0,E1_261,,,1612
E1a,N1,E1_261,50.492721257237385,46.12534165353883,1612
E1a,N2,E1_261,,,1612
E1a,N0,E1_262,,,1612
E1a,N1,E1_262,50.36764371381307,44.178255427168395,1612
E1a,N2,E1_262,,,1612
E1a,N0,E1_264,,,1612
E1a,N1,E1_264,44.31038564929693,43.772685731206785,1612
E1a,N2,E1_264,,,1612
E1a,N0,E1_266,,,1612
E1a,N1,E1_266,48.92824131513648,44.26423880771987,1612
E1a,N2,E1_266,,,1612
E1a,N0,E1_267,,,1612
E1a,N1,E1_267,49.163124224565756,47.59756645000224,1612
E1a,N2,E1_267,,,1612
E1a,N0,E1_268,,,1612
E1a,N1,E1_268,48.2824714935602,46.46509248390747,1612
E1a,N2,E1_268,,,1612
E1a,N0,E1_271,,,1612
E1a,N1,E1_271,49.559741854247896,45.36097964178915,1612
E1a,N2,E1_271,,,1612
E1a,N0,E1_272,,,1612
E1a,N1,E1_272,50.42412025138839,45.24181899074124,1612
E1a,N2,E1_272,,,1612
E1a,N0,E1_273,,,1612
E1a,N1,E1_273,48.948249549509626,46.309613050620776,1612
E1a,N2,E1_273,,,1612
E1a,N0,E1_279,,,1612
E1a,N1,E1_279,49.33106481891764,46.818439854892,1612
E1a,N2,E1_279,,,1612
E1a,N0,E1_28,,,1612
E1a,N1,E1_28,1.1206014415691834,0.3719572647011113,1612
E1a,N2,E1_28,,,1612
E1a,N0,E1_280,,,1612
E1a,N1,E1_280,23.851562684627197,37.5101095214002,1612
E1a,N2,E1_280,,,1612
E1a,N0,E1_281,,,1612
E1a,N1,E1_281,48.64983631959438,46.86357707450928,1612
E1a,N2,E1_281,,,1612
E1a,N0,E1_286,,,1612
E1a,N1,E1_286,22.153851754204577,37.87576766738274,1612
E1a,N2,E1_286,,,1612
E1a,N0,E1_287,,,1612
E1a,N1,E1_287,45.42862146254283,45.72619386906873,1612
E1a,N2,E1_287,,,1612
E1a,N0,E1_289,,,1612
E1a,N1,E1_289,46.70541271564457,46.79537877607599,1612
E1a,N2,E1_289,,,1612
E1a,N0,E1_290,,,1612
E1a,N1,E1_290,22.926552530131158,38.53320503572618,1612
E1a,N2,E1_290,,,1612
E1a,N0,E1_291,,,1612
E1a,N1,E1_291,46.179306060203245,46.846292810107606,1612
E1a,N2,E1_291,,,1612
E1a,N0,E1_295,,,1612
E1a,N1,E1_295,16.70109992364955,23.266051292415206,1612
E1a,N2,E1_295,,,1612
E1a,N0,E1_298,,,1612
E1a,N1,E1_298,1.5541962070187876,0.4636676817238187,1612
E1a,N2,E1_298,,,1612
E1a,N0,E1_3,,,1612
E1a,N1,E1_3,3.2163284296348813,0.3002917529322396,1612
E1a,N2,E1_3,,,1612
E1a,N0,E1_306,,,1612
E1a,N1,E1_306,1.0094170097892183,0.5377516623467165,1612
E1a,N2,E1_306,,,1612
E1a,N0,E1_31,,,1612
E1a,N1,E1_31,1.4085043988269794,0.5720000211224859,1612
E1a,N2,E1_31,,,1612
E1a,N0,E1_315,,,1612
E1a,N1,E1_315,1.19408688309898,0.32489900873442157,1612
E1a,N2,E1_315,,,1612
E1a,N0,E1_317,,,1612
E1a,N1,E1_317,1.0270885028949546,0.3739531649940885,1612
E1a,N2,E1_317,,,1612
E1a,N0,E1_320,,,1612
E1a,N1,E1_320,7.809146677695065,8.95250190425107,1612
E1a,N2,E1_320,,,1612
E1a,N0,E1_322,,,1612
E1a,N1,E1_322,8.18850584898972,10.909086111855563,1612
E1a,N2,E1_322,,,1612
E1a,N0,E1_323,,,1612
E1a,N1,E1_323,2.64226265273877,0.2581032189442759,1612
E1a,N2,E1_323,,,1612
E1a,N0,E1_324,,,1612
E1a,N1,E1_324,4.992095855619429,7.6926164689466345,1612
E1a,N2,E1_324,,,1612
E1a,N0,E1_328,,,1612
E1a,N1,E1_328,2.1625095334772753,0.4456002266446893,1612
E1a,N2,E1_328,,,1612
E1a,N0,E1_329,,,1612
E1a,N1,E1_329,55.4105647041131,18.76471096350021,1612
E1a,N2,E1_329,,,1612
E1a,N0,E1_330,,,1612
E1a,N1,E1_330,2.202637953444405,0.6039648636966591,1612
E1a,N2,E1_330,,,1612
E1a,N0,E1_334,,,1612
E1a,N1,E1_334,3.4327838827838826,0.6104463416783813,1612
E1a,N2,E1_334,,,1612
E1a,N0,E1_335,,,1612
E1a,N1,E1_335,3.7539214817440616,0.33512649216885093,1612
E1a,N2,E1_335,,,1612
E1a,N0,E1_339,,,1612
E1a,N1,E1_339,2.09728758025129,0.6751527420366135,1612
E1a,N2,E1_339,,,1612
E1a,N0,E1_340,,,1612
E1a,N1,E1_340,7.971043562172595,2.4193309088376034,1612
E1a,N2,E1_340,,,1612
E1a,N0,E1_345,,,1612
E1a,N1,E1_345,1.2616558844381425,0.290129193394502,1612
E1a,N2,E1_345,,,1612
E1a,N0,E1_348,,,1612
E1a,N1,E1_348,7.352194109653787,7.747283747119018,1612
E1a,N2,E1_348,,,1612
E1a,N0,E1_349,,,1612
E1a,N1,E1_349,2.5055971582181256,1.4118505793262102,1612
E1a,N2,E1_349,,,1612
E1a,N0,E1_35,,,1612
E1a,N1,E1_35,1.0296046901816132,0.19419760762320035,1612
E1a,N2,E1_35,,,1612
E1a,N0,E1_350,,,1612
E1a,N1,E1_350,2.5408299361928393,2.3937247660115495,1612
E1a,N2,E1_350,,,1612
E1a,N0,E1_352,,,1612
E1a,N1,E1_352,5.476437138130686,2.151462154379919,1612
E1a,N2,E1_352,,,1612
E1a,N0,E1_362,,,1612
E1a,N1,E1_362,1.497881374897504,0.19695147479178063,1612
E1a,N2,E1_362,,,1612
E1a,N0,E1_363,,,1612
E1a,N1,E1_363,1.205891756093369,0.30985642949674336,1612
E1a,N2,E1_363,,,1612
E1a,N0,E1_368,,,1612
E1a,N1,E1_368,1.3232467801016188,0.45207358908835593,1612
E1a,N2,E1_368,,,1612
E1a,N0,E1_370,,,1612
E1a,N1,E1_370,2.115338827838828,3.157707839893081,1612
E1a,N2,E1_370,,,1612
E1a,N0,E1_371,,,1612
E1a,N1,E1_371,1.9970223325062035,2.8274214605620593,1612
E1a,N2,E1_371,,,1612
E1a,N0,E1_372,,,1612
E1a,N1,E1_372,2.085314013943046,0.7045592424257937,1612
E1a,N2,E1_372,,,1612
E1a,N0,E1_373,,,1612
E1a,N1,E1_373,1.4162944582299422,0.5062467897479533,1612
E1a,N2,E1_373,,,1612
E1a,N0,E1_376,,,1612
E1a,N1,E1_376,1.6896568149592341,0.5472167937670794,1612
E1a,N2,E1_376,,,1612
E1a,N0,E1_381,,,1612
E1a,N1,E1_381,1.791315136476427,0.31775795139802465,1612
E1a,N2,E1_381,,,1612
E1a,N0,E1_383,,,1612
E1a,N1,E1_383,1.6101323407775021,0.5425511199574986,1612
E1a,N2,E1_383,,,1612
E1a,N0,E1_385,,,1612
E1a,N1,E1_385,1.5777088502894956,0.16179876612037428,1612
E1a,N2,E1_385,,,1612
E1a,N0,E1_388,,,1612
E1a,N1,E1_388,9.065397908543071,4.543189319428161,1612
E1a,N2,E1_388,,,1612
E1a,N0,E1_391,,,1612
E1a,N1,E1_391,10.180354927330733,26.04144947858261,1612
E1a,N2,E1_391,,,1612
E1a,N0,E1_393,,,1612
E1a,N1,E1_393,1.3519142148174408,0.6666406229858883,1612
E1a,N2,E1_393,,,1612
E1a,N0,E1_394,,,1612
E1a,N1,E1_394,1.298127880184332,1.102249693497628,1612
E1a,N2,E1_394,,,1612
E1a,N0,E1_395,,,1612
E1a,N1,E1_395,1.512584928512348,0.8529009631042893,1612
E1a,N2,E1_395,,,1612
E1a,N0,E1_397,,,1612
E1a,N1,E1_397,1.6788771712158808,0.8969911006421927,1612
E1a,N2,E1_397,,,1612
E1a,N0,E1_401,,,1612
E1a,N1,E1_401,2.495605872622002,0.7065269210641228,1612
E1a,N2,E1_401,,,1612
E1a,N0,E1_405,,,1612
E1a,N1,E1_405,1.4816487947536336,0.8043547211927021,1612
E1a,N2,E1_405,,,1612
E1a,N0,E1_407,,,1612
E1a,N1,E1_407,1.5109624246721023,0.7214377999026831,1612
E1a,N2,E1_407,,,1612
E1a,N0,E1_410,,,1612
E1a,N1,E1_410,1.7431569774311713,0.8782800357860716,1612
E1a,N2,E1_410,,,1612
E1a,N0,E1_411,,,1612
E1a,N1,E1_411,1.627231035093938,0.9507513952261419,1612
E1a,N2,E1_411,,,1612
E1a,N0,E1_414,,,1612
E1a,N1,E1_414,1.6142074323525937,0.7032514380329398,1612
E1a,N2,E1_414,,,1612
E1a,N0,E1_417,,,1612
E1a,N1,E1_417,1.8779422190712514,0.9466741251914762,1612
E1a,N2,E1_417,,,1612
E1a,N0,E1_418,,,1612
E1a,N1,E1_418,1.332838532435307,0.8455397281809826,1612
E1a,N2,E1_418,,,1612
E1a,N0,E1_419,,,1612
E1a,N1,E1_419,1.65382326007326,1.0936103717985661,1612
E1a,N2,E1_419,,,1612
E1a,N0,E1_420,,,1612
E1a,N1,E1_420,1.666731655441333,0.9027758201764721,1612
E1a,N2,E1_420,,,1612
E1a,N0,E1_421,,,1612
E1a,N1,E1_421,1.2028846153846156,0.7229396130898523,1612
E1a,N2,E1_421,,,1612
E1a,N0,E1_423,,,1612
E1a,N1,E1_423,1.5598295521682617,0.2799205784058818,1612
E1a,N2,E1_423,,,1612
E1a,N0,E1_426,,,1612
E1a,N1,E1_426,1.4896992792154085,0.28080512421438425,1612
E1a,N2,E1_426,,,1612
E1a,N0,E1_43,,,1612
E1a,N1,E1_43,0.9646136121942573,2.264159642212111,1612
E1a,N2,E1_43,,,1612
E1a,N0,E1_430,,,1612
E1a,N1,E1_430,1.5616041888219307,0.29334921242147644,1612
E1a,N2,E1_430,,,1612
E1a,N0,E1_431,,,1612
E1a,N1,E1_431,1.366801936862421,0.26889304063098535,1612
E1a,N2,E1_431,,,1612
E1a,N0,E1_436,,,1612
E1a,N1,E1_436,1.5661519260309584,0.2236582745650582,1612
E1a,N2,E1_436,,,1612
E1a,N0,E1_438,,,1612
E1a,N1,E1_438,1.5412307618456813,0.19065248290292575,1612
E1a,N2,E1_438,,,1612
E1a,N0,E1_440,,,1612
E1a,N1,E1_440,1.6779540352120998,2.045968887227812,1612
E1a,N2,E1_440,,,1612
E1a,N0,E1_443,,,1612
E1a,N1,E1_443,1.580910755910756,0.1911108071188621,1612
E1a,N2,E1_443,,,1612
E1a,N0,E1_445,,,1612
E1a,N1,E1_445,1.6574367836464612,0.252214137681681,1612
E1a,N2,E1_445,,,1612
E1a,N0,E1_446,,,1612
E1a,N1,E1_446,1.5300884487376423,0.2540670163399939,1612
E1a,N2,E1_446,,,1612
E1a,N0,E1_447,,,1612
E1a,N1,E1_447,1.5921581442750798,0.2912720861069658,1612
E1a,N2,E1_447,,,1612
E1a,N0,E1_451,,,1612
E1a,N1,E1_451,1.9162700874394423,0.29156405147902603,1612
E1a,N2,E1_451,,,1612
E1a,N0,E1_453,,,1612
E1a,N1,E1_453,2.1709271239513175,2.023658323510986,1612
E1a,N2,E1_453,,,1612
E1a,N0,E1_458,,,1612
E1a,N1,E1_458,1.6648152250974833,0.39280166499126434,1612
E1a,N2,E1_458,,,1612
E1a,N0,E1_459,,,1612
E1a,N1,E1_459,1.9087313895781637,0.4356170630998586,1612
E1a,N2,E1_459,,,1612
E1a,N0,E1_46,,,1612
E1a,N1,E1_46,3.42316406711568,1.5300658043550739,1612
E1a,N2,E1_46,,,1612
E1a,N0,E1_460,,,1612
E1a,N1,E1_460,2.1034540056717472,0.3264675512080518,1612
E1a,N2,E1_460,,,1612
E1a,N0,E1_463,,,1612
E1a,N1,E1_463,1.2856227106227107,0.12952271132943632,1612
E1a,N2,E1_463,,,1612
E1a,N0,E1_464,,,1612
E1a,N1,E1_464,1.354611248966088,0.14521033341331738,1612
E1a,N2,E1_464,,,1612
E1a,N0,E1_468,,,1612
E1a,N1,E1_468,1.5291553428650202,0.18688340821598393,1612
E1a,N2,E1_468,,,1612
E1a,N0,E1_47,,,1612
E1a,N1,E1_47,7.458500572008637,5.5411094545217034,1612
E1a,N2,E1_47,,,1612
E1a,N0,E1_471,,,1612
E1a,N1,E1_471,1.7910876757650953,0.19377291800743426,1612
E1a,N2,E1_471,,,1612
E1a,N0,E1_473,,,1612
E1a,N1,E1_473,1.7926924553940682,0.18332420194410273,1612
E1a,N2,E1_473,,,1612
E1a,N0,E1_474,,,1612
E1a,N1,E1_474,1.8360968332742529,0.17529534406369576,1612
E1a,N2,E1_474,,,1612
E1a,N0,E1_477,,,1612
E1a,N1,E1_477,1.5978657095592579,0.13999187312458794,1612
E1a,N2,E1_477,,,1612
E1a,N0,E1_479,,,1612
E1a,N1,E1_479,1.3698304383788256,0.14645376617378397,1612
E1a,N2,E1_479,,,1612
E1a,N0,E1_483,,,1612
E1a,N1,E1_483,1.6001861042183623,0.1410892121011974,1612
E1a,N2,E1_483,,,1612
E1a,N0,E1_486,,,1612
E1a,N1,E1_486,1.5000206782464849,0.13809019109148515,1612
E1a,N2,E1_486,,,1612
E1a,N0,E1_487,,,1612
E1a,N1,E1_487,1.582079345385797,0.13578247205687197,1612
E1a,N2,E1_487,,,1612
E1a,N0,E1_492,,,1612
E1a,N1,E1_492,1.2309036393713813,0.20311082541231468,1612
E1a,N2,E1_492,,,1612
E1a,N0,E1_493,,,1612
E1a,N1,E1_493,1.5252444464138013,0.16728244806215364,1612
E1a,N2,E1_493,,,1612
E1a,N0,E1_498,,,1612
E1a,N1,E1_498,1.3302655677655677,0.1851558752024462,1612
E1a,N2,E1_498,,,1612
E1a,N0,E1_499,,,1612
E1a,N1,E1_499,1.2905094233723267,0.1790097183596911,1612
E1a,N2,E1_499,,,1612
E1a,N0,E1_50,,,1612
E1a,N1,E1_50,4.362315372799244,3.3754263580971076,1612
E1a,N2,E1_50,,,1612
E1a,N0,E1_502,,,1612
E1a,N1,E1_502,1.4197263086375989,0.1538396916436666,1612
E1a,N2,E1_502,,,1612
E1a,N0,E1_503,,,1612
E1a,N1,E1_503,1.9883581472291152,0.2715672825573489,1612
E1a,N2,E1_503,,,1612
E1a,N0,E1_504,,,1612
E1a,N1,E1_504,1.5245768344558668,0.20044511801143644,1612
E1a,N2,E1_504,,,1612
E1a,N0,E1_506,,,1612
E1a,N1,E1_506,1.7627208141321045,0.19263015441531983,1612
E1a,N2,E1_506,,,1612
E1a,N0,E1_508,,,1612
E1a,N1,E1_508,1.459955837173579,0.15168533210155746,1612
E1a,N2,E1_508,,,1612
E1a,N0,E1_51,,,1612
E1a,N1,E1_51,1.2988885442514475,1.0020925591704635,1612
E1a,N2,E1_51,,,1612
E1a,N0,E1_511,,,1612
E1a,N1,E1_511,1.4822174465319624,0.1772784001393872,1612
E1a,N2,E1_511,,,1612
E1a,N0,E1_512,,,1612
E1a,N1,E1_512,1.4467505612666904,0.14892717873892464,1612
E1a,N2,E1_512,,,1612
E1a,N0,E1_516,,,1612
E1a,N1,E1_516,1.4232859210681792,0.19877784340488783,1612
E1a,N2,E1_516,,,1612
E1a,N0,E1_517,,,1612
E1a,N1,E1_517,1.3758230680609715,0.2989567903455928,1612
E1a,N2,E1_517,,,1612
E1a,N0,E1_518,,,1612
E1a,N1,E1_518,1.2823854856888357,0.18967379545669683,1612
E1a,N2,E1_518,,,1612
E1a,N0,E1_52,,,1612
E1a,N1,E1_52,3.1540322580645164,2.4410488536044035,1612
E1a,N2,E1_52,,,1612
E1a,N0,E1_521,,,1612
E1a,N1,E1_521,1.4562983723265983,0.27456177931586984,1612
E1a,N2,E1_521,,,1612
E1a,N0,E1_523,,,1612
E1a,N1,E1_523,1.4607969987002245,0.17146888842976987,1612
E1a,N2,E1_523,,,1612
E1a,N0,E1_526,,,1612
E1a,N1,E1_526,1.4325615916341725,0.2047141317574305,1612
E1a,N2,E1_526,,,1612
E1a,N0,E1_527,,,1612
E1a,N1,E1_527,3.7367577986529597,1.686884502356282,1612
E1a,N2,E1_527,,,1612
E1a,N0,E1_528,,,1612
E1a,N1,E1_528,1.0738560498641145,0.11590615281944276,1612
E1a,N2,E1_528,,,1612
E1a,N0,E1_529,,,1612
E1a,N1,E1_529,1.228374985229824,0.18276569094845518,1612
E1a,N2,E1_529,,,1612
E1a,N0,E1_532,,,1612
E1a,N1,E1_532,1.686133758714404,0.16898079659757537,1612
E1a,N2,E1_532,,,1612
E1a,N0,E1_542,,,1612
E1a,N1,E1_542,3.685870178208888,0.6825077057499205,1612
E1a,N2,E1_542,,,1612
E1a,N0,E1_543,,,1612
E1a,N1,E1_543,3.1035980148883375,2.1111276451314835,1612
E1a,N2,E1_543,,,1612
E1a,N0,E1_555,,,1612
E1a,N1,E1_555,2.0011080093741387,0.8740234422474172,1612
E1a,N2,E1_555,,,1612
E1a,N0,E1_561,,,1612
E1a,N1,E1_561,2.027964754779271,0.4548713078207824,1612
E1a,N2,E1_561,,,1612
E1a,N0,E1_57,,,1612
E1a,N1,E1_57,2.311989695581507,1.9316140024257,1612
E1a,N2,E1_57,,,1612
E1a,N0,E1_574,,,1612
E1a,N1,E1_574,1.7142679900744417,0.5306887955423909,1612
E1a,N2,E1_574,,,1612
E1a,N0,E1_582,,,1612
E1a,N1,E1_582,1.530073689751109,2.0034363428835156,1612
E1a,N2,E1_582,,,1612
E1a,N0,E1_583,,,1612
E1a,N1,E1_583,1.423795042839708,1.1477833978153356,1612
E1a,N2,E1_583,,,1612
E1a,N0,E1_597,,,1612
E1a,N1,E1_597,33.68566628264209,44.734808418482956,1612
E1a,N2,E1_597,,,1612
E1a,N0,E1_599,,,1612
E1a,N1,E1_599,33.67128751624719,44.79092962704566,1612
E1a,N2,E1_599,,,1612
E1a,N0,E1_600,,,1612
E1a,N1,E1_600,1.0840728268147621,0.1456810175698511,1612
E1a,N2,E1_600,,,1612
E1a,N0,E1_604,,,1612
E1a,N1,E1_604,7.248280751506559,20.368201075894817,1612
E1a,N2,E1_604,,,1612
E1a,N0,E1_607,,,1612
E1a,N1,E1_607,6.785394265232974,4.497837053830417,1612
E1a,N2,E1_607,,,1612
E1a,N0,E1_609,,,1612
E1a,N1,E1_609,45.08578664279269,40.52077036518008,1612
E1a,N2,E1_609,,,1612
E1a,N0,E1_610,,,1612
E1a,N1,E1_610,50.09703415897586,36.21295717726045,1612
E1a,N2,E1_610,,,1612
E1a,N0,E1_612,,,1612
E1a,N1,E1_612,41.07917521374408,39.05672810654735,1612
E1a,N2,E1_612,,,1612
E1a,N0,E1_613,,,1612
E1a,N1,E1_613,43.152294882536815,35.12832668520333,1612
E1a,N2,E1_613,,,1612
E1a,N0,E1_614,,,1612
E1a,N1,E1_614,48.806915391267125,35.89039648150566,1612
E1a,N2,E1_614,,,1612
E1a,N0,E1_615,,,1612
E1a,N1,E1_615,42.49515189111963,37.49413530791057,1612
E1a,N2,E1_615,,,1612
E1a,N0,E1_617,,,1612
E1a,N1,E1_617,41.50058409849042,40.121277009730335,1612
E1a,N2,E1_617,,,1612
E1a,N0,E1_618,,,1612
E1a,N1,E1_618,40.4257995868379,39.95369420927994,1612
E1a,N2,E1_618,,,1612
E1a,N0,E1_62,,,1612
E1a,N1,E1_62,4.742886683209264,0.9809205398301587,1612
E1a,N2,E1_62,,,1612
E1a,N0,E1_622,,,1612
E1a,N1,E1_622,45.08016106876994,32.990203032014236,1612
E1a,N2,E1_622,,,1612
E1a,N0,E1_623,,,1612
E1a,N1,E1_623,43.14702842520383,39.09416063032126,1612
E1a,N2,E1_623,,,1612
E1a,N0,E1_625,,,1612
E1a,N1,E1_625,43.40314432431368,40.953823950482324,1612
E1a,N2,E1_625,,,1612
E1a,N0,E1_627,,,1612
E1a,N1,E1_627,40.34907840255623,38.88561758644919,1612
E1a,N2,E1_627,,,1612
E1a,N0,E1_630,,,1612
E1a,N1,E1_630,38.07106104021427,37.90211842393496,1612
E1a,N2,E1_630,,,1612
E1a,N0,E1_633,,,1612
E1a,N1,E1_633,41.187483322009534,37.97628010392391,1612
E1a,N2,E1_633,,,1612
E1a,N0,E1_638,,,1612
E1a,N1,E1_638,40.38226938831778,33.298248275792716,1612
E1a,N2,E1_638,,,1612
E1a,N0,E1_639,,,1612
E1a,N1,E1_639,40.08891399818819,37.704290530354186,1612
E1a,N2,E1_639,,,1612
E1a,N0,E1_640,,,1612
E1a,N1,E1_640,39.93045548761275,38.58568979058617,1612
E1a,N2,E1_640,,,1612
E1a,N0,E1_641,,,1612
E1a,N1,E1_641,41.467067307692304,38.41364848270731,1612
E1a,N2,E1_641,,,1612
E1a,N0,E1_642,,,1612
E1a,N1,E1_642,51.16969233723267,37.80145920839469,1612
E1a,N2,E1_642,,,1612
E1a,N0,E1_646,,,1612
E1a,N1,E1_646,57.7433587749616,39.588037519515645,1612
E1a,N2,E1_646,,,1612
E1a,N0,E1_650,,,1612
E1a,N1,E1_650,36.03748648864576,39.42235194304054,1612
E1a,N2,E1_650,,,1612
E1a,N0,E1_654,,,1612
E1a,N1,E1_654,35.324935011225335,36.00950371188669,1612
E1a,N2,E1_654,,,1612
E1a,N0,E1_656,,,1612
E1a,N1,E1_656,50.68507030603806,0.411270141225004,1612
E1a,N2,E1_656,,,1612
E1a,N0,E1_657,,,1612
E1a,N1,E1_657,2.1014673033748714,0.48583701511679533,1612
E1a,N2,E1_657,,,1612
E1a,N0,E1_658,,,1612
E1a,N1,E1_658,1.5555938349285123,0.47521133652965114,1612
E1a,N2,E1_658,,,1612
E1a,N0,E1_661,,,1612
E1a,N1,E1_661,1.5840866123124187,0.34815210565942356,1612
E1a,N2,E1_661,,,1612
E1a,N0,E1_662,,,1612
E1a,N1,E1_662,1.7834012761432116,0.3090660314634417,1612
E1a,N2,E1_662,,,1612
E1a,N0,E1_664,,,1612
E1a,N1,E1_664,1.4453267162944583,0.2764765489396484,1612
E1a,N2,E1_664,,,1612
E1a,N0,E1_665,,,1612
E1a,N1,E1_665,1.2770264681555004,0.2839953344913332,1612
E1a,N2,E1_665,,,1612
E1a,N0,E1_675,,,1612
E1a,N1,E1_675,8.826993973768168,9.114754375094929,1612
E1a,N2,E1_675,,,1612
E1a,N0,E1_683,,,1612
E1a,N1,E1_683,2.5016456437827403,4.657548083676628,1612
E1a,N2,E1_683,,,1612
E1a,N0,E1_688,,,1612
E1a,N1,E1_688,2.972698068060971,2.802840516820275,1612
E1a,N2,E1_688,,,1612
E1a,N0,E1_689,,,1612
E1a,N1,E1_689,4.828680727874277,4.6765003537842444,1612
E1a,N2,E1_689,,,1612
E1a,N0,E1_69,,,1612
E1a,N1,E1_69,23.279622231917514,0.40897498609641203,1612
E1a,N2,E1_69,,,1612
E1a,N0,E1_696,,,1307
E1a,N1,E1_696,1.90300579298284,1.6466544717913234,1307
E1a,N2,E1_696,,,1307
E1a,N0,E1_699,,,1306
E1a,N1,E1_699,1.1416684897542475,1.855749514153782,1306
E1a,N2,E1_699,,,1306
E1a,N0,E1_70,,,1612
E1a,N1,E1_70,1.1724746407438713,0.616310524855606,1612
E1a,N2,E1_70,,,1612
E1a,N0,E1_703,,,1612
E1a,N1,E1_703,1.0945143566111306,0.2530335999212431,1612
E1a,N2,E1_703,,,1612
E1a,N0,E1_706,,,1612
E1a,N1,E1_706,0.9788753249438732,0.41008172749210237,1612
E1a,N2,E1_706,,,1612
E1a,N0,E1_709,,,1612
E1a,N1,E1_709,34.38263027295285,36.30749388953857,1612
E1a,N2,E1_709,,,1612
E1a,N0,E1_71,,,1612
E1a,N1,E1_71,1.3351146165662293,0.890593156453297,1612
E1a,N2,E1_71,,,1612
E1a,N0,E1_710,,,1612
E1a,N1,E1_710,38.30287021188076,32.24385367068083,1612
E1a,N2,E1_710,,,1612
E1a,N0,E1_713,,,1612
E1a,N1,E1_713,41.10316735063943,36.107343183280726,1612
E1a,N2,E1_713,,,1612
E1a,N0,E1_716,,,1612
E1a,N1,E1_716,35.79236751152074,34.53251433556475,1612
E1a,N2,E1_716,,,1612
E1a,N0,E1_718,,,1612
E1a,N1,E1_718,51.71148233486944,30.322571500636652,1612
E1a,N2,E1_718,,,1612
E1a,N0,E1_721,,,1612
E1a,N1,E1_721,15.739956280278863,1.5397117746658784,1612
E1a,N2,E1_721,,,1612
E1a,N0,E1_722,,,1612
E1a,N1,E1_722,2.0316706814690684,0.8022607051326461,1612
E1a,N2,E1_722,,,1612
E1a,N0,E1_723,,,1612
E1a,N1,E1_723,39.17249645515775,20.015604854832755,1612
E1a,N2,E1_723,,,1612
E1a,N0,E1_728,,,1612
E1a,N1,E1_728,3.551273278692634,0.27420657372558244,1612
E1a,N2,E1_728,,,1612
E1a,N0,E1_734,,,1612
E1a,N1,E1_734,5.0270676129081835,6.035959313986296,1612
E1a,N2,E1_734,,,1612
E1a,N0,E1_735,,,1612
E1a,N1,E1_735,16.80646828874186,21.30946094372566,1612
E1a,N2,E1_735,,,1612
E1a,N0,E1_738,,,1612
E1a,N1,E1_738,4.014971050454921,0.5611185345208496,1612
E1a,N2,E1_738,,,1612
E1a,N0,E1_74,,,1612
E1a,N1,E1_74,1.3189412737799835,0.46790611157356893,1612
E1a,N2,E1_74,,,1612
E1a,N0,E1_740,,,1612
E1a,N1,E1_740,2.414419199751861,0.04910439053379128,1612
E1a,N2,E1_740,,,1612
E1a,N0,E1_741,,,1612
E1a,N1,E1_741,2.945763913505849,0.5632206286825054,1612
E1a,N2,E1_741,,,1612
E1a,N0,E1_742,,,1612
E1a,N1,E1_742,1.005555432470755,0.11191314583321578,1612
E1a,N2,E1_742,,,1612
E1a,N0,E1_749,,,1612
E1a,N1,E1_749,1.6070040174878886,0.6545192945465095,1612
E1a,N2,E1_749,,,1612
E1a,N0,E1_75,,,1612
E1a,N1,E1_75,2.1872933466450832,0.6143482491440002,1612
E1a,N2,E1_75,,,1612
E1a,N0,E1_758,,,1612
E1a,N1,E1_758,1.8338177951081176,2.691924773489189,1612
E1a,N2,E1_758,,,1612
E1a,N0,E1_759,,,1612
E1a,N1,E1_759,1.0974713458584426,0.47508075372041003,1612
E1a,N2,E1_759,,,1612
E1a,N0,E1_760,,,1612
E1a,N1,E1_760,1.175475599669148,4.608952017518008,1612
E1a,N2,E1_760,,,1612
E1a,N0,E1_763,,,1612
E1a,N1,E1_763,19.726398664662465,0.24639600312493287,1612
E1a,N2,E1_763,,,1612
E1a,N0,E1_764,,,1612
E1a,N1,E1_764,2.368666548505258,0.33700663497482786,1612
E1a,N2,E1_764,,,1612
E1a,N0,E1_766,,,1612
E1a,N1,E1_766,4.710872141970933,0.48852114367537275,1612
E1a,N2,E1_766,,,1612
E1a,N0,E1_767,,,1612
E1a,N1,E1_767,19.58758123596833,0.41678382874759046,1612
E1a,N2,E1_767,,,1612
E1a,N0,E1_772,,,1612
E1a,N1,E1_772,3.7997562920950014,7.677686000184299,1612
E1a,N2,E1_772,,,1612
E1a,N0,E1_776,,,1612
E1a,N1,E1_776,6.114081885856081,2.521074878714861,1612
E1a,N2,E1_776,,,1612
E1a,N0,E1_790,,,1612
E1a,N1,E1_790,1.1597808105872622,0.17487979830917244,1612
E1a,N2,E1_790,,,1612
E1a,N0,E1_791,,,1612
E1a,N1,E1_791,1.254240517546969,0.2834242843528861,1612
E1a,N2,E1_791,,,1612
E1a,N0,E1_792,,,1612
E1a,N1,E1_792,1.3865901571546733,0.12473673637673967,1612
E1a,N2,E1_792,,,1612
E1a,N0,E1_794,,,1612
E1a,N1,E1_794,1.5574556156209383,0.13188595941551257,1612
E1a,N2,E1_794,,,1612
E1a,N0,E1_800,,,1612
E1a,N1,E1_800,1.4455334987593051,1.326401403627516,1612
E1a,N2,E1_800,,,1612
E1a,N0,E1_807,,,1612
E1a,N1,E1_807,1.7369261786600498,1.1964165535841356,1612
E1a,N2,E1_807,,,1612
E1a,N0,E1_812,,,1612
E1a,N1,E1_812,5.007236164889701,5.920767069351602,1612
E1a,N2,E1_812,,,1612
E1a,N0,E1_814,,,1612
E1a,N1,E1_814,1.2479580231596359,2.209114368579433,1612
E1a,N2,E1_814,,,1612
E1a,N0,E1_816,,,1612
E1a,N1,E1_816,1.9850858147229116,4.6377065690800645,1612
E1a,N2,E1_816,,,1612
E1a,N0,E1_818,,,1612
E1a,N1,E1_818,1.0617437054433023,1.3613134316913769,1612
E1a,N2,E1_818,,,1612
E1a,N0,E1_824,,,1612
E1a,N1,E1_824,4.914197227503678,12.39753188991255,1612
E1a,N2,E1_824,,,1612
E1a,N0,E1_828,,,1612
E1a,N1,E1_828,2.60403816613494,1.542338018922523,1612
E1a,N2,E1_828,,,1612
E1a,N0,E1_833,,,1612
E1a,N1,E1_833,5.6227807810469095,0.15826454512166846,1612
E1a,N2,E1_833,,,1612
E1a,N0,E1_834,,,1612
E1a,N1,E1_834,5.599358008616693,0.12936006898380595,1612
E1a,N2,E1_834,,,1612
E1a,N0,E1_836,,,1612
E1a,N1,E1_836,4.082685862524572,3.9148883626832545,1612
E1a,N2,E1_836,,,1612
E1a,N0,E1_843,,,1612
E1a,N1,E1_843,29.90597010516365,2.1140048871855917,1612
E1a,N2,E1_843,,,1612
E1a,N0,E1_845,,,1612
E1a,N1,E1_845,2.9198540706605223,2.750371124643715,1612
E1a,N2,E1_845,,,1612
E1a,N0,E1_846,,,1612
E1a,N1,E1_846,46.086896884477525,4.20036822463106,1612
E1a,N2,E1_846,,,1612
E1a,N0,E1_848,,,1612
E1a,N1,E1_848,1.729791624146463,6.842020091894441,1612
E1a,N2,E1_848,,,1612
E1a,N0,E1_85,,,1612
E1a,N1,E1_85,1.0467357910906299,0.37358068062452976,1612
E1a,N2,E1_85,,,1612
E1a,N0,E1_850,,,1612
E1a,N1,E1_850,5.2674961351372644,2.7517866689445794,1612
E1a,N2,E1_850,,,1612
E1a,N0,E1_853,,,1612
E1a,N1,E1_853,1.1642000472645633,1.8105976632759222,1612
E1a,N2,E1_853,,,1612
E1a,N0,E1_855,,,1612
E1a,N1,E1_855,8.07063018660413,14.676563409556849,1612
E1a,N2,E1_855,,,1612
E1a,N0,E1_858,,,1612
E1a,N1,E1_858,2.7429008233288634,3.8375636070435193,1612
E1a,N2,E1_858,,,1612
E1a,N0,E1_861,,,1612
E1a,N1,E1_861,3.652722009173622,0.5050034397707027,1612
E1a,N2,E1_861,,,1612
E1a,N0,E1_862,,,1612
E1a,N1,E1_862,1.0944241655780116,0.3802791571755648,1612
E1a,N2,E1_862,,,1612
E1a,N0,E1_865,,,1612
E1a,N1,E1_865,7.62876491787782,7.4322350903099155,1612
E1a,N2,E1_865,,,1612
E1a,N0,E1_868,,,1612
E1a,N1,E1_868,2.0722027558876195,2.185952368845305,1612
E1a,N2,E1_868,,,1612
E1a,N0,E1_871,,,1612
E1a,N1,E1_871,5.096635050915448,9.983888254172765,1612
E1a,N2,E1_871,,,1612
E1a,N0,E1_872,,,1612
E1a,N1,E1_872,5.256197565874985,5.375808544829112,1612
E1a,N2,E1_872,,,1612
E1a,N0,E1_875,,,1612
E1a,N1,E1_875,3.1427448895190833,2.0037901207833193,1612
E1a,N2,E1_875,,,1612
E1a,N0,E1_878,,,1612
E1a,N1,E1_878,1.9903255346803737,0.9857127605595645,1612
E1a,N2,E1_878,,,1612
E1a,N0,E1_879,,,1612
E1a,N1,E1_879,3.7129305506321635,2.836970841666361,1612
E1a,N2,E1_879,,,1612
E1a,N0,E1_882,,,1612
E1a,N1,E1_882,2.772246839182323,1.4668974073519074,1612
E1a,N2,E1_882,,,1612
E1a,N0,E1_883,,,1612
E1a,N1,E1_883,1.4183865865317478,6.1976841400997,1612
E1a,N2,E1_883,,,1612
E1a,N0,E1_890,,,1612
E1a,N1,E1_890,3.906910226869904,5.002456430001236,1612
E1a,N2,E1_890,,,1612
E1a,N0,E1_893,,,1612
E1a,N1,E1_893,1.9727342549923195,0.4730220446877611,1612
E1a,N2,E1_893,,,1612
E1a,N0,E1_895,,,1612
E1a,N1,E1_895,7.079631927212572,14.50508938777947,1612
E1a,N2,E1_895,,,1612
E1a,N0,E1_896,,,1612
E1a,N1,E1_896,3.5281433103703574,6.242451168793351,1612
E1a,N2,E1_896,,,1612
E1a,N0,E1_898,,,1612
E1a,N1,E1_898,1.1989247311827957,2.1558349186688512,1612
E1a,N2,E1_898,,,1612
E1a,N0,E1_901,,,1612
E1a,N1,E1_901,2.2382608430995528,2.155463412638987,1612
E1a,N2,E1_901,,,1612
E1a,N0,E1_903,,,1612
E1a,N1,E1_903,4.343066140848399,5.060311550283135,1612
E1a,N2,E1_903,,,1612
E1a,N0,E1_904,,,1612
E1a,N1,E1_904,1.2174849344204182,0.4810716603666422,1612
E1a,N2,E1_904,,,1612
E1a,N0,E1_909,,,1612
E1a,N1,E1_909,2.245051025277452,1.1131214020840252,1612
E1a,N2,E1_909,,,1612
E1a,N0,E1_911,,,1612
E1a,N1,E1_911,4.004673283705541,0.15624639345911828,1612
E1a,N2,E1_911,,,1612
E1a,N0,E1_923,,,1612
E1a,N1,E1_923,1.66498778998779,4.566658104302509,1612
E1a,N2,E1_923,,,1612
E1a,N0,E1_939,,,1612
E1a,N1,E1_939,7.777407538697862,4.61180094682883,1612
E1a,N2,E1_939,,,1612
E1a,N0,E1_941,,,1612
E1a,N1,E1_941,31.960090984284534,0.9554740874391935,1612
E1a,N2,E1_941,,,1612
E1a,N0,E1_942,,,1612
E1a,N1,E1_942,23.522270471464022,10.651154839475792,1612
E1a,N2,E1_942,,,1612
E1a,N0,E1_944,,,1612
E1a,N1,E1_944,2.1581693843790615,1.0087941666504607,1612
E1a,N2,E1_944,,,1612
E1a,N0,E1_949,,,1612
E1a,N1,E1_949,18.679114971050456,22.60211549064544,1612
E1a,N2,E1_949,,,1612
E1a,N0,E1_952,,,1612
E1a,N1,E1_952,17.568136299184687,24.84392943798238,1612
E1a,N2,E1_952,,,1612
E1a,N0,E1_958,,,1612
E1a,N1,E1_958,47.38663446768285,5.453963025266347,1612
E1a,N2,E1_958,,,1612
E1a,N0,E1_965,,,1612
E1a,N1,E1_965,7.305459057071961,14.121365325709888,1612
E1a,N2,E1_965,,,1612
E1a,N0,E1_969,,,1612
E1a,N1,E1_969,1.2744830438378825,0.9465250249875616,1612
E1a,N2,E1_969,,,1612
E1a,N0,E1_972,,,1612
E1a,N1,E1_972,7.908690033085195,3.9467706858586915,1612
E1a,N2,E1_972,,,1612
E1a,N0,E1_973,,,1612
E1a,N1,E1_973,15.061704682827513,21.14825088078943,1612
E1a,N2,E1_973,,,1612
E1a,N0,E1_974,,,1612
E1a,N1,E1_974,1.6114143920595534,0.8968986489415628,1612
E1a,N2,E1_974,,,1612
E1a,N0,E1_976,,,1612
E1a,N1,E1_976,6.295595533498759,14.412733774637713,1612
E1a,N2,E1_976,,,1612
E1a,N0,E1_979,,,1612
E1a,N1,E1_979,6.311414392059554,0.8846613379826381,1612
E1a,N2,E1_979,,,1612
E1a,N0,E1_98,,,1612
E1a,N1,E1_98,1.092740458466265,0.268920667774845,1612
E1a,N2,E1_98,,,1612
E1a,N0,E1_981,,,1612
E1a,N1,E1_981,3.4922249793217537,3.0198276079644164,1612
E1a,N2,E1_981,,,1612
E1a,N0,E1_983,,,1612
E1a,N1,E1_983,28.951612903225808,16.54910024635578,1612
E1a,N2,E1_983,,,1612
E1a,N0,E1_985,,,1612
E1a,N1,E1_985,2.1710504549214225,2.7049509900707127,1612
E1a,N2,E1_985,,,1612
E1a,N0,E1_986,,,1612
E1a,N1,E1_986,1.776985111662531,0.5033130685991567,1612
E1a,N2,E1_986,,,1612
E1a,N0,E1_989,,,1612
E1a,N1,E1_989,2.331306865177833,0.5086533370037664,1612
E1a,N2,E1_989,,,1612
E1a,N0,E1_990,,,1612
E1a,N1,E1_990,6.751033912324235,4.589150998020694,1612
E1a,N2,E1_990,,,1612
E1a,N0,E1_993,,,1612
E1a,N1,E1_993,13.314102564102566,1.3599427995020292,1612
E1a,N2,E1_993,,,1612
E1a,N0,E1_995,,,1612
E1a,N1,E1_995,4.241563275434243,5.42459141024103,1612
E1a,N2,E1_995,,,1612
E1a,N0,E1_996,,,1612
E1a,N1,E1_996,5.998500827129859,8.615464828763992,1612
E1a,N2,E1_996,,,1612
E1a,N0,E1_998,,,1612
E1a,N1,E1_998,49.08823407775021,3.746685700546097,1612
E1a,N2,E1_998,,,1612
E1g,N0,E1g_00,,,483
E1g,N1,E1g_00,14.245088238193826,14.451248336141393,483
E1g,N2,E1g_00,,,483
E1g,N0,E1g_01,,,1612
E1g,N1,E1g_01,10.063341620813704,6.869560684628122,1612
E1g,N2,E1g_01,,,1612
E1g,N0,E1g_02,,,1612
E1g,N1,E1g_02,14.595282046582449,8.659248186540898,1612
E1g,N2,E1g_02,,,1612
E1g,N0,E1g_03,,,1612
E1g,N1,E1g_03,14.142470768478834,8.668983824939074,1612
E1g,N2,E1g_03,,,1612
E1g,N0,E1g_04,,,1612
E1g,N1,E1g_04,11.680313701669162,9.272574466140671,1612
E1g,N2,E1g_04,,,1612
E1g,N0,E1g_05,,,1612
E1g,N1,E1g_05,2.3771433508592317,2.0672884248082286,1612
E1g,N2,E1g_05,,,1612
E1g,N0,E1g_06,,,1612
E1g,N1,E1g_06,8.940625812359682,1.520154683243989,1612
E1g,N2,E1g_06,,,1612
E1g,N0,E1g_07,,,1612
E1g,N1,E1g_07,16.2188914428985,11.323647481864946,1612
E1g,N2,E1g_07,,,1612
E1g,N0,E1g_08,,,1612
E1g,N1,E1g_08,10.469497681977522,14.747555982520353,1612
E1g,N2,E1g_08,,,1612
E1g,N0,E1g_09,,,1612
E1g,N1,E1g_09,1.294357714246052,0.9268146680681786,1612
E1g,N2,E1g_09,,,1612
E1g,N0,E1g_10,,,1612
E1g,N1,E1g_10,1.7308236325295878,0.753156936743577,1612
E1g,N2,E1g_10,,,1612
E1g,N0,E1g_11,,,1612
E1g,N1,E1g_11,9.851200934611294,6.581299839027863,1612
E1g,N2,E1g_11,,,1612
E1g,N0,E1g_12,,,1612
E1g,N1,E1g_12,8.73306635637591,8.83576345995157,1612
E1g,N2,E1g_12,,,1612
E1g,N0,E1g_13,,,1612
E1g,N1,E1g_13,16.853707166489425,8.420106242161884,1612
E1g,N2,E1g_13,,,1612
E1g,N0,E1g_14,,,479
E1g,N1,E1g_14,30.437719620903334,17.532480132063117,479
E1g,N2,E1g_14,,,479
E1g,N0,E1g_15,,,1612
E1g,N1,E1g_15,2.9527232512111548,2.149059864291357,1612
E1g,N2,E1g_15,,,1612
E1g,N0,E1g_16,,,1612
E1g,N1,E1g_16,1.6672566126319226,0.19083838635935677,1612
E1g,N2,E1g_16,,,1612
E1g,N0,E1g_17,,,469
E1g,N1,E1g_17,31.53334468658562,14.413565086854074,469
E1g,N2,E1g_17,,,469
E1g,N0,E1g_18,,,1612
E1g,N1,E1g_18,2.094023852491594,1.193928892608613,1612
E1g,N2,E1g_18,,,1612
E1g,N0,E1g_19,,,1612
E1g,N1,E1g_19,7.840775393960877,4.722325247040291,1612
E1g,N2,E1g_19,,,1612
E1g,N0,E1g_20,,,472
E1g,N1,E1g_20,30.160052839991927,18.36535111627445,472
E1g,N2,E1g_20,,,472
E1g,N0,E1g_21,,,1612
E1g,N1,E1g_21,13.443572872020454,7.530691839402822,1612
E1g,N2,E1g_21,,,1612
E1g,N0,E1g_22,,,1612
E1g,N1,E1g_22,6.252135627589257,7.5446091028014415,1612
E1g,N2,E1g_22,,,1612
E1g,N0,E1g_23,,,1612
E1g,N1,E1g_23,13.042789643152547,2.628898078141967,1612
E1g,N2,E1g_23,,,1612
E1g,N0,E1g_24,,,1612
E1g,N1,E1g_24,2.897316986329083,2.3957576003942047,1612
E1g,N2,E1g_24,,,1612
E1g,N0,E1g_25,,,1612
E1g,N1,E1g_25,10.45236314201032,7.736480025457212,1612
E1g,N2,E1g_25,,,1612
E1g,N0,E1g_26,,,1612
E1g,N1,E1g_26,14.421364064363056,8.627601329265783,1612
E1g,N2,E1g_26,,,1612
E1g,N0,E1g_27,,,1612
E1g,N1,E1g_27,13.398782427250168,9.604385998763279,1612
E1g,N2,E1g_27,,,1612
E1g,N0,E1g_28,,,1612
E1g,N1,E1g_28,11.053185040765687,9.151303944374948,1612
E1g,N2,E1g_28,,,1612
E1g,N0,E1g_29,,,1612
E1g,N1,E1g_29,11.770925686355278,8.483455233683834,1612
E1g,N2,E1g_29,,,1612
E1g,N0,E1g_30,,,472
E1g,N1,E1g_30,10.17311188458434,8.228274423275973,472
E1g,N2,E1g_30,,,472
E1g,N0,E1g_31,,,1612
E1g,N1,E1g_31,16.658834003138438,11.412340861365937,1612
E1g,N2,E1g_31,,,1612
E1g,N0,E1g_32,,,1612
E1g,N1,E1g_32,33.20934511785086,17.557663365278955,1612
E1g,N2,E1g_32,,,1612
E1g,N0,E1g_33,,,1612
E1g,N1,E1g_33,13.03011928148017,9.373325916000546,1612
E1g,N2,E1g_33,,,1612
E1g,N0,E1g_34,,,1612
E1g,N1,E1g_34,4.441476365514827,1.9319975444039876,1612
E1g,N2,E1g_34,,,1612
E1g,N0,E1g_35,,,1612
E1g,N1,E1g_35,10.558738908940521,7.319690368984998,1612
E1g,N2,E1g_35,,,1612
E1g,N0,E1g_36,,,1612
E1g,N1,E1g_36,11.902722220913908,7.970122742360825,1612
E1g,N2,E1g_36,,,1612
E1g,N0,E1g_37,,,1612
E1g,N1,E1g_37,20.343811973197056,12.124589561303539,1612
E1g,N2,E1g_37,,,1612
E1g,N0,E1g_38,,,1612
E1g,N1,E1g_38,21.190120668981557,16.02699519606208,1612
E1g,N2,E1g_38,,,1612
E1g,N0,E1g_39,,,1612
E1g,N1,E1g_39,2.3727607338897663,1.9091570342354192,1612
E1g,N2,E1g_39,,,1612
E1g,N0,E1g_40,,,1612
E1g,N1,E1g_40,10.096991758241758,6.39685894870727,1612
E1g,N2,E1g_40,,,1612
E1g,N0,E1g_41,,,1612
E1g,N1,E1g_41,26.27709480483674,10.541149616909259,1612
E1g,N2,E1g_41,,,1612
E1g,N0,E1g_42,,,1612
E1g,N1,E1g_42,30.13162435553487,10.410673518272564,1612
E1g,N2,E1g_42,,,1612
E1g,N0,E1g_43,,,1612
E1g,N1,E1g_43,4.245981330497459,2.363877510344259,1612
E1g,N2,E1g_43,,,1612
E1g,N0,E1g_44,,,1612
E1g,N1,E1g_44,6.037165345682714,6.644048470209805,1612
E1g,N2,E1g_44,,,1612
E1g,N0,E1g_45,,,1612
E1g,N1,E1g_45,2.3722736000558577,3.6649294301221405,1612
E1g,N2,E1g_45,,,1612
E1g,N0,E1g_46,,,1612
E1g,N1,E1g_46,13.169696369550975,0.9083814466794696,1612
E1g,N2,E1g_46,,,1612
E1g,N0,E1g_47,,,1257
E1g,N1,E1g_47,24.70588665378641,18.032529129894428,1257
E1g,N2,E1g_47,,,1257
E1g,N0,E1g_48,,,1612
E1g,N1,E1g_48,16.51489985820631,9.105372304262712,1612
E1g,N2,E1g_48,,,1612
E1g,N0,E1g_49,,,1612
E1g,N1,E1g_49,11.535070123046237,7.704070549350609,1612
E1g,N2,E1g_49,,,1612
E1g,N0,E1g_50,,,1612
E1g,N1,E1g_50,10.538478220239233,9.17355928779132,1612
E1g,N2,E1g_50,,,1612
E1g,N0,E1g_51,,,1612
E1g,N1,E1g_51,21.994018308080804,12.165918868205182,1612
E1g,N2,E1g_51,,,1612
E1g,N0,E1g_52,,,1612
E1g,N1,E1g_52,10.8520148016961,2.7540067624309765,1612
E1g,N2,E1g_52,,,1612
E1g,N0,E1g_53,,,1612
E1g,N1,E1g_53,10.327512718016752,7.998463661221685,1612
E1g,N2,E1g_53,,,1612
E1g,N0,E1g_54,,,1612
E1g,N1,E1g_54,22.535711078795753,16.810578253898946,1612
E1g,N2,E1g_54,,,1612
E1g,N0,E1g_55,,,1612
E1g,N1,E1g_55,9.505149326479971,7.686503080800331,1612
E1g,N2,E1g_55,,,1612
E1g,N0,E1g_56,,,1612
E1g,N1,E1g_56,33.15612680980276,15.077032051407043,1612
E1g,N2,E1g_56,,,1612
E1g,N0,E1g_57,,,1612
E1g,N1,E1g_57,11.712735342614373,9.725191751489369,1612
E1g,N2,E1g_57,,,1612
E1g,N0,E1g_58,,,1612
E1g,N1,E1g_58,7.509348686363265,3.344416636828208,1612
E1g,N2,E1g_58,,,1612
E1g,N0,E1g_59,,,1612
E1g,N1,E1g_59,29.447329546487428,16.452417657879842,1612
E1g,N2,E1g_59,,,1612
E1g,N0,E1g_60,,,1612
E1g,N1,E1g_60,1.323798919494484,1.2444154254404434,1612
E1g,N2,E1g_60,,,1612
E1g,N0,E1g_61,,,1612
E1g,N1,E1g_61,10.05929993445347,8.133789396687657,1612
E1g,N2,E1g_61,,,1612
E1g,N0,E1g_62,,,1612
E1g,N1,E1g_62,19.279960809799523,11.887972704306332,1612
E1g,N2,E1g_62,,,1612
E1g,N0,E1g_63,,,1612
E1g,N1,E1g_63,20.15645754825888,13.115314687688462,1612
E1g,N2,E1g_63,,,1612
E1g,N0,E1g_64,,,1612
E1g,N1,E1g_64,14.2340481778354,3.9118903744675166,1612
E1g,N2,E1g_64,,,1612
E1g,N0,E1g_65,,,1612
E1g,N1,E1g_65,2.326824098840228,1.5901693895661833,1612
E1g,N2,E1g_65,,,1612
E1g,N0,E1g_66,,,479
E1g,N1,E1g_66,25.5367407296948,11.98405315721024,479
E1g,N2,E1g_66,,,479
E1g,N0,E1g_67,,,1612
E1g,N1,E1g_67,6.546421666371263,8.136700450792604,1612
E1g,N2,E1g_67,,,1612
E1g,N0,E1g_68,,,1612
E1g,N1,E1g_68,7.117513810114618,6.776193289905797,1612
E1g,N2,E1g_68,,,1612
E1g,N0,E1g_69,,,1612
E1g,N1,E1g_69,23.541167931530833,16.243759556100756,1612
E1g,N2,E1g_69,,,1612
E1g,N0,E1g_70,,,1612
E1g,N1,E1g_70,3.8131227804281465,1.0129341385985569,1612
E1g,N2,E1g_70,,,1612
E1g,N0,E1g_71,,,1612
E1g,N1,E1g_71,17.38013204537398,8.656957712454675,1612
E1g,N2,E1g_71,,,1612
E1g,N0,E1g_72,,,470
E1g,N1,E1g_72,18.236045086119557,16.94331038796915,470
E1g,N2,E1g_72,,,470
