nguon,dich,mode,h,model,n_chuoi,L_p50,hieu_p50,p,p_holm,co_y_nghia,ket_luan
E1,E2,N0,1,lr,302,0.989645042279321,-0.007415455660161385,0.40286081801068574,1.0,False,không khác
E1,E2,N0,1,rf,302,1.0102379965955293,0.0034443255547057933,5.880380615759893e-07,4.116266431031925e-06,True,transfer tệ hơn đường chéo
E1,E2,N0,1,ridge,302,0.9896088181029181,-0.007428168072092678,0.39002745582783105,1.0,False,không khác
E1,E2,N0,1,svr,302,1.0041082192109851,0.0006522688472339958,0.6593488698071084,1.0,False,không khác
E1,E2,N0,1,xgb,302,1.0213200669240852,0.005458550060415596,1.538735027187637e-06,9.232410163125822e-06,True,transfer tệ hơn đường chéo
E1,E2,N0,6,lr,302,0.7966834092982554,-0.2718180432454864,3.523218841083264e-33,5.284828261624897e-32,True,transfer tốt hơn đường chéo
E1,E2,N0,6,rf,302,1.019202638686298,0.010927410952975003,5.0443196818235996e-05,0.00025221598409118,True,transfer tệ hơn đường chéo
E1,E2,N0,6,ridge,302,0.7966834793161978,-0.2718180148788393,3.523218841083264e-33,5.284828261624897e-32,True,transfer tốt hơn đường chéo
E1,E2,N0,6,svr,302,1.0288165782016918,0.004965132444768799,1.6448501513953584e-09,1.3158801211162867e-08,True,transfer tệ hơn đường chéo
E1,E2,N0,6,xgb,302,0.9961011716639636,-0.0021002427515513095,0.4817305100815281,0.4817305100815281,False,không khác
E1,E2,N0,12,lr,302,0.8127462087132717,-0.3485987252758444,5.053876687734893e-29,7.58081503160234e-28,True,transfer tốt hơn đường chéo
E1,E2,N0,12,rf,302,1.0014180607656344,0.001281986916086164,0.03239224741044182,0.09717674223132546,False,không khác
E1,E2,N0,12,ridge,302,0.8127461969517764,-0.34859884842378774,5.053876687734893e-29,7.58081503160234e-28,True,transfer tốt hơn đường chéo
E1,E2,N0,12,svr,302,1.0215992313717068,0.0032802688041002545,3.576960588742367e-05,0.000214617635324542,True,transfer tệ hơn đường chéo
E1,E2,N0,12,xgb,302,1.0020197685686678,0.001099742336652762,0.4719412680564248,0.4719412680564248,False,không khác
E1,E2,N1,1,lr,302,0.9507695911625103,-0.007155033318180043,2.481579957268507e-20,3.1670442261274283e-19,True,transfer tốt hơn đường chéo
E1,E2,N1,1,rf,302,1.0272984067294653,0.005732319300200503,1.8734746125564337e-09,1.8734746125564337e-08,True,transfer tệ hơn đường chéo
E1,E2,N1,1,ridge,302,0.9508097910954024,-0.007148969462705802,2.436187866251868e-20,3.1670442261274283e-19,True,transfer tốt hơn đường chéo
E1,E2,N1,1,svr,302,1.0046515906940616,0.0008086148955643024,0.4614611464912701,1.0,False,không khác
E1,E2,N1,1,xgb,302,1.0446286721518843,0.010215291381816247,6.256399731622468e-17,6.882039704784714e-16,True,transfer tệ hơn đường chéo
E1,E2,N1,6,lr,302,0.965483046361713,-0.006254227978464852,2.949779348162088e-11,3.539735217794505e-10,True,transfer tốt hơn đường chéo
E1,E2,N1,6,rf,302,1.0099892408918132,0.0020843022062806,0.015351705620557526,0.0614068224822301,False,không khác
E1,E2,N1,6,ridge,302,0.9654830820419522,-0.006254226259508354,2.949779348162088e-11,3.539735217794505e-10,True,transfer tốt hơn đường chéo
E1,E2,N1,6,svr,302,1.0150880136473133,0.003504443838412738,2.134059634782169e-06,1.4938417443475184e-05,True,transfer tệ hơn đường chéo
E1,E2,N1,6,xgb,302,1.0113312593328025,0.0027072987603916944,0.04451918791019318,0.13355756373057953,False,không khác
E1,E2,N1,12,lr,302,0.968606616832461,-0.010801975472477833,5.482825564202488e-10,5.4828255642024885e-09,True,transfer tốt hơn đường chéo
E1,E2,N1,12,rf,302,1.0105100063188712,0.0015965095750028989,0.001103168322487499,0.005515841612437495,True,transfer tệ hơn đường chéo
E1,E2,N1,12,ridge,302,0.9686066097208862,-0.01080200862000514,5.482825564202488e-10,5.4828255642024885e-09,True,transfer tốt hơn đường chéo
E1,E2,N1,12,svr,302,1.0214028080414268,0.004453907156668902,7.319801959644256e-06,5.123861371750979e-05,True,transfer tệ hơn đường chéo
E1,E2,N1,12,xgb,302,1.0022782221075264,0.00012085783664765246,0.10214800001179875,0.2042960000235975,False,không khác
E1,E2,N2,1,lr,302,1.0818684775093448,0.023357886272625153,1.251874775379754e-41,1.877812163069631e-40,True,transfer tệ hơn đường chéo
E1,E2,N2,1,rf,302,0.9971256792290759,-0.0016604164427050927,0.00031671608750971744,0.0015835804375485872,True,transfer tốt hơn đường chéo
E1,E2,N2,1,ridge,302,1.081633089409175,0.023282505628570635,1.418878962806221e-41,1.9864305479287097e-40,True,transfer tệ hơn đường chéo
E1,E2,N2,1,svr,302,1.0328430871708263,0.005478616840596449,3.8930298511870463e-07,3.503726866068342e-06,True,transfer tệ hơn đường chéo
E1,E2,N2,1,xgb,302,1.0154078594130365,0.0037888066697745054,4.114543809570039e-07,3.503726866068342e-06,True,transfer tệ hơn đường chéo
E1,E2,N2,6,lr,302,1.0169180448491293,0.009512116830959455,5.896312805246638e-11,5.896312805246638e-10,True,transfer tệ hơn đường chéo
E1,E2,N2,6,rf,302,0.959693676434777,-0.020428975704993947,9.857676967688957e-18,1.2814980057995644e-16,True,transfer tốt hơn đường chéo
E1,E2,N2,6,ridge,302,1.016918062961568,0.009512119325272073,5.896312805246638e-11,5.896312805246638e-10,True,transfer tệ hơn đường chéo
E1,E2,N2,6,svr,302,0.9880607673508729,-0.0038965272032845943,0.21835407030583753,0.43670814061167507,False,không khác
E1,E2,N2,6,xgb,302,0.9838425496914688,-0.00632312566671589,3.053148536477646e-06,1.8318891218865877e-05,True,transfer tốt hơn đường chéo
E1,E2,N2,12,lr,302,0.9878426562518916,-0.0055732972525101565,1.3460263586018158e-16,1.6152316303221788e-15,True,transfer tốt hơn đường chéo
E1,E2,N2,12,rf,302,0.9966250793326541,-0.0021343231326353407,0.011492823262411059,0.045971293049644237,True,transfer tốt hơn đường chéo
E1,E2,N2,12,ridge,302,0.987842661495528,-0.005573296109297299,1.3460263586018158e-16,1.6152316303221788e-15,True,transfer tốt hơn đường chéo
E1,E2,N2,12,svr,302,0.9771257473686072,-0.009735521571934108,1.2960465769401845e-22,1.6848605500222398e-21,True,transfer tốt hơn đường chéo
E1,E2,N2,12,xgb,302,0.9919188953927611,-0.002674596392803305,5.86035099952123e-07,4.688280799616984e-06,True,transfer tốt hơn đường chéo
E1,E3,N0,1,lr,497,1.0635783109430015,0.2575907299176672,3.908295987941854e-51,3.126636790353483e-50,True,transfer tệ hơn đường chéo
E1,E3,N0,1,rf,497,1.0553954399712764,0.20725043568941137,1.6990653686657734e-19,5.09719610599732e-19,True,transfer tệ hơn đường chéo
E1,E3,N0,1,ridge,497,1.0634458266192965,0.2574530386119904,4.609465033742768e-51,3.226625523619938e-50,True,transfer tệ hơn đường chéo
E1,E3,N0,1,svr,497,1.032676466358979,0.13537851715683313,0.46939073828719946,0.46939073828719946,False,không khác
E1,E3,N0,1,xgb,497,1.0710413438886377,0.28931800826599297,2.6352277985843458e-08,5.2704555971686916e-08,True,transfer tệ hơn đường chéo
E1,E3,N0,6,lr,497,0.9985741886161468,-0.007078597001195952,0.006037187095699069,0.024148748382796275,True,transfer tốt hơn đường chéo
E1,E3,N0,6,rf,497,1.0682714946434668,0.33806470777013065,4.447585359456339e-11,2.2237926797281696e-10,True,transfer tệ hơn đường chéo
E1,E3,N0,6,ridge,497,0.9987702382359779,-0.006210823403649535,0.006060203425851945,0.024148748382796275,True,transfer tốt hơn đường chéo
E1,E3,N0,6,svr,497,1.0588895095007198,0.3116584412188663,0.3320012720738871,0.3320012720738871,False,không khác
E1,E3,N0,6,xgb,497,1.065833768199642,0.3522415884811325,2.1597172567718363e-11,1.295830354063102e-10,True,transfer tệ hơn đường chéo
E1,E3,N0,12,lr,497,1.0062461242112903,0.0413015554748144,0.024211052024953814,0.09006433784087718,False,không khác
E1,E3,N0,12,rf,497,1.1277365224041491,0.74546977961952,7.724445431895857e-69,8.496889975085442e-68,True,transfer tệ hơn đường chéo
E1,E3,N0,12,ridge,497,1.006447421804939,0.04148575177952818,0.022516084460219295,0.09006433784087718,False,không khác
E1,E3,N0,12,svr,497,1.0428058631261479,0.24387921227329645,0.8137914092204304,1.0,False,không khác
E1,E3,N0,12,xgb,497,1.1091915795246803,0.6535822781113678,1.9647151110943316e-42,1.3753005777660322e-41,True,transfer tệ hơn đường chéo
E1,E3,N1,1,lr,497,0.662189096737525,-2.016031769117759,8.414262163890103e-83,1.2545465929487783e-81,True,transfer tốt hơn đường chéo
E1,E3,N1,1,rf,497,1.0634880841820087,0.2485637820409483,1.3573139046659911e-21,5.4292556186639645e-21,True,transfer tệ hơn đường chéo
E1,E3,N1,1,ridge,497,0.6617897920941932,-2.0177815572336053,8.363643952991855e-83,1.2545465929487783e-81,True,transfer tốt hơn đường chéo
E1,E3,N1,1,svr,497,0.8939009997679677,-0.4904103553926671,1.3237026433650854e-74,1.5884431720381023e-73,True,transfer tốt hơn đường chéo
E1,E3,N1,1,xgb,497,0.8285458077360105,-0.7630057837271806,7.928098948891986e-66,8.720908843781185e-65,True,transfer tốt hơn đường chéo
E1,E3,N1,6,lr,497,0.23456589590875151,-17.808308493150953,1.1866289298174091e-82,1.7799433947261137e-81,True,transfer tốt hơn đường chéo
E1,E3,N1,6,rf,497,1.0450434118317993,0.2347769630418277,0.09572660909410696,0.19145321818821393,False,không khác
E1,E3,N1,6,ridge,497,0.23441989438423427,-17.820992318617968,1.1938038821307563e-82,1.7799433947261137e-81,True,transfer tốt hơn đường chéo
E1,E3,N1,6,svr,497,0.8337233234267127,-1.0394582752030566,4.410697627536701e-79,5.292837153044041e-78,True,transfer tốt hơn đường chéo
E1,E3,N1,6,xgb,497,0.7750513416450828,-1.4264614569465355,4.497968945620375e-67,3.5983751564963e-66,True,transfer tốt hơn đường chéo
E1,E3,N1,12,lr,497,0.14449567526985252,-36.13192342175193,1.1307561932211065e-82,1.6961342898316596e-81,True,transfer tốt hơn đường chéo
E1,E3,N1,12,rf,497,1.0145358971986638,0.09451568338942185,0.561792314717557,1.0,False,không khác
E1,E3,N1,12,ridge,497,0.14444131800347754,-36.14141153268544,1.1307561932211065e-82,1.6961342898316596e-81,True,transfer tốt hơn đường chéo
E1,E3,N1,12,svr,497,1.0829069657315664,0.5139489462164057,2.2347850459722903e-21,1.1173925229861451e-20,True,transfer tệ hơn đường chéo
E1,E3,N1,12,xgb,497,0.5428390458761014,-2.7842139610542374,5.3203205962533185e-52,4.256256477002655e-51,True,transfer tốt hơn đường chéo
E1,E3,N2,1,lr,497,1.0793002055061987,0.316806202671033,6.261687327514613e-62,6.22919324677526e-61,True,transfer tệ hơn đường chéo
E1,E3,N2,1,rf,497,1.0637459495934989,0.24833850667439306,1.273977814278769e-81,1.6561711585623996e-80,True,transfer tệ hơn đường chéo
E1,E3,N2,1,ridge,497,1.0792624618771953,0.3166716937907741,6.22919324677526e-62,6.22919324677526e-61,True,transfer tệ hơn đường chéo
E1,E3,N2,1,svr,497,0.9836626647020349,-0.059277155890659294,3.3650795213977836e-29,1.6825397606988918e-28,True,transfer tốt hơn đường chéo
E1,E3,N2,1,xgb,497,1.032436474206033,0.12978536051533274,8.435647025524636e-48,5.061388215314781e-47,True,transfer tệ hơn đường chéo
E1,E3,N2,6,lr,497,1.0245952481878513,0.15895726899526963,4.285644442536795e-78,4.446019418724341e-77,True,transfer tệ hơn đường chéo
E1,E3,N2,6,rf,497,1.0100425554749308,0.06584205295858947,2.9693358880138085e-61,2.078535121609666e-60,True,transfer tệ hơn đường chéo
E1,E3,N2,6,ridge,497,1.0245813514763287,0.15896920149735383,4.041835835203946e-78,4.446019418724341e-77,True,transfer tệ hơn đường chéo
E1,E3,N2,6,svr,497,1.0251553784421004,0.1662710732226138,2.157356127926417e-81,2.804562966304342e-80,True,transfer tệ hơn đường chéo
E1,E3,N2,6,xgb,497,1.0188511579346833,0.12107897747458551,4.288634951807704e-68,3.859771456626934e-67,True,transfer tệ hơn đường chéo
E1,E3,N2,12,lr,497,0.9959940118241186,-0.02964922491825206,2.1890914736840085e-68,2.1890914736840086e-67,True,transfer tốt hơn đường chéo
E1,E3,N2,12,rf,497,1.0120855397936923,0.08582562528679283,1.7358856205048023e-79,2.256651306656243e-78,True,transfer tệ hơn đường chéo
E1,E3,N2,12,ridge,497,0.9959990939824757,-0.029605214319281536,2.350507782560949e-68,2.1890914736840086e-67,True,transfer tốt hơn đường chéo
E1,E3,N2,12,svr,497,0.9945870474882902,-0.03827549203709868,2.2322179416381586e-26,1.339330764982895e-25,True,transfer tốt hơn đường chéo
E1,E3,N2,12,xgb,497,1.0188599935552523,0.13397798747515566,1.0582233651704942e-76,1.2698680382045932e-75,True,transfer tệ hơn đường chéo
E2,E1,N0,1,lr,735,0.9739334790609067,-0.016074314264160783,9.55254661282032e-31,8.597291951538289e-30,True,transfer tốt hơn đường chéo
E2,E1,N0,1,rf,735,1.0644778166425155,0.01184298331662631,4.193333334232682e-20,2.9353333339628773e-19,True,transfer tệ hơn đường chéo
E2,E1,N0,1,ridge,735,0.9741069031647264,-0.01599017818420309,7.332701114976982e-31,7.332701114976983e-30,True,transfer tốt hơn đường chéo
E2,E1,N0,1,svr,735,0.966291242839201,-0.005575955349060219,0.4458230436986893,0.4458230436986893,False,không khác
E2,E1,N0,1,xgb,735,1.080985073641164,0.0145811479215677,1.281604700152107e-19,7.689628200912642e-19,True,transfer tệ hơn đường chéo
E2,E1,N0,6,lr,735,1.1237864742622123,0.12068435707974223,4.40452255089743e-59,6.1663315712564025e-58,True,transfer tệ hơn đường chéo
E2,E1,N0,6,rf,735,1.0723362835400654,0.0187839109584209,1.6476361945372402e-22,8.238180972686201e-22,True,transfer tệ hơn đường chéo
E2,E1,N0,6,ridge,735,1.1237864644148075,0.1206843101367705,4.40452255089743e-59,6.1663315712564025e-58,True,transfer tệ hơn đường chéo
E2,E1,N0,6,svr,735,1.0023769718340965,0.00035427675657540014,0.0005586538078096179,0.0016759614234288537,True,transfer tệ hơn đường chéo
E2,E1,N0,6,xgb,735,1.0222218191775816,0.009755741013376618,2.4965787614854066e-14,9.986315045941626e-14,True,transfer tệ hơn đường chéo
E2,E1,N0,12,lr,735,1.2155708266684349,0.36301221389191585,1.4536426099961035e-88,2.1804639149941553e-87,True,transfer tệ hơn đường chéo
E2,E1,N0,12,rf,735,1.0806185705313298,0.03826389174231,3.4417873183025415e-33,2.409251122811779e-32,True,transfer tệ hơn đường chéo
E2,E1,N0,12,ridge,735,1.2155707960428177,0.36301230494444625,1.4536426099961035e-88,2.1804639149941553e-87,True,transfer tệ hơn đường chéo
E2,E1,N0,12,svr,735,1.020817653796063,0.0033889374340431017,2.8185257572013254e-10,3.676852880393118e-10,True,transfer tệ hơn đường chéo
E2,E1,N0,12,xgb,735,1.000972506257871,0.0003907802177813835,1.838426440196559e-10,3.676852880393118e-10,True,transfer tệ hơn đường chéo
E2,E1,N1,1,lr,735,1.041937794594863,0.006658232529637709,1.3539884421793656e-45,1.49740889482916e-44,True,transfer tệ hơn đường chéo
E2,E1,N1,1,rf,735,1.0527036680436739,0.0090391035715605,8.727856694686785e-50,1.1346213703092821e-48,True,transfer tệ hơn đường chéo
E2,E1,N1,1,ridge,735,1.0419113545566023,0.006662608653510593,1.2478407456909667e-45,1.49740889482916e-44,True,transfer tệ hơn đường chéo
E2,E1,N1,1,svr,735,0.9989086497616158,-0.00014588386675160048,0.007845105030967055,0.03138042012386822,True,transfer tốt hơn đường chéo
E2,E1,N1,1,xgb,735,1.0420689801228251,0.006146288087562013,2.7742249062101863e-27,2.219379924968149e-26,True,transfer tệ hơn đường chéo
E2,E1,N1,6,lr,735,1.0345913006795313,0.006437104462767906,6.1407894859839906e-30,5.526710537385591e-29,True,transfer tệ hơn đường chéo
E2,E1,N1,6,rf,735,1.0742252498133416,0.016693000630088606,1.9331566681302623e-73,2.8997350021953933e-72,True,transfer tệ hơn đường chéo
E2,E1,N1,6,ridge,735,1.0345913192245473,0.006437100299935217,6.1407894859839906e-30,5.526710537385591e-29,True,transfer tệ hơn đường chéo
E2,E1,N1,6,svr,735,1.0317813358793875,0.004628493344427331,3.5398236503045563e-23,2.123894190182734e-22,True,transfer tệ hơn đường chéo
E2,E1,N1,6,xgb,735,1.0764090716483496,0.01401813141560379,1.5715968002493656e-55,1.8859161602992387e-54,True,transfer tệ hơn đường chéo
E2,E1,N1,12,lr,735,1.0194117967030267,0.00511646731132262,1.2196354934484344e-11,4.8785419737937375e-11,True,transfer tệ hơn đường chéo
E2,E1,N1,12,rf,735,1.058255690874639,0.0157313142258024,4.71141044362088e-55,5.1825514879829683e-54,True,transfer tệ hơn đường chéo
E2,E1,N1,12,ridge,735,1.0194117822694864,0.005116465732983078,1.2196354934484344e-11,4.8785419737937375e-11,True,transfer tệ hơn đường chéo
E2,E1,N1,12,svr,735,1.013952111041863,0.002357113055852178,9.43573006167265e-12,4.717865030836325e-11,True,transfer tệ hơn đường chéo
E2,E1,N1,12,xgb,735,1.0610356932906442,0.014127934760540611,8.854230976506761e-49,7.968807878856084e-48,True,transfer tệ hơn đường chéo
E2,E1,N2,1,lr,735,0.9517448301663436,-0.024899090399785162,2.96262537823775e-89,4.443938067356625e-88,True,transfer tốt hơn đường chéo
E2,E1,N2,1,rf,735,1.0151016680324543,0.0050857059588023945,0.15864213275053896,0.3172842655010779,False,không khác
E2,E1,N2,1,ridge,735,0.9518938638206627,-0.024879497265922756,1.0932239942677469e-88,1.5305135919748456e-87,True,transfer tốt hơn đường chéo
E2,E1,N2,1,svr,735,0.9697433440196461,-0.0064332504499945015,2.1614368228114365e-11,1.0807184114057183e-10,True,transfer tốt hơn đường chéo
E2,E1,N2,1,xgb,735,1.0096049403066247,0.0033942697442546077,0.06666571005753744,0.1999971301726123,False,không khác
E2,E1,N2,6,lr,735,1.0152262292444303,0.013279830565817496,0.5814840199705678,1.0,False,không khác
E2,E1,N2,6,rf,735,1.0452811113473828,0.024600620770366302,8.802902133806716e-32,8.802902133806715e-31,True,transfer tệ hơn đường chéo
E2,E1,N2,6,ridge,735,1.0152260829991264,0.013279785951516104,0.5814840199705678,1.0,False,không khác
E2,E1,N2,6,svr,735,1.0311711703027575,0.010861362302057698,4.967849040439476e-37,5.4646339444834234e-36,True,transfer tệ hơn đường chéo
E2,E1,N2,6,xgb,735,1.0364343684866084,0.011921002801694724,2.6060128954763513e-27,1.824209026833446e-26,True,transfer tệ hơn đường chéo
E2,E1,N2,12,lr,735,1.0256193375190208,0.011726325651000003,7.541816003117878e-86,9.804360804053241e-85,True,transfer tệ hơn đường chéo
E2,E1,N2,12,rf,735,1.009689838769004,0.007489315265182192,3.069511386088798e-29,1.8417068316532786e-28,True,transfer tệ hơn đường chéo
E2,E1,N2,12,ridge,735,1.0256193421366888,0.011726326268145803,7.54189844166625e-86,9.804360804053241e-85,True,transfer tệ hơn đường chéo
E2,E1,N2,12,svr,735,1.0108735070061043,0.0108472807928571,4.589567498481195e-50,4.589567498481195e-49,True,transfer tệ hơn đường chéo
E2,E1,N2,12,xgb,735,1.0114685545236608,0.007264887314528401,1.780994193824369e-36,1.4247953550594953e-35,True,transfer tệ hơn đường chéo
E2,E3,N0,1,lr,497,1.0695631677962232,0.2858206441410567,4.480939622043093e-51,3.5847516976344745e-50,True,transfer tệ hơn đường chéo
E2,E3,N0,1,rf,497,1.0812380019694003,0.31011935002256186,1.463847706899855e-28,7.319238534499275e-28,True,transfer tệ hơn đường chéo
E2,E3,N0,1,ridge,497,1.0694413111848242,0.2851317275946057,4.854701645866223e-51,3.5847516976344745e-50,True,transfer tệ hơn đường chéo
E2,E3,N0,1,svr,497,1.0677076757355197,0.27781905786420946,0.19551249412290006,0.3910249882458001,False,không khác
E2,E3,N0,1,xgb,497,1.118776936368699,0.46987289814970934,1.062990370328199e-26,4.251961481312796e-26,True,transfer tệ hơn đường chéo
E2,E3,N0,6,lr,497,1.0482026559378512,0.2732390578709598,2.355245866945725e-52,2.1197212802511524e-51,True,transfer tệ hơn đường chéo
E2,E3,N0,6,rf,497,1.0881555325462051,0.45811959714669825,5.619459167381491e-26,2.8097295836907457e-25,True,transfer tệ hơn đường chéo
E2,E3,N0,6,ridge,497,1.0482310256702652,0.2726905305120022,2.4006493293326754e-52,2.1197212802511524e-51,True,transfer tệ hơn đường chéo
E2,E3,N0,6,svr,497,1.105291241387765,0.5704079165596907,0.12552003419987853,0.12552003419987853,False,không khác
E2,E3,N0,6,xgb,497,1.0937262878807232,0.49550809273565655,5.656854823595599e-12,2.2627419294382397e-11,True,transfer tệ hơn đường chéo
E2,E3,N0,12,lr,497,1.0302981116152994,0.20511209127694663,1.632590406001457e-41,9.795542436008743e-41,True,transfer tệ hơn đường chéo
E2,E3,N0,12,rf,497,1.1269907762400406,0.7225227993249872,2.2076864832669807e-62,2.4284551315936786e-61,True,transfer tệ hơn đường chéo
E2,E3,N0,12,ridge,497,1.0302669852927953,0.20550590142308334,1.2031032231627728e-41,8.42172256213941e-41,True,transfer tệ hơn đường chéo
E2,E3,N0,12,svr,497,1.0703989958011584,0.4146731172404632,0.3013874169702725,0.3013874169702725,False,không khác
E2,E3,N0,12,xgb,497,1.1286514676481134,0.7517266407559395,3.214874217427587e-37,1.6074371087137934e-36,True,transfer tệ hơn đường chéo
E2,E3,N1,1,lr,497,0.6854342368984209,-1.8730135680219338,3.227915520702711e-80,4.700242514207285e-79,True,transfer tốt hơn đường chéo
E2,E3,N1,1,rf,497,1.0777976087704269,0.31559246482615055,2.068960998425063e-24,6.206882995275189e-24,True,transfer tệ hơn đường chéo
E2,E3,N1,1,ridge,497,0.6851261823004638,-1.877017797753223,3.1334950094715233e-80,4.700242514207285e-79,True,transfer tốt hơn đường chéo
E2,E3,N1,1,svr,497,0.8932971505841643,-0.483958442899346,1.2168768664168196e-73,1.4602522397001834e-72,True,transfer tốt hơn đường chéo
E2,E3,N1,1,xgb,497,0.8382635001240771,-0.7466255644487214,9.348757489132269e-57,8.413881740219041e-56,True,transfer tốt hơn đường chéo
E2,E3,N1,6,lr,497,0.23973736467416273,-17.63176491179599,1.2155893811363378e-82,1.8233840717045067e-81,True,transfer tốt hơn đường chéo
E2,E3,N1,6,rf,497,1.0703694564092143,0.3887578165483303,0.0005723126292016202,0.0017169378876048607,True,transfer tệ hơn đường chéo
E2,E3,N1,6,ridge,497,0.2394916294796385,-17.65526144150254,1.2155893811363378e-82,1.8233840717045067e-81,True,transfer tốt hơn đường chéo
E2,E3,N1,6,svr,497,0.8636713356704128,-0.8775464798756083,1.6918084319339086e-73,1.8609892751272994e-72,True,transfer tốt hơn đường chéo
E2,E3,N1,6,xgb,497,0.7856286667279962,-1.3287081390422069,2.1276414784705325e-60,2.1276414784705325e-59,True,transfer tốt hơn đường chéo
E2,E3,N1,12,lr,497,0.1510886002759078,-35.79109859292057,1.1239591844042141e-82,1.6859387766063212e-81,True,transfer tốt hơn đường chéo
E2,E3,N1,12,rf,497,1.0392704299679556,0.24065559182074736,0.020752744166567805,0.062258232499703414,False,không khác
E2,E3,N1,12,ridge,497,0.15103677022623813,-35.80058669362807,1.1239591844042141e-82,1.6859387766063212e-81,True,transfer tốt hơn đường chéo
E2,E3,N1,12,svr,497,1.0718698121904522,0.4186834792801317,0.027383974838567506,0.062258232499703414,False,không khác
E2,E3,N1,12,xgb,497,0.568385960805823,-2.6992179977797983,7.92798459929475e-44,6.3423876794358e-43,True,transfer tốt hơn đường chéo
E2,E3,N2,1,lr,497,1.0821329535223008,0.32877485123105776,2.895142994731258e-60,3.103993988922673e-59,True,transfer tệ hơn đường chéo
E2,E3,N2,1,rf,497,1.0538349289399533,0.20862557323228437,2.0361147395846177e-79,2.646949161460003e-78,True,transfer tệ hơn đường chéo
E2,E3,N2,1,ridge,497,1.0821460352202485,0.3288571596711596,2.82181271720243e-60,3.103993988922673e-59,True,transfer tệ hơn đường chéo
E2,E3,N2,1,svr,497,0.9978966543016129,-0.006600835419033724,0.5755545712432284,0.5755545712432284,False,không khác
E2,E3,N2,1,xgb,497,1.0325733006316213,0.13556490135560528,1.834521001177916e-42,1.1007126007067496e-41,True,transfer tệ hơn đường chéo
E2,E3,N2,6,lr,497,0.9875846779367846,-0.07901445235250115,5.716111358595013e-79,7.430944766173517e-78,True,transfer tốt hơn đường chéo
E2,E3,N2,6,rf,497,1.0104915609764304,0.06575863307812302,2.6664940975742995e-51,1.8665458683020097e-50,True,transfer tệ hơn đường chéo
E2,E3,N2,6,ridge,497,0.9875822047266788,-0.07907959595865943,5.818010862299057e-79,7.430944766173517e-78,True,transfer tốt hơn đường chéo
E2,E3,N2,6,svr,497,1.0007562485715478,0.004889425666105396,0.0311772306625577,0.0623544613251154,False,không khác
E2,E3,N2,6,xgb,497,1.0079566177646484,0.05342154352773676,7.091145929891204e-27,4.2546875579347227e-26,True,transfer tệ hơn đường chéo
E2,E3,N2,12,lr,497,1.0068343007348202,0.049478155601669904,3.414367562020627e-61,3.3444667803135977e-60,True,transfer tệ hơn đường chéo
E2,E3,N2,12,rf,497,1.0154467082520988,0.10965017406034239,1.1134993814180804e-80,1.4475491958435046e-79,True,transfer tệ hơn đường chéo
E2,E3,N2,12,ridge,497,1.0068408510348934,0.04953995212812945,3.344466780313598e-61,3.3444667803135977e-60,True,transfer tệ hơn đường chéo
E2,E3,N2,12,svr,497,1.0053024708142368,0.03613521175020651,3.178371569008607e-31,1.2713486276034427e-30,True,transfer tệ hơn đường chéo
E2,E3,N2,12,xgb,497,1.0226499495679064,0.16031715167734895,5.716111358595013e-79,6.859333630314017e-78,True,transfer tệ hơn đường chéo
E3,E1,N0,1,lr,735,2.273260609980464,0.871229243161865,2.9916875380526864e-111,3.290856291857955e-110,True,transfer tệ hơn đường chéo
E3,E1,N0,1,rf,735,2.5448584071042495,0.774421284806665,5.8635159858292034e-120,7.622570781577964e-119,True,transfer tệ hơn đường chéo
E3,E1,N0,1,ridge,735,2.2785071125540384,0.8737454789945533,2.1811251663761018e-111,2.6173501996513223e-110,True,transfer tệ hơn đường chéo
E3,E1,N0,1,svr,735,1.5249170020826135,0.2471001978526206,3.549994260599617e-108,2.8399954084796935e-107,True,transfer tệ hơn đường chéo
E3,E1,N0,1,xgb,735,2.815831032312484,0.6126335637344003,4.340352614961663e-121,6.0764936609463286e-120,True,transfer tệ hơn đường chéo
E3,E1,N0,6,lr,735,3.6249816461885365,2.4380807064177854,7.546835997390485e-114,5.28278519817334e-113,True,transfer tệ hơn đường chéo
E3,E1,N0,6,rf,735,1.6192059507440244,0.4541844486652852,1.1248827142405036e-106,6.749296285443022e-106,True,transfer tệ hơn đường chéo
E3,E1,N0,6,ridge,735,3.6279461332151026,2.4408342393824505,6.074255723844419e-114,4.859404579075535e-113,True,transfer tệ hơn đường chéo
E3,E1,N0,6,svr,735,2.182185479749101,0.48473409980396215,3.1158315123556918e-114,2.8042483611201225e-113,True,transfer tệ hơn đường chéo
E3,E1,N0,6,xgb,735,3.320470921399012,1.5198511830755925,2.841693602004496e-121,3.1258629622049456e-120,True,transfer tệ hơn đường chéo
E3,E1,N0,12,lr,735,3.9125689749324732,3.2241097569543626,1.776988531101745e-114,8.884942655508725e-114,True,transfer tệ hơn đường chéo
E3,E1,N0,12,rf,735,1.6148358082560077,0.5627083354628133,4.265718984455813e-111,1.7062875937823253e-110,True,transfer tệ hơn đường chéo
E3,E1,N0,12,ridge,735,3.9160277464010442,3.2280464830397406,1.2056267817661523e-114,7.233760690596914e-114,True,transfer tệ hơn đường chéo
E3,E1,N0,12,svr,735,2.126384024327014,0.5167076969246351,5.020377636784469e-117,5.020377636784469e-116,True,transfer tệ hơn đường chéo
E3,E1,N0,12,xgb,735,2.5155020126877594,1.5900716010907399,5.701050978495775e-121,6.271156076345353e-120,True,transfer tệ hơn đường chéo
E3,E1,N1,1,lr,735,1.4828446645815627,0.0927187412085147,2.23561824807606e-24,4.47123649615212e-24,True,transfer tệ hơn đường chéo
E3,E1,N1,1,rf,735,1.2574807328802278,0.14011022610129492,3.993250639679472e-109,3.593925575711525e-108,True,transfer tệ hơn đường chéo
E3,E1,N1,1,ridge,735,1.4867864149285184,0.09334288976452054,1.7015734681146948e-25,5.104720404344084e-25,True,transfer tệ hơn đường chéo
E3,E1,N1,1,svr,735,1.4910957648172662,0.1391883623345041,3.5426270142977736e-109,3.5426270142977734e-108,True,transfer tệ hơn đường chéo
E3,E1,N1,1,xgb,735,8.58459436922135,5.908908161203232,2.067873997102126e-121,3.1018109956531895e-120,True,transfer tệ hơn đường chéo
E3,E1,N1,6,lr,735,2.7919431766935277,1.1938111078803653,5.578828292641069e-122,8.368242438961604e-121,True,transfer tệ hơn đường chéo
E3,E1,N1,6,rf,735,1.8716187918586733,0.495988249205356,1.0578268103120514e-120,1.0578268103120514e-119,True,transfer tệ hơn đường chéo
E3,E1,N1,6,ridge,735,2.771910604781503,1.1790856834923675,5.578828292641069e-122,8.368242438961604e-121,True,transfer tệ hơn đường chéo
E3,E1,N1,6,svr,735,2.7727526733691343,0.6511023383449949,6.103537058316154e-122,8.368242438961604e-121,True,transfer tệ hơn đường chéo
E3,E1,N1,6,xgb,735,15.458233126144904,9.719397462531024,8.887207310139878e-122,1.0664648772167853e-120,True,transfer tệ hơn đường chéo
E3,E1,N1,12,lr,735,3.6087679233516226,1.85596675144121,5.578828292641069e-122,8.368242438961604e-121,True,transfer tệ hơn đường chéo
E3,E1,N1,12,rf,735,3.0258234990832653,2.2617870306029753,2.9719424847549798e-121,3.566330981705976e-120,True,transfer tệ hơn đường chéo
E3,E1,N1,12,ridge,735,3.608154820112452,1.8524387594677774,5.578828292641069e-122,8.368242438961604e-121,True,transfer tệ hơn đường chéo
E3,E1,N1,12,svr,735,1.4726342383373336,0.13997079786738276,5.678409976288802e-115,3.974886983402161e-114,True,transfer tệ hơn đường chéo
E3,E1,N1,12,xgb,735,15.91724750250751,14.697055237855082,5.578828292641069e-122,8.368242438961604e-121,True,transfer tệ hơn đường chéo
E3,E1,N2,1,lr,735,1.4272735592004087,0.3540118605768308,2.216201328953854e-92,1.2298377678064974e-91,True,transfer tệ hơn đường chéo
E3,E1,N2,1,rf,735,0.9941917275260781,-0.002228069074641681,0.010619224250684766,0.010619224250684766,True,transfer tốt hơn đường chéo
E3,E1,N2,1,ridge,735,1.4274908759486198,0.354210801473668,2.0497296130108288e-92,1.2298377678064974e-91,True,transfer tệ hơn đường chéo
E3,E1,N2,1,svr,735,1.214809664907605,0.07567837551566378,2.746160015024739e-106,1.922312010517317e-105,True,transfer tệ hơn đường chéo
E3,E1,N2,1,xgb,735,1.5879118087188406,0.2511880598430768,1.8023153618581786e-79,7.209261447432714e-79,True,transfer tệ hơn đường chéo
E3,E1,N2,6,lr,735,1.0941091435414196,0.05173395283214011,0.007861291441858662,0.023583874325575988,True,transfer tệ hơn đường chéo
E3,E1,N2,6,rf,735,1.0980560054860862,0.05299668480812336,2.7173163559938306e-14,1.3586581779969152e-13,True,transfer tệ hơn đường chéo
E3,E1,N2,6,ridge,735,1.0939479760658,0.0516383243886992,0.008267379636514522,0.023583874325575988,True,transfer tệ hơn đường chéo
E3,E1,N2,6,svr,735,1.0158159503413107,0.010360831058482206,0.7073127722611766,0.7073127722611766,False,không khác
E3,E1,N2,6,xgb,735,1.1035909643381019,0.06402761550706229,1.2955184868745116e-06,5.1820739474980464e-06,True,transfer tệ hơn đường chéo
E3,E1,N2,12,lr,735,1.1425252091836302,0.1010381768727206,2.4231942572165817e-116,2.1808748314949237e-115,True,transfer tệ hơn đường chéo
E3,E1,N2,12,rf,735,1.0323771330305425,0.019434876405087703,7.480260792083857e-07,1.4960521584167714e-06,True,transfer tệ hơn đường chéo
E3,E1,N2,12,ridge,735,1.1425291779319882,0.1010443989241626,2.462184809777334e-116,2.1808748314949237e-115,True,transfer tệ hơn đường chéo
E3,E1,N2,12,svr,735,0.9992976329934306,-0.0006821085882790928,0.09947524541783699,0.09947524541783699,False,không khác
E3,E1,N2,12,xgb,735,1.079001757468724,0.0646164609960948,1.1980819165439416e-15,3.594245749631825e-15,True,transfer tệ hơn đường chéo
E3,E2,N0,1,lr,302,2.2107629944803584,0.8190024236434368,3.5375526297619296e-45,2.982408965248369e-44,True,transfer tệ hơn đường chéo
E3,E2,N0,1,rf,302,2.7204520186515446,0.8373766132693072,5.413523135147686e-51,7.037580075691992e-50,True,transfer tệ hơn đường chéo
E3,E2,N0,1,ridge,302,2.216000140373204,0.8221065258998145,3.3137877391648543e-45,2.982408965248369e-44,True,transfer tệ hơn đường chéo
E3,E2,N0,1,svr,302,1.6312752801512134,0.25202104000556874,9.758861842910532e-50,1.1710634211492639e-48,True,transfer tệ hơn đường chéo
E3,E2,N0,1,xgb,302,2.8274686184070363,0.7078459955429918,2.8642309687668803e-51,4.29634645315032e-50,True,transfer tệ hơn đường chéo
E3,E2,N0,6,lr,302,3.421327999828022,2.3627538092922915,3.6047354234066562e-40,2.211699914116542e-39,True,transfer tệ hơn đường chéo
E3,E2,N0,6,rf,302,1.8331516028550014,0.43970734429355013,3.7079926013770325e-48,3.3371933412393294e-47,True,transfer tệ hơn đường chéo
E3,E2,N0,6,ridge,302,3.4247718491992956,2.366184196444708,3.1595713058807743e-40,2.211699914116542e-39,True,transfer tệ hơn đường chéo
E3,E2,N0,6,svr,302,2.1768184800473405,0.5962791395606376,1.725521532250592e-50,1.771188866937752e-49,True,transfer tệ hơn đường chéo
E3,E2,N0,6,xgb,302,4.045304375264904,2.2586571797620207,8.205337425568988e-46,6.56426994045519e-45,True,transfer tệ hơn đường chéo
E3,E2,N0,12,lr,302,3.4222471701668997,2.9545882977692193,7.942868154217174e-47,7.574092012695034e-46,True,transfer tệ hơn đường chéo
E3,E2,N0,12,rf,302,1.7041909081832207,0.49479356254469403,5.62630676819216e-37,3.375784060915296e-36,True,transfer tệ hơn đường chéo
E3,E2,N0,12,ridge,302,3.4267780816194096,2.9583377066117453,7.574092012695035e-47,7.574092012695034e-46,True,transfer tệ hơn đường chéo
E3,E2,N0,12,svr,302,2.818512144323389,0.8022016643906131,3.4767693058573504e-50,4.0108930775702795e-49,True,transfer tệ hơn đường chéo
E3,E2,N0,12,xgb,302,3.6006846726918935,2.1971063826666857,3.862771608660961e-42,3.090217286928769e-41,True,transfer tệ hơn đường chéo
E3,E2,N1,1,lr,302,1.8879560508583033,0.3905930405889474,5.495947930182847e-41,2.7479739650914237e-40,True,transfer tệ hơn đường chéo
E3,E2,N1,1,rf,302,1.3522022054647151,0.20053046056544419,3.568533200309248e-47,3.9253865203401725e-46,True,transfer tệ hơn đường chéo
E3,E2,N1,1,ridge,302,1.8988984600883265,0.394913143064519,6.113459960010443e-41,2.7479739650914237e-40,True,transfer tệ hơn đường chéo
E3,E2,N1,1,svr,302,1.409800153461544,0.10951434402502108,1.1227184903749822e-35,3.368155471124947e-35,True,transfer tệ hơn đường chéo
E3,E2,N1,1,xgb,302,14.854099781603573,5.330702150317644,3.7474710162192056e-51,5.246459422706888e-50,True,transfer tệ hơn đường chéo
E3,E2,N1,6,lr,302,5.7759452535970475,3.328952010900852,2.8642309687668803e-51,4.29634645315032e-50,True,transfer tệ hơn đường chéo
E3,E2,N1,6,rf,302,1.811692797516911,0.592780017833421,1.6101716972161382e-50,1.771188866937752e-49,True,transfer tệ hơn đường chéo
E3,E2,N1,6,ridge,302,5.743806468251101,3.3226496224691138,2.8642309687668803e-51,4.29634645315032e-50,True,transfer tệ hơn đường chéo
E3,E2,N1,6,svr,302,1.8805811160789734,0.4199399387223554,6.345677719148586e-51,7.614813262978304e-50,True,transfer tệ hơn đường chéo
E3,E2,N1,6,xgb,302,25.154571285311228,9.310380959485018,2.8642309687668803e-51,4.29634645315032e-50,True,transfer tệ hơn đường chéo
E3,E2,N1,12,lr,302,9.027494093502272,6.051973598829033,2.8642309687668803e-51,4.29634645315032e-50,True,transfer tệ hơn đường chéo
E3,E2,N1,12,rf,302,3.7870644297444738,1.9023290453619464,3.3424108979752328e-50,4.0108930775702795e-49,True,transfer tệ hơn đường chéo
E3,E2,N1,12,ridge,302,9.028615218193671,6.046338904431627,2.8642309687668803e-51,4.29634645315032e-50,True,transfer tệ hơn đường chéo
E3,E2,N1,12,svr,302,1.3307124688702738,0.10185209527896236,3.111358498742712e-41,2.177950949119898e-40,True,transfer tệ hơn đường chéo
E3,E2,N1,12,xgb,302,52.81566243543525,22.75711534223659,2.8642309687668803e-51,4.29634645315032e-50,True,transfer tệ hơn đường chéo
E3,E2,N2,1,lr,302,1.671824053821,0.37137343526811695,3.2820679296041934e-41,2.2974475507229352e-40,True,transfer tệ hơn đường chéo
E3,E2,N2,1,rf,302,0.990431353123423,-0.0024167094357703672,0.03595839742930063,0.03595839742930063,True,transfer tốt hơn đường chéo
E3,E2,N2,1,ridge,302,1.6717801099920435,0.37136145273404964,3.3114115701419964e-41,2.2974475507229352e-40,True,transfer tệ hơn đường chéo
E3,E2,N2,1,svr,302,1.2634244573567521,0.07253234498922066,5.914142974534145e-47,5.914142974534146e-46,True,transfer tệ hơn đường chéo
E3,E2,N2,1,xgb,302,1.5862831637033343,0.2288698966334267,8.319620935816437e-35,1.6639241871632874e-34,True,transfer tệ hơn đường chéo
E3,E2,N2,6,lr,302,1.130213815424284,0.08422884970135101,3.6742501533593124e-34,1.837125076679656e-33,True,transfer tệ hơn đường chéo
E3,E2,N2,6,rf,302,1.0516569240423088,0.03106380496977587,6.524515336756296e-11,1.9573546010268887e-10,True,transfer tệ hơn đường chéo
E3,E2,N2,6,ridge,302,1.1299090707550214,0.08406379435506746,3.704046734259475e-34,1.837125076679656e-33,True,transfer tệ hơn đường chéo
E3,E2,N2,6,svr,302,1.037460183102634,0.01005539479321313,0.0006584087309084536,0.0006584087309084536,True,transfer tệ hơn đường chéo
E3,E2,N2,6,xgb,302,1.1532661724761435,0.0991252013088055,5.743635123002315e-09,1.148727024600463e-08,True,transfer tệ hơn đường chéo
E3,E2,N2,12,lr,302,1.098361137660901,0.07427040888395325,7.311661313889382e-33,3.655830656944691e-32,True,transfer tệ hơn đường chéo
E3,E2,N2,12,rf,302,1.006924690599516,0.003804033987299456,0.013911958727103373,0.027823917454206745,True,transfer tệ hơn đường chéo
E3,E2,N2,12,ridge,302,1.0983450097175789,0.07427418140281011,7.913808232840663e-33,3.655830656944691e-32,True,transfer tệ hơn đường chéo
E3,E2,N2,12,svr,302,1.0148245553997546,0.007932234943028638,0.1782573373662516,0.1782573373662516,False,không khác
E3,E2,N2,12,xgb,302,1.0849618249010868,0.05120310628945954,0.00229243110915311,0.00687729332745933,True,transfer tệ hơn đường chéo
