nguon,dich,mode,lich,h,model,metric,p25,p50,p75,iqr,n_chuoi,n_loai,n_dong_test
E1,E1,N0,co,1,lr,mae,0.1772065244748882,0.5513035070365966,3.6525400550110967,3.4753335305362083,735,0,254310
E1,E1,N0,co,1,lr,rmse,0.326282952696955,1.2115555895467385,7.481394814182939,7.155111861485984,735,0,254310
E1,E1,N0,co,1,lr,smape,8.61508302356139,16.69591653221189,26.47768807505572,17.862605051494327,735,0,254310
E1,E1,N0,co,1,lr,mase,1.1162962000552148,1.4338979771800695,1.8882789155727373,0.771982715517523,735,0,254310
E1,E1,N0,co,1,lr,r2,-0.9731863187447352,-0.0860572568223079,0.7303449838460742,1.7035313025908094,730,5,254310
E1,E1,N0,co,1,ridge,mae,0.1771689331898824,0.5514489300259414,3.65396726389568,3.476798330705798,735,0,254310
E1,E1,N0,co,1,ridge,rmse,0.32641487752715,1.2116597335165278,7.482399190801991,7.155984313274841,735,0,254310
E1,E1,N0,co,1,ridge,smape,8.61228872016374,16.69455996894653,26.47468393515726,17.86239521499352,735,0,254310
E1,E1,N0,co,1,ridge,mase,1.116341361130049,1.433639541205127,1.887972323342055,0.7716309622120059,735,0,254310
E1,E1,N0,co,1,ridge,r2,-0.9728514465136398,-0.0859770081655896,0.7304160852006422,1.7032675317142818,730,5,254310
E1,E1,N0,co,1,rf,mae,0.115204337707701,0.3849854255133961,2.594412713439153,2.479208375731452,735,0,254310
E1,E1,N0,co,1,rf,rmse,0.2389711270684139,0.9783239539440386,7.01675019710491,6.777779070036496,735,0,254310
E1,E1,N0,co,1,rf,smape,5.452733999250178,11.820130229574836,25.75912097631465,20.30638697706448,735,0,254310
E1,E1,N0,co,1,rf,mase,0.7857240976595554,0.9763190615163372,1.355495250284592,0.5697711526250366,735,0,254310
E1,E1,N0,co,1,rf,r2,-0.0191354595758173,0.2986850828764731,0.7368957142307221,0.7560311738065394,730,5,254310
E1,E1,N0,co,1,xgb,mae,0.1243510949580491,0.3968713356350657,2.753739495486423,2.6293884005283736,735,0,254310
E1,E1,N0,co,1,xgb,rmse,0.2453102734769135,1.0061869338239262,6.995002542780234,6.74969226930332,735,0,254310
E1,E1,N0,co,1,xgb,smape,5.512746750128168,12.248660164337537,27.237665589616256,21.72491883948809,735,0,254310
E1,E1,N0,co,1,xgb,mase,0.8135848173268976,1.019949072905992,1.387895048241789,0.5743102309148918,735,0,254310
E1,E1,N0,co,1,xgb,r2,-0.0691041364422466,0.2764022823242335,0.7341631766624963,0.803267313104743,730,5,254310
E1,E1,N0,co,1,svr,mae,0.1129754587499286,0.3780725651345391,2.9986609283094645,2.885685469559536,735,0,254310
E1,E1,N0,co,1,svr,rmse,0.234977232155666,0.991141600466717,7.340082990304916,7.10510575814925,735,0,254310
E1,E1,N0,co,1,svr,smape,5.701633726841616,11.573660007516189,21.96306052331312,16.2614267964715,735,0,254310
E1,E1,N0,co,1,svr,mase,0.8014080964540513,1.0330386016914384,1.3882563158142365,0.5868482193601849,735,0,254310
E1,E1,N0,co,1,svr,r2,-0.0687416273261813,0.2851328779794187,0.720656190874602,0.7893978182007833,730,5,254310
E1,E1,N0,co,6,lr,mae,0.5137105553736707,0.8785862089956822,6.203150105253961,5.689439549880291,735,0,250635
E1,E1,N0,co,6,lr,rmse,0.5855152244705583,1.3189310237768477,15.302406295020186,14.716891070549629,735,0,250635
E1,E1,N0,co,6,lr,smape,24.63062610184105,35.09761474859016,50.78605910313416,26.155433001293105,735,0,250635
E1,E1,N0,co,6,lr,mase,2.228045627590042,3.304882046926016,5.6609413222501965,3.4328956946601545,735,0,250635
E1,E1,N0,co,6,lr,r2,-4.163973210311017,-0.6439662105053126,0.1014881069784347,4.265461317289452,730,5,250635
E1,E1,N0,co,6,ridge,mae,0.5137106000790468,0.8785862059285025,6.203150199156241,5.689439599077194,735,0,250635
E1,E1,N0,co,6,ridge,rmse,0.5855152628869482,1.3189310210651353,15.302406477495415,14.716891214608466,735,0,250635
E1,E1,N0,co,6,ridge,smape,24.63062772496368,35.09761490165293,50.78605976080559,26.15543203584191,735,0,250635
E1,E1,N0,co,6,ridge,mase,2.228045813176037,3.304882209075608,5.66094159841842,3.432895785242384,735,0,250635
E1,E1,N0,co,6,ridge,r2,-4.163973854808054,-0.6439662299003149,0.1014881407376611,4.265461995545715,730,5,250635
E1,E1,N0,co,6,rf,mae,0.1591866927532838,0.5560619104796868,5.844682619927842,5.685495927174558,735,0,250635
E1,E1,N0,co,6,rf,rmse,0.2851111996673405,1.1626297708072049,14.583487718643273,14.298376518975932,735,0,250635
E1,E1,N0,co,6,rf,smape,7.8201750042972975,15.654878664197486,49.77711341269544,41.95693840839815,735,0,250635
E1,E1,N0,co,6,rf,mase,1.048672368147574,1.5813581501038854,2.8559026556459672,1.8072302874983928,735,0,250635
E1,E1,N0,co,6,rf,r2,-0.2630669808237616,-0.0308868940272488,0.3184287982654523,0.5814957790892139,730,5,250635
E1,E1,N0,co,6,xgb,mae,0.1933358862944079,0.587649871308433,5.503559412840547,5.310223526546139,735,0,250635
E1,E1,N0,co,6,xgb,rmse,0.2989718251972195,1.147053703812356,14.07623642318423,13.777264597987012,735,0,250635
E1,E1,N0,co,6,xgb,smape,9.406910286876766,17.098461869053313,51.951193758724045,42.54428347184728,735,0,250635
E1,E1,N0,co,6,xgb,mase,1.3052179351693165,1.716220250207934,2.8338037916618406,1.528585856492524,735,0,250635
E1,E1,N0,co,6,xgb,r2,-0.4125042104472231,-0.1441557290159049,0.2686855405833092,0.6811897510305323,730,5,250635
E1,E1,N0,co,6,svr,mae,0.1127119857379827,0.392893687528183,5.4379933211586415,5.325281335420659,735,0,250635
E1,E1,N0,co,6,svr,rmse,0.2262639603569026,1.0522387939601885,15.450466054992608,15.224202094635704,735,0,250635
E1,E1,N0,co,6,svr,smape,5.944762173686112,12.124710634275194,33.2256228255529,27.280860651866785,735,0,250635
E1,E1,N0,co,6,svr,mase,0.8668050402271672,1.2762458299668225,2.403160624338661,1.5363555841114938,735,0,250635
E1,E1,N0,co,6,svr,r2,-0.1127230600255599,0.0461523934176252,0.3853266069375696,0.4980496669631296,730,5,250635
E1,E1,N0,co,12,lr,mae,0.6658551296040824,1.0502896370266532,7.436791444113645,6.770936314509562,735,0,246225
E1,E1,N0,co,12,lr,rmse,0.7578484630384561,1.4891117917747627,16.697507588518604,15.939659125480148,735,0,246225
E1,E1,N0,co,12,lr,smape,29.746938319796435,41.91708768596221,60.98365057410388,31.23671225430744,735,0,246225
E1,E1,N0,co,12,lr,mase,2.641963779110553,4.04025866107302,7.617929553671614,4.97596577456106,735,0,246225
E1,E1,N0,co,12,lr,r2,-7.789428366957961,-0.943103980417589,-0.005673864603211,7.78375450235475,730,5,246225
E1,E1,N0,co,12,ridge,mae,0.6658551643189117,1.0502896366933008,7.436791490628554,6.770936326309642,735,0,246225
E1,E1,N0,co,12,ridge,rmse,0.7578484950193909,1.4891117439530774,16.69750764172172,15.93965914670233,735,0,246225
E1,E1,N0,co,12,ridge,smape,29.74694000489283,41.91708821942981,60.983651021917694,31.236711017024863,735,0,246225
E1,E1,N0,co,12,ridge,mase,2.64196377240246,4.040258572492408,7.617929500662532,4.975965728260072,735,0,246225
E1,E1,N0,co,12,ridge,r2,-7.789429094125568,-0.9431038785659068,-0.0056738665735296,7.783755227552038,730,5,246225
E1,E1,N0,co,12,rf,mae,0.1995442532767539,0.5938777786502205,7.7785867012778205,7.579042448001067,735,0,246225
E1,E1,N0,co,12,rf,rmse,0.3325414504707005,1.199444124358345,16.017663221576704,15.685121771106004,735,0,246225
E1,E1,N0,co,12,rf,smape,9.524037386607706,18.73349619037803,57.28612911890173,47.76209173229402,735,0,246225
E1,E1,N0,co,12,rf,mase,1.1821124278711197,1.850706875295061,3.455251480157568,2.273139052286448,735,0,246225
E1,E1,N0,co,12,rf,r2,-0.3681966245344554,-0.1352629231344749,0.1568954148314034,0.5250920393658588,730,5,246225
E1,E1,N0,co,12,xgb,mae,0.2430657855689779,0.6390367810168669,7.328210389786099,7.08514460421712,735,0,246225
E1,E1,N0,co,12,xgb,rmse,0.3737853631936877,1.237562979019766,16.27666653232057,15.90288116912688,735,0,246225
E1,E1,N0,co,12,xgb,smape,11.89350736892286,20.437621931261983,59.70735333785308,47.81384596893022,735,0,246225
E1,E1,N0,co,12,xgb,mase,1.4958524718058974,2.164783324667043,3.718938647540944,2.2230861757350464,735,0,246225
E1,E1,N0,co,12,xgb,r2,-0.8304774612473929,-0.2423744705153393,0.098028794930212,0.9285062561776048,730,5,246225
E1,E1,N0,co,12,svr,mae,0.1173732991291773,0.4127150259884324,7.248895897250694,7.131522598121517,735,0,246225
E1,E1,N0,co,12,svr,rmse,0.2380711751060611,1.069170284175769,17.225156852234917,16.987085677128857,735,0,246225
E1,E1,N0,co,12,svr,smape,6.198579621966981,13.052250782912916,41.30134736452369,35.102767742556715,735,0,246225
E1,E1,N0,co,12,svr,mase,0.894980246465257,1.3474051068823434,2.768501343079204,1.8735210966139464,735,0,246225
E1,E1,N0,co,12,svr,r2,-0.1211764322024675,0.0056541118946082,0.2553477477535665,0.376524179956034,730,5,246225
E1,E1,N1,co,1,lr,mae,0.1095750196115957,0.4019171496108661,4.39419099298957,4.284615973377974,735,0,254310
E1,E1,N1,co,1,lr,rmse,0.2368484890636347,0.9920600152945556,8.386737038337762,8.149888549274127,735,0,254310
E1,E1,N1,co,1,lr,smape,4.735918081596294,13.133832200414387,45.159914326504165,40.42399624490787,735,0,254310
E1,E1,N1,co,1,lr,mase,0.7707098535756336,1.0648359532148275,1.6072755779075814,0.8365657243319478,735,0,254310
E1,E1,N1,co,1,lr,r2,-0.0097386918537308,0.3091127693474106,0.6919820588863294,0.7017207507400602,730,5,254310
E1,E1,N1,co,1,ridge,mae,0.1095707526887252,0.401857377493876,4.393952627849408,4.284381875160682,735,0,254310
E1,E1,N1,co,1,ridge,rmse,0.2368451879630743,0.9920688156987344,8.387906289535035,8.15106110157196,735,0,254310
E1,E1,N1,co,1,ridge,smape,4.735817424128899,13.134063642487714,45.1632054170277,40.42738799289881,735,0,254310
E1,E1,N1,co,1,ridge,mase,0.7706610808733207,1.064907306698072,1.6072786426855863,0.8366175618122658,735,0,254310
E1,E1,N1,co,1,ridge,r2,-0.0096855586881075,0.3090423436802731,0.6919565598107521,0.7016421184988597,730,5,254310
E1,E1,N1,co,1,rf,mae,0.0983807328683839,0.3518830973841662,3.233804665054294,3.13542393218591,735,0,254310
E1,E1,N1,co,1,rf,rmse,0.2116494337075621,0.9689428527573716,7.596526661633479,7.384877227925918,735,0,254310
E1,E1,N1,co,1,rf,smape,4.601793804511035,11.554120973310784,30.080455240762166,25.47866143625113,735,0,254310
E1,E1,N1,co,1,rf,mase,0.7118696803495449,0.9362115808905184,1.2565776154423265,0.5447079350927814,735,0,254310
E1,E1,N1,co,1,rf,r2,0.0915335205992375,0.3836158752133802,0.7484416746641129,0.6569081540648753,730,5,254310
E1,E1,N1,co,1,xgb,mae,0.1008426656565141,0.3820528799379364,3.221919552836152,3.1210768871796377,735,0,254310
E1,E1,N1,co,1,xgb,rmse,0.2144348796622516,0.9694388953781062,7.51832510156717,7.303890221904918,735,0,254310
E1,E1,N1,co,1,xgb,smape,4.551363412806172,12.160541202703886,30.475821652405763,25.92445823959959,735,0,254310
E1,E1,N1,co,1,xgb,mase,0.7221999491654163,0.9261807820347264,1.3396007935011836,0.6174008443357673,735,0,254310
E1,E1,N1,co,1,xgb,r2,0.0809971674502889,0.3921689897860202,0.7403195930236981,0.6593224255734091,730,5,254310
E1,E1,N1,co,1,svr,mae,0.1067886867098215,0.4056014593628605,4.091900929624966,3.985112242915144,735,0,254310
E1,E1,N1,co,1,svr,rmse,0.2368913769200355,1.038451699546873,9.470763082127348,9.233871705207314,735,0,254310
E1,E1,N1,co,1,svr,smape,5.00102945730811,12.891573189535766,45.423066952570814,40.4220374952627,735,0,254310
E1,E1,N1,co,1,svr,mase,0.7666638543714572,1.0571446841122212,1.6324519370289263,0.8657880826574693,735,0,254310
E1,E1,N1,co,1,svr,r2,-0.0052359674786396,0.2393372552838157,0.6330061593860249,0.6382421268646645,730,5,254310
E1,E1,N1,co,6,lr,mae,0.124348559040152,0.4750126341032279,6.909776743902671,6.785428184862519,735,0,250635
E1,E1,N1,co,6,lr,rmse,0.2446414283236302,1.074506634863538,14.83101641464132,14.586374986317688,735,0,250635
E1,E1,N1,co,6,lr,smape,6.440016058732425,15.061030954401794,62.081545918141295,55.64152985940887,735,0,250635
E1,E1,N1,co,6,lr,mase,0.8788694441116909,1.3769464562828773,2.853691660070448,1.9748222159587567,735,0,250635
E1,E1,N1,co,6,lr,r2,-0.1083265130587084,0.0510672921945557,0.3923118485807834,0.5006383616394918,730,5,250635
E1,E1,N1,co,6,ridge,mae,0.1243485582844405,0.475012652312402,6.909776460615355,6.785427902330914,735,0,250635
E1,E1,N1,co,6,ridge,rmse,0.2446414198725227,1.074506570793311,14.831016023857796,14.586374603985274,735,0,250635
E1,E1,N1,co,6,ridge,smape,6.44001565283966,15.061031278065409,62.08154558877772,55.64152993593805,735,0,250635
E1,E1,N1,co,6,ridge,mase,0.8788694236950527,1.3769465081003451,2.853691332021594,1.974821908326542,735,0,250635
E1,E1,N1,co,6,ridge,r2,-0.1083265093206016,0.0510673017500484,0.3923118523560484,0.50063836167665,730,5,250635
E1,E1,N1,co,6,rf,mae,0.1008446884426944,0.413567320810937,5.547767201862081,5.446922513419387,735,0,250635
E1,E1,N1,co,6,rf,rmse,0.2278136943069542,1.0437724599041072,13.650559121001638,13.422745426694684,735,0,250635
E1,E1,N1,co,6,rf,smape,5.361982483885403,13.077506920502808,51.66350652166517,46.30152403777976,735,0,250635
E1,E1,N1,co,6,rf,mase,0.745410624694788,1.2055993966798473,2.551020806384288,1.8056101816895,735,0,250635
E1,E1,N1,co,6,rf,r2,-0.0207224977537733,0.1781318086895351,0.4711722715910683,0.4918947693448416,730,5,250635
E1,E1,N1,co,6,xgb,mae,0.1079924452464114,0.4213425164387096,5.831804263599556,5.723811818353145,735,0,250635
E1,E1,N1,co,6,xgb,rmse,0.2326578890034541,1.049890009753641,14.056502191485755,13.823844302482302,735,0,250635
E1,E1,N1,co,6,xgb,smape,5.379722677929486,13.30247349607824,53.78198231257648,48.402259634647,735,0,250635
E1,E1,N1,co,6,xgb,mase,0.7491299637444424,1.2350268148047403,2.5616050879770964,1.812475124232654,735,0,250635
E1,E1,N1,co,6,xgb,r2,-0.0535162528133374,0.1720089537432733,0.4714458815987717,0.5249621344121091,730,5,250635
E1,E1,N1,co,6,svr,mae,0.1056180564575555,0.4258337452002887,5.769214204912744,5.663596148455189,735,0,250635
E1,E1,N1,co,6,svr,rmse,0.2377044031442328,1.0391085259134885,15.438004440352383,15.20030003720815,735,0,250635
E1,E1,N1,co,6,svr,smape,5.487256172198363,12.97970463698825,49.8424783933304,44.35522222113204,735,0,250635
E1,E1,N1,co,6,svr,mase,0.7761497867850691,1.214958926467116,2.595085204992128,1.8189354182070585,735,0,250635
E1,E1,N1,co,6,svr,r2,-0.0786122418593274,0.0750785628913022,0.4151986720214237,0.4938109138807511,730,5,250635
E1,E1,N1,co,12,lr,mae,0.1250266279844673,0.5036692140981378,8.796901191840545,8.671874563856077,735,0,246225
E1,E1,N1,co,12,lr,rmse,0.2549611820321,1.1340088832355086,16.197772409401875,15.942811227369775,735,0,246225
E1,E1,N1,co,12,lr,smape,7.048661296440494,16.04016130155699,66.64933071103812,59.600669414597625,735,0,246225
E1,E1,N1,co,12,lr,mase,0.8954491678279752,1.4869329000039748,3.303664422008852,2.408215254180877,735,0,246225
E1,E1,N1,co,12,lr,r2,-0.1289510835056697,0.0265564338038078,0.2989098581071861,0.4278609416128558,730,5,246225
E1,E1,N1,co,12,ridge,mae,0.1250266292184606,0.5036692052317483,8.79690119061956,8.671874561401099,735,0,246225
E1,E1,N1,co,12,ridge,rmse,0.2549611817133405,1.134008884207258,16.197772370975336,15.942811189261995,735,0,246225
E1,E1,N1,co,12,ridge,smape,7.048661281927996,16.04016169303575,66.64933073234914,59.60066945042114,735,0,246225
E1,E1,N1,co,12,ridge,mase,0.8954491611917741,1.4869329183996232,3.3036644202894823,2.408215259097708,735,0,246225
E1,E1,N1,co,12,ridge,r2,-0.1289510901986822,0.0265564396821162,0.2989098576211174,0.4278609478197997,730,5,246225
E1,E1,N1,co,12,rf,mae,0.1080129811878829,0.4420630629549659,7.72967715454365,7.621664173355767,735,0,246225
E1,E1,N1,co,12,rf,rmse,0.2337180211834681,1.0642530170947142,15.655992540817984,15.422274519634517,735,0,246225
E1,E1,N1,co,12,rf,smape,5.657812123135821,13.733417016503246,60.4531479986613,54.79533587552548,735,0,246225
E1,E1,N1,co,12,rf,mase,0.7826714396506095,1.2629848571450586,2.910466473639924,2.127795033989315,735,0,246225
E1,E1,N1,co,12,rf,r2,-0.0517201226980934,0.1004460964485911,0.3592448846500872,0.4109650073481806,730,5,246225
E1,E1,N1,co,12,xgb,mae,0.1125747800374258,0.4416320148998831,7.950970912307534,7.838396132270108,735,0,246225
E1,E1,N1,co,12,xgb,rmse,0.236474902483933,1.1218160936555817,15.350052650115735,15.113577747631805,735,0,246225
E1,E1,N1,co,12,xgb,smape,5.896121811260896,14.033892799937467,59.89953990467353,54.00341809341264,735,0,246225
E1,E1,N1,co,12,xgb,mase,0.8148443815675064,1.2941797724374156,2.9171018051199,2.102257423552394,735,0,246225
E1,E1,N1,co,12,xgb,r2,-0.0690290630995532,0.1067213028195003,0.3635919500210659,0.4326210131206192,730,5,246225
E1,E1,N1,co,12,svr,mae,0.1050499566418864,0.4215484409138532,7.328925929373278,7.223875972731391,735,0,246225
E1,E1,N1,co,12,svr,rmse,0.2411750175859857,1.0643446246939847,16.832877221742567,16.591702204156583,735,0,246225
E1,E1,N1,co,12,svr,smape,5.376334922847847,13.16762114849466,58.81256510382453,53.436230180976686,735,0,246225
E1,E1,N1,co,12,svr,mase,0.7804417879321901,1.223664861951187,2.860293428068446,2.079851640136256,735,0,246225
E1,E1,N1,co,12,svr,r2,-0.0953774862807716,0.0368066748264068,0.3137254183753933,0.4091029046561649,730,5,246225
E1,E1,N2,co,1,lr,mae,0.1533627609255901,0.5240439323748481,3.0273782273877625,2.8740154664621724,735,0,254310
E1,E1,N2,co,1,lr,rmse,0.3116150508233979,1.2093178050025324,7.491896908752232,7.1802818579288346,735,0,254310
E1,E1,N2,co,1,lr,smape,6.762882807998611,16.03887700662253,27.481162287369543,20.71827947937093,735,0,254310
E1,E1,N2,co,1,lr,mase,1.029199991526743,1.2439728829326813,1.616383766713179,0.5871837751864364,735,0,254310
E1,E1,N2,co,1,lr,r2,-0.7397581566504774,-0.0519747417895144,0.7316192747002563,1.4713774313507335,730,5,254310
E1,E1,N2,co,1,ridge,mae,0.1532989450477482,0.5240161059660452,3.02659927108203,2.8733003260342818,735,0,254310
E1,E1,N2,co,1,ridge,rmse,0.3115952044660457,1.209262812794503,7.491769980713038,7.180174776246992,735,0,254310
E1,E1,N2,co,1,ridge,smape,6.759747218512825,16.041345354219736,27.477692362332046,20.71794514381922,735,0,254310
E1,E1,N2,co,1,ridge,mase,1.0291797090982844,1.2439215182642671,1.6156112290878766,0.5864315199895922,735,0,254310
E1,E1,N2,co,1,ridge,r2,-0.7394112902449989,-0.0514587920651347,0.7317361499667089,1.4711474402117075,730,5,254310
E1,E1,N2,co,1,rf,mae,0.137919992201826,0.4333324981255667,2.344659212688688,2.206739220486861,735,0,254310
E1,E1,N2,co,1,rf,rmse,0.3025122167012614,1.1967057778022296,6.972837735636012,6.67032551893475,735,0,254310
E1,E1,N2,co,1,rf,smape,5.856316982277926,11.352462528369973,20.428419764410684,14.572102782132758,735,0,254310
E1,E1,N2,co,1,rf,mase,0.8994913340130745,1.103850556655611,1.4053932056241605,0.505901871611086,735,0,254310
E1,E1,N2,co,1,rf,r2,-0.6332168777349685,0.0109842086763103,0.7525105164269599,1.3857273941619284,730,5,254310
E1,E1,N2,co,1,xgb,mae,0.1333523799942067,0.424943087727813,2.5946605802232714,2.4613082002290647,735,0,254310
E1,E1,N2,co,1,xgb,rmse,0.2684442786819213,1.1382129349224843,7.083002929908654,6.814558651226732,735,0,254310
E1,E1,N2,co,1,xgb,smape,5.793171749159486,12.679504299990278,24.31224256416602,18.519070815006536,735,0,254310
E1,E1,N2,co,1,xgb,mase,0.8514001938464665,1.041667695467002,1.4124481006501362,0.5610479068036697,735,0,254310
E1,E1,N2,co,1,xgb,r2,-0.247008413325767,0.2106019316602959,0.7495781520416684,0.9965865653674356,730,5,254310
E1,E1,N2,co,1,svr,mae,0.1086603489711933,0.3835127143042746,2.221043937674493,2.1123835887033,735,0,254310
E1,E1,N2,co,1,svr,rmse,0.251434338306078,1.007592774672018,7.054271832811299,6.802837494505221,735,0,254310
E1,E1,N2,co,1,svr,smape,4.830746849728508,10.92073450483696,19.042233057372435,14.211486207643928,735,0,254310
E1,E1,N2,co,1,svr,mase,0.7607164508781559,0.9358987759154864,1.2370370342642836,0.4763205833861277,735,0,254310
E1,E1,N2,co,1,svr,r2,-0.1683545364390086,0.2553388472206461,0.7428194731067483,0.911174009545757,730,5,254310
E1,E1,N2,co,6,lr,mae,0.1352383404390335,0.5037654858034802,5.294313774862614,5.15907543442358,735,0,250635
E1,E1,N2,co,6,lr,rmse,0.3171439280286326,1.3994785409407535,14.889794405897884,14.572650477869251,735,0,250635
E1,E1,N2,co,6,lr,smape,6.571530300710913,14.666442822976109,32.980618859682934,26.409088558972023,735,0,250635
E1,E1,N2,co,6,lr,mase,1.0372518448033337,1.472373697007842,2.3680864598755145,1.3308346150721808,735,0,250635
E1,E1,N2,co,6,lr,r2,-1.0422165239342225,-0.5424267495799253,0.2359110303664561,1.2781275543006785,730,5,250635
E1,E1,N2,co,6,ridge,mae,0.1352383387803517,0.5037654792630046,5.294313780474409,5.159075441694058,735,0,250635
E1,E1,N2,co,6,ridge,rmse,0.3171439274025109,1.3994785347594445,14.889794393985298,14.572650466582786,735,0,250635
E1,E1,N2,co,6,ridge,smape,6.571530261618552,14.666442464597424,32.980618899042135,26.409088637423583,735,0,250635
E1,E1,N2,co,6,ridge,mase,1.0372518335811085,1.472373688963195,2.3680864571984745,1.330834623617366,735,0,250635
E1,E1,N2,co,6,ridge,r2,-1.0422165173702416,-0.542426740390577,0.2359110331045606,1.2781275504748022,730,5,250635
E1,E1,N2,co,6,rf,mae,0.1272930050603616,0.4828852296921851,5.256143068218671,5.128850063158309,735,0,250635
E1,E1,N2,co,6,rf,rmse,0.3077702052599874,1.354818381855687,14.84351202922726,14.535741823967273,735,0,250635
E1,E1,N2,co,6,rf,smape,6.324048697919718,13.713104840534111,30.247869577466368,23.92382087954665,735,0,250635
E1,E1,N2,co,6,rf,mase,0.9886587787317772,1.4238849133915612,2.3288202020485063,1.3401614233167292,735,0,250635
E1,E1,N2,co,6,rf,r2,-0.9408339997334524,-0.4899206817026599,0.2423948322330648,1.1832288319665172,730,5,250635
E1,E1,N2,co,6,xgb,mae,0.1502135833443502,0.5133796682248787,5.646742472778748,5.496528889434398,735,0,250635
E1,E1,N2,co,6,xgb,rmse,0.3187332219519784,1.3752382134892127,14.897351934008482,14.578618712056503,735,0,250635
E1,E1,N2,co,6,xgb,smape,7.171082601764764,16.23494721256106,36.40961822568184,29.23853562391708,735,0,250635
E1,E1,N2,co,6,xgb,mase,1.114929422249079,1.5748945551134206,2.476010127108702,1.3610807048596223,735,0,250635
E1,E1,N2,co,6,xgb,r2,-1.0046901114205853,-0.5998362617302769,0.108727880598992,1.1134179920195773,730,5,250635
E1,E1,N2,co,6,svr,mae,0.1386383102288418,0.5217822541896404,5.403442971797467,5.264804661568625,735,0,250635
E1,E1,N2,co,6,svr,rmse,0.3159070031817169,1.3904430621190704,14.841150689330124,14.525243686148404,735,0,250635
E1,E1,N2,co,6,svr,smape,6.6219516074866185,15.715730546428611,30.491354223556865,23.869402616070246,735,0,250635
E1,E1,N2,co,6,svr,mase,1.0361927728265077,1.4801933112365635,2.339370602709642,1.3031778298831345,735,0,250635
E1,E1,N2,co,6,svr,r2,-0.9639257747346932,-0.5225909967767531,0.2181793584581001,1.1821051331927932,730,5,250635
E1,E1,N2,co,12,lr,mae,0.1195989905641821,0.4873682705174433,6.80844978291327,6.688850792349087,735,0,246225
E1,E1,N2,co,12,lr,rmse,0.2895991665973993,1.3901272705275045,18.018025658922,17.7284264923246,735,0,246225
E1,E1,N2,co,12,lr,smape,5.872879935435667,13.749605959793987,38.67822368329144,32.805343747855765,735,0,246225
E1,E1,N2,co,12,lr,mase,0.910864360726994,1.5511986702181952,2.730638290384869,1.819773929657875,735,0,246225
E1,E1,N2,co,12,lr,r2,-0.8871074639731666,-0.4317196556966388,0.1799422554225368,1.0670497193957034,730,5,246225
E1,E1,N2,co,12,ridge,mae,0.1195989900298103,0.4873682683982496,6.808449765555153,6.688850775525343,735,0,246225
E1,E1,N2,co,12,ridge,rmse,0.2895991664498945,1.3901272685956,18.01802566100877,17.728426494558885,735,0,246225
E1,E1,N2,co,12,ridge,smape,5.872879903619933,13.749605868472036,38.6782230164974,32.805343112877466,735,0,246225
E1,E1,N2,co,12,ridge,mase,0.9108643602178628,1.551198659294288,2.730638293823758,1.819773933605896,735,0,246225
E1,E1,N2,co,12,ridge,r2,-0.887107461243714,-0.4317196497771089,0.1799422504428318,1.0670497116865458,730,5,246225
E1,E1,N2,co,12,rf,mae,0.1216554597576212,0.4860381452159007,6.872609688592319,6.750954228834698,735,0,246225
E1,E1,N2,co,12,rf,rmse,0.2893991625584714,1.4063800200051793,17.899339486247165,17.609940323688694,735,0,246225
E1,E1,N2,co,12,rf,smape,6.111433115173353,13.642068711018728,38.69517499118831,32.583741876014955,735,0,246225
E1,E1,N2,co,12,rf,mase,0.9045483198675136,1.5033289246654764,2.7356565425929658,1.8311082227254525,735,0,246225
E1,E1,N2,co,12,rf,r2,-0.8824868193560305,-0.4366063324581289,0.1083041753552148,0.9907909947112452,730,5,246225
E1,E1,N2,co,12,xgb,mae,0.1507201876398384,0.5203555848453812,6.995886441674919,6.84516625403508,735,0,246225
E1,E1,N2,co,12,xgb,rmse,0.3142419265567392,1.4398008819545265,17.9171739133369,17.60293198678016,735,0,246225
E1,E1,N2,co,12,xgb,smape,7.548181594922058,16.655424174916845,43.22288536290377,35.67470376798171,735,0,246225
E1,E1,N2,co,12,xgb,mase,1.1031821622702522,1.7155399714151276,2.885161321375348,1.781979159105095,735,0,246225
E1,E1,N2,co,12,xgb,r2,-1.0512784249833356,-0.6347269025291244,-0.0111100323408922,1.0401683926424434,730,5,246225
E1,E1,N2,co,12,svr,mae,0.1237407895111244,0.4924812755717227,6.841658675307589,6.7179178857964645,735,0,246225
E1,E1,N2,co,12,svr,rmse,0.2918548674758845,1.406162004101114,17.862796730054427,17.570941862578543,735,0,246225
E1,E1,N2,co,12,svr,smape,6.022621219795642,14.667001155899426,39.45789777697369,33.43527655717804,735,0,246225
E1,E1,N2,co,12,svr,mase,0.9252596371271746,1.5736054466274214,2.741783425716944,1.8165237885897687,735,0,246225
E1,E1,N2,co,12,svr,r2,-0.9122254056497072,-0.4399109557847483,0.1363758616196598,1.0486012672693672,730,5,246225
E2,E2,N0,co,1,lr,mae,0.2367560494908854,0.5106521229911206,1.9283818438993368,1.691625794408452,302,0,104492
E2,E2,N0,co,1,lr,rmse,0.396731295377152,1.1562738508670534,4.709998439216459,4.313267143839307,302,0,104492
E2,E2,N0,co,1,lr,smape,10.408275429717186,17.81863598129293,34.453016616480426,24.04474118676324,302,0,104492
E2,E2,N0,co,1,lr,mase,1.126562025969248,1.591864825488255,2.1894829009698533,1.0629208750006052,302,0,104492
E2,E2,N0,co,1,lr,r2,-1.1332956273137147,-0.2749229301607051,0.6317058050573554,1.76500143237107,302,0,104492
E2,E2,N0,co,1,ridge,mae,0.2367560493588523,0.5106520967417528,1.928381975186692,1.6916259258278397,302,0,104492
E2,E2,N0,co,1,ridge,rmse,0.3967312959181339,1.1562738723931392,4.709998293534286,4.313266997616152,302,0,104492
E2,E2,N0,co,1,ridge,smape,10.408274872429883,17.818634516638753,34.45301943490268,24.0447445624728,302,0,104492
E2,E2,N0,co,1,ridge,mase,1.1265620342416445,1.5918647835550437,2.189482827929711,1.0629207936880665,302,0,104492
E2,E2,N0,co,1,ridge,r2,-1.133295700971652,-0.27492291415354,0.6317058145622148,1.7650015155338667,302,0,104492
E2,E2,N0,co,1,rf,mae,0.158708640220427,0.3911268968668533,1.560128643349752,1.401420003129325,302,0,104492
E2,E2,N0,co,1,rf,rmse,0.292010381355796,1.1450683780618307,4.348584466841781,4.056574085485985,302,0,104492
E2,E2,N0,co,1,rf,smape,6.06328564019924,12.549377357753617,28.006933885289108,21.943648245089868,302,0,104492
E2,E2,N0,co,1,rf,mase,0.8104526461351187,1.022141871155807,1.7041876093059698,0.8937349631708511,302,0,104492
E2,E2,N0,co,1,rf,r2,-0.1126546466675491,0.1472181243980163,0.702589808650262,0.8152444553178111,302,0,104492
E2,E2,N0,co,1,xgb,mae,0.1602755286470117,0.4105843619443219,1.6438885303102937,1.4836130016632818,302,0,104492
E2,E2,N0,co,1,xgb,rmse,0.2901347849481641,1.1499333184119829,4.227378995840165,3.937244210892001,302,0,104492
E2,E2,N0,co,1,xgb,smape,6.229038073825019,12.396145315718982,28.543654779879805,22.314616706054785,302,0,104492
E2,E2,N0,co,1,xgb,mase,0.8449949704321078,1.04894406387378,1.7299614851775804,0.8849665147454726,302,0,104492
E2,E2,N0,co,1,xgb,r2,-0.1572367621743861,0.145143383070761,0.705434516000865,0.8626712781752512,302,0,104492
E2,E2,N0,co,1,svr,mae,0.135921193611819,0.3643381613640555,1.8348732329866435,1.6989520393748243,302,0,104492
E2,E2,N0,co,1,svr,rmse,0.2837917023951186,0.9885131561900348,4.788452565041169,4.50466086264605,302,0,104492
E2,E2,N0,co,1,svr,smape,5.338200139880685,11.413270935000597,26.57774599153249,21.239545851651805,302,0,104492
E2,E2,N0,co,1,svr,mase,0.7851861985544686,0.9799657290042024,1.639211663748334,0.8540254651938655,302,0,104492
E2,E2,N0,co,1,svr,r2,-0.0882507644102537,0.1626814799745825,0.6753655795304836,0.7636163439407373,302,0,104492
E2,E2,N0,co,6,lr,mae,0.6504305592416216,0.8993408662932358,3.994908004853046,3.344477445611425,302,0,102982
E2,E2,N0,co,6,lr,rmse,0.719515869247181,1.444494791382869,8.409645260741385,7.690129391494204,302,0,102982
E2,E2,N0,co,6,lr,smape,27.997093296584232,38.38580608981154,59.45312857985565,31.45603528327141,302,0,102982
E2,E2,N0,co,6,lr,mase,2.3154255091859146,4.086751133409637,6.74754004086479,4.432114531678876,302,0,102982
E2,E2,N0,co,6,lr,r2,-5.697348715778947,-0.8144295329161882,-0.0427361112747045,5.654612604504242,302,0,102982
E2,E2,N0,co,6,ridge,mae,0.6504305925068158,0.8993408911382572,3.994907934136304,3.3444773416294886,302,0,102982
E2,E2,N0,co,6,ridge,rmse,0.7195158802296941,1.4444947189963342,8.409645039557981,7.690129159328287,302,0,102982
E2,E2,N0,co,6,ridge,smape,27.997094085559688,38.38580934286779,59.45312883387519,31.456034748315503,302,0,102982
E2,E2,N0,co,6,ridge,mase,2.315425191337667,4.086751256717372,6.747540443473614,4.432115252135947,302,0,102982
E2,E2,N0,co,6,ridge,r2,-5.697349501373001,-0.8144297027613715,-0.0427361017906376,5.654613399582363,302,0,102982
E2,E2,N0,co,6,rf,mae,0.1965897803661329,0.5208661353704406,3.351191624894209,3.154601844528076,302,0,102982
E2,E2,N0,co,6,rf,rmse,0.3270341129789413,1.2066707820889857,7.079446095591563,6.752411982612622,302,0,102982
E2,E2,N0,co,6,rf,smape,7.76739786432081,17.66926948788997,44.96180451770117,37.19440665338036,302,0,102982
E2,E2,N0,co,6,rf,mase,1.030142845191999,1.5521365465644532,3.2867168735158323,2.2565740283238336,302,0,102982
E2,E2,N0,co,6,rf,r2,-0.2634729033005424,-0.0478809158315683,0.1927516616734201,0.4562245649739626,302,0,102982
E2,E2,N0,co,6,xgb,mae,0.2012939144564214,0.5464341055229878,3.436359835214337,3.235065920757916,302,0,102982
E2,E2,N0,co,6,xgb,rmse,0.3514101162027412,1.276843594558518,8.027704776961421,7.67629466075868,302,0,102982
E2,E2,N0,co,6,xgb,smape,8.549332520090061,17.534643816031036,43.42039325581415,34.871060735724086,302,0,102982
E2,E2,N0,co,6,xgb,mase,1.0881307442399124,1.640777791764254,3.273475232693581,2.185344488453669,302,0,102982
E2,E2,N0,co,6,xgb,r2,-0.3968129199568393,-0.1019941799751202,0.1373990387679571,0.5342119587247965,302,0,102982
E2,E2,N0,co,6,svr,mae,0.1352647220634568,0.3752230908475096,3.231265400701504,3.0960006786380467,302,0,102982
E2,E2,N0,co,6,svr,rmse,0.2929449584511568,1.071217293587453,9.008606212993651,8.715661254542495,302,0,102982
E2,E2,N0,co,6,svr,smape,5.9037440985190806,12.74005828025994,34.246510767508795,28.342766668989714,302,0,102982
E2,E2,N0,co,6,svr,mase,0.7823721851687233,1.2149347120275706,2.369123885749948,1.5867517005812244,302,0,102982
E2,E2,N0,co,6,svr,r2,-0.1044663725656945,0.0042796201566837,0.2318601750015567,0.3363265475672512,302,0,102982
E2,E2,N0,co,12,lr,mae,0.9498605157362447,1.1951252673333324,4.642335701504943,3.692475185768698,302,0,101170
E2,E2,N0,co,12,lr,rmse,1.0158301837605703,1.5923368365833683,8.92077823736551,7.90494805360494,302,0,101170
E2,E2,N0,co,12,lr,smape,36.61505034193502,49.47367471473876,69.6429342462661,33.02788390433108,302,0,101170
E2,E2,N0,co,12,lr,mase,2.9471265727658844,5.127299728289916,10.010595126211124,7.063468553445239,302,0,101170
E2,E2,N0,co,12,lr,r2,-12.287661230827911,-1.2321680691280334,-0.2532497001370765,12.034411530690836,302,0,101170
E2,E2,N0,co,12,ridge,mae,0.9498607154091874,1.1951254241430376,4.642335357471792,3.6924746420626047,302,0,101170
E2,E2,N0,co,12,ridge,rmse,1.01583038889903,1.5923367743397367,8.920778242307135,7.904947853408105,302,0,101170
E2,E2,N0,co,12,ridge,smape,36.61505599602869,49.473679880981535,69.64294148346843,33.02788548743974,302,0,101170
E2,E2,N0,co,12,ridge,mase,2.9471268005184035,5.127298405212072,10.010595668123504,7.063468867605102,302,0,101170
E2,E2,N0,co,12,ridge,r2,-12.2876647193334,-1.2321677989653494,-0.2532496440933854,12.034415075240016,302,0,101170
E2,E2,N0,co,12,rf,mae,0.2203209245929074,0.5904490725716234,3.8697186267154287,3.6493977021225215,302,0,101170
E2,E2,N0,co,12,rf,rmse,0.3408795666593148,1.363559920266333,7.860588309011742,7.519708742352427,302,0,101170
E2,E2,N0,co,12,rf,smape,9.23073084919081,19.617511308293963,48.5582690369777,39.327538187786885,302,0,101170
E2,E2,N0,co,12,rf,mase,1.143989723240404,1.7633358159870434,3.786637512430211,2.642647789189807,302,0,101170
E2,E2,N0,co,12,rf,r2,-0.3950110090965913,-0.1852816055625908,0.0070649708254825,0.4020759799220738,302,0,101170
E2,E2,N0,co,12,xgb,mae,0.2313991866759061,0.7063360412835058,3.645896042894252,3.414496856218346,302,0,101170
E2,E2,N0,co,12,xgb,rmse,0.3657917332720553,1.366705633487176,8.260436777760702,7.894645044488647,302,0,101170
E2,E2,N0,co,12,xgb,smape,9.531893169994149,19.64430642679893,49.21637487519287,39.68448170519872,302,0,101170
E2,E2,N0,co,12,xgb,mase,1.1830225811071264,1.890041117773186,3.784742223491464,2.601719642384337,302,0,101170
E2,E2,N0,co,12,xgb,r2,-0.6134371501085505,-0.2544462304053965,-0.0606284659903917,0.5528086841181588,302,0,101170
E2,E2,N0,co,12,svr,mae,0.1377555411138765,0.3731718121920705,3.60962331560684,3.4718677744929627,302,0,101170
E2,E2,N0,co,12,svr,rmse,0.2876222560252778,1.0482569953272245,9.10415973870608,8.8165374826808,302,0,101170
E2,E2,N0,co,12,svr,smape,6.337327442352248,13.076924528763769,39.9325172131673,33.595189770815054,302,0,101170
E2,E2,N0,co,12,svr,mase,0.8174040682505338,1.291591945450467,2.846240075606405,2.028836007355872,302,0,101170
E2,E2,N0,co,12,svr,r2,-0.2102089851853972,-0.0281754639288602,0.084696016981475,0.2949050021668722,302,0,101170
E2,E2,N1,co,1,lr,mae,0.1514512344966408,0.4380467601225731,2.9157467588619403,2.7642955243653,302,0,104492
E2,E2,N1,co,1,lr,rmse,0.2924740528082112,1.0009332739763757,5.268934147326784,4.976460094518573,302,0,104492
E2,E2,N1,co,1,lr,smape,6.002318992473062,13.860155915655508,44.76972974445373,38.76741075198066,302,0,104492
E2,E2,N1,co,1,lr,mase,0.8053338046056295,1.079188580143551,2.1523856934585504,1.3470518888529208,302,0,104492
E2,E2,N1,co,1,lr,r2,-0.0760080345637436,0.1634743973463768,0.5846758990878494,0.6606839336515931,302,0,104492
E2,E2,N1,co,1,ridge,mae,0.1514512332643267,0.4380467662458332,2.9157467795039094,2.764295546239582,302,0,104492
E2,E2,N1,co,1,ridge,rmse,0.292474052627962,1.0009332692968766,5.26893428482247,4.976460232194508,302,0,104492
E2,E2,N1,co,1,ridge,smape,6.0023189941795785,13.860156300096168,44.76973069775564,38.76741170357606,302,0,104492
E2,E2,N1,co,1,ridge,mase,0.8053338045865346,1.079188574672317,2.152385651627357,1.3470518470408226,302,0,104492
E2,E2,N1,co,1,ridge,r2,-0.0760080256267156,0.1634743670164749,0.5846759040758648,0.6606839297025804,302,0,104492
E2,E2,N1,co,1,rf,mae,0.1379284220543763,0.3494435672926437,1.7556548875384972,1.6177264654841208,302,0,104492
E2,E2,N1,co,1,rf,rmse,0.2682913409742884,0.9274377001173616,4.785084979882768,4.51679363890848,302,0,104492
E2,E2,N1,co,1,rf,smape,4.971055240683216,12.300719931987542,30.14943518064704,25.178379939963826,302,0,104492
E2,E2,N1,co,1,rf,mase,0.7181570267965663,0.9499411930188946,1.537908899724609,0.819751872928043,302,0,104492
E2,E2,N1,co,1,rf,r2,0.0179711472941691,0.2710076577077852,0.6921287611949203,0.6741576139007511,302,0,104492
E2,E2,N1,co,1,xgb,mae,0.1419744626218587,0.3322107098501768,2.0831706394323093,1.9411961768104504,302,0,104492
E2,E2,N1,co,1,xgb,rmse,0.2779646790276394,0.9241416151483312,4.684704421685786,4.4067397426581465,302,0,104492
E2,E2,N1,co,1,xgb,smape,5.062353525672968,12.500635020801385,30.000106106825505,24.93775258115253,302,0,104492
E2,E2,N1,co,1,xgb,mase,0.7328100081247586,0.9565107466957096,1.5601708088371522,0.8273608007123936,302,0,104492
E2,E2,N1,co,1,xgb,r2,0.0216696500671657,0.2892883841219599,0.6859388801443386,0.6642692300771729,302,0,104492
E2,E2,N1,co,1,svr,mae,0.1404245256803293,0.3942989722350254,2.7672780407756297,2.6268535150953003,302,0,104492
E2,E2,N1,co,1,svr,rmse,0.2773279571704417,0.9809288433220325,6.025626670760963,5.748298713590522,302,0,104492
E2,E2,N1,co,1,svr,smape,5.418834918519633,13.356944447823077,40.63714323975373,35.2183083212341,302,0,104492
E2,E2,N1,co,1,svr,mase,0.7687147960717328,1.023536312991412,1.907214525691006,1.1384997296192734,302,0,104492
E2,E2,N1,co,1,svr,r2,-0.0575137281460608,0.1605782724690668,0.450661397389901,0.5081751255359619,302,0,104492
E2,E2,N1,co,6,lr,mae,0.1632628723132979,0.5085485584231759,4.463596418978474,4.300333546665176,302,0,102982
E2,E2,N1,co,6,lr,rmse,0.3012809476721806,1.067637753478382,8.372592977650832,8.071312029978651,302,0,102982
E2,E2,N1,co,6,lr,smape,7.0780140605151125,16.497050071281272,63.26310018060667,56.18508612009156,302,0,102982
E2,E2,N1,co,6,lr,mase,0.9058483623884424,1.3743573349679403,3.4644178079275343,2.558569445539092,302,0,102982
E2,E2,N1,co,6,lr,r2,-0.0712112163572648,-0.0081114712951954,0.1822099820483112,0.253421198405576,302,0,102982
E2,E2,N1,co,6,ridge,mae,0.1632628707039535,0.5085485580993829,4.463596495409224,4.30033362470527,302,0,102982
E2,E2,N1,co,6,ridge,rmse,0.3012809461507284,1.067637736172636,8.37259285665811,8.071311910507383,302,0,102982
E2,E2,N1,co,6,ridge,smape,7.078014124084605,16.497049970760294,63.26310172902704,56.18508760494244,302,0,102982
E2,E2,N1,co,6,ridge,mase,0.9058483682055508,1.3743573419748785,3.4644178714726235,2.5585695032670728,302,0,102982
E2,E2,N1,co,6,ridge,r2,-0.0712112572319146,-0.0081114422580126,0.1822099766060766,0.2534212338379913,302,0,102982
E2,E2,N1,co,6,rf,mae,0.1394970036943214,0.4161201534492862,3.315089915483196,3.1755929117888746,302,0,102982
E2,E2,N1,co,6,rf,rmse,0.2933918391543327,1.0173768877816318,7.900367780710604,7.606975941556271,302,0,102982
E2,E2,N1,co,6,rf,smape,5.714782077118821,15.028896730091224,46.41832636953925,40.703544292420425,302,0,102982
E2,E2,N1,co,6,rf,mase,0.7558589564262171,1.1857822555158983,2.5537361165177987,1.7978771600915815,302,0,102982
E2,E2,N1,co,6,rf,r2,-0.0428848343136953,0.0661727215497224,0.3632969379305875,0.4061817722442828,302,0,102982
E2,E2,N1,co,6,xgb,mae,0.1428786161262365,0.4464723366116909,3.214468292853166,3.071589676726929,302,0,102982
E2,E2,N1,co,6,xgb,rmse,0.3048015545798298,1.057405558038945,8.112110731755044,7.807309177175214,302,0,102982
E2,E2,N1,co,6,xgb,smape,5.785158378725709,14.728089086471783,45.814393661475535,40.02923528274982,302,0,102982
E2,E2,N1,co,6,xgb,mase,0.7813080876606515,1.2093158002429845,2.6391131749577688,1.8578050872971168,302,0,102982
E2,E2,N1,co,6,xgb,r2,-0.0575107906439396,0.0721480237788433,0.3703057267533793,0.4278165173973189,302,0,102982
E2,E2,N1,co,6,svr,mae,0.1414419039758894,0.4157427141726587,3.5165112616493603,3.3750693576734707,302,0,102982
E2,E2,N1,co,6,svr,rmse,0.2929649932195062,1.0476466240193014,8.517059532949112,8.224094539729606,302,0,102982
E2,E2,N1,co,6,svr,smape,5.797895889992232,14.447785291830543,47.08048790943251,41.28259201944028,302,0,102982
E2,E2,N1,co,6,svr,mase,0.7762784582097275,1.187304742340863,2.503935595600423,1.7276571373906957,302,0,102982
E2,E2,N1,co,6,svr,r2,-0.1467329022803337,-0.0032479935388854,0.20910332007461,0.3558362223549438,302,0,102982
E2,E2,N1,co,12,lr,mae,0.1649413787219393,0.5235495106606145,5.07916405407507,4.91422267535313,302,0,101170
E2,E2,N1,co,12,lr,rmse,0.3043331379220672,1.122111262416837,8.793703899521947,8.489370761599881,302,0,101170
E2,E2,N1,co,12,lr,smape,7.519081785929342,16.929615687047246,67.7160807776301,60.19699899170075,302,0,101170
E2,E2,N1,co,12,lr,mase,0.917608210787901,1.4933814539458012,3.7855216656118618,2.867913454823961,302,0,101170
E2,E2,N1,co,12,lr,r2,-0.1079713864691891,-0.0220032836508132,0.1459815834810963,0.2539529699502855,302,0,101170
E2,E2,N1,co,12,ridge,mae,0.164941377777893,0.5235495288261387,5.079164118456345,4.914222740678452,302,0,101170
E2,E2,N1,co,12,ridge,rmse,0.3043331378341145,1.1221112838451786,8.793703848443544,8.48937071060943,302,0,101170
E2,E2,N1,co,12,ridge,smape,7.519082223846867,16.929615593953443,67.71608049417775,60.19699827033088,302,0,101170
E2,E2,N1,co,12,ridge,mase,0.9176082069439278,1.493381461290996,3.785521669037185,2.867913462093257,302,0,101170
E2,E2,N1,co,12,ridge,r2,-0.1079714353942215,-0.022003278627878,0.1459815873861237,0.2539530227803452,302,0,101170
E2,E2,N1,co,12,rf,mae,0.1479307667183157,0.445630527220734,3.67173554446802,3.5238047777497044,302,0,101170
E2,E2,N1,co,12,rf,rmse,0.2891823862837782,1.1136419129791717,7.975435153850618,7.68625276756684,302,0,101170
E2,E2,N1,co,12,rf,smape,6.142250035629724,15.557459521578796,50.63738278174804,44.49513274611832,302,0,101170
E2,E2,N1,co,12,rf,mase,0.7956878091384374,1.2470552443617209,3.06812870288809,2.2724408937496525,302,0,101170
E2,E2,N1,co,12,rf,r2,-0.0684730930162875,0.020364196887791,0.2710897402925304,0.339562833308818,302,0,101170
E2,E2,N1,co,12,xgb,mae,0.1560508981669879,0.4643078869739527,3.736295891441268,3.58024499327428,302,0,101170
E2,E2,N1,co,12,xgb,rmse,0.292451120009939,1.135688433677537,7.474109126170189,7.181658006160251,302,0,101170
E2,E2,N1,co,12,xgb,smape,6.4429733538345015,16.188596434434153,56.02256022622728,49.57958687239278,302,0,101170
E2,E2,N1,co,12,xgb,mase,0.8328887268701465,1.296803014849531,3.285446167585948,2.4525574407158017,302,0,101170
E2,E2,N1,co,12,xgb,r2,-0.1084914667075358,0.0135769559250687,0.3099142718723137,0.4184057385798495,302,0,101170
E2,E2,N1,co,12,svr,mae,0.1409551953435896,0.4067280125007498,3.848116734490484,3.7071615391468944,302,0,101170
E2,E2,N1,co,12,svr,rmse,0.2873062224206957,1.1147174758556582,9.094750473101296,8.8074442506806,302,0,101170
E2,E2,N1,co,12,svr,smape,5.876821934254349,14.22482697584651,51.38381486169542,45.50699292744107,302,0,101170
E2,E2,N1,co,12,svr,mase,0.7569268695156619,1.179157463274619,3.097990967266634,2.341064097750972,302,0,101170
E2,E2,N1,co,12,svr,r2,-0.1634696611130234,-0.0311738708030308,0.1531071282823853,0.3165767893954088,302,0,101170
E2,E2,N2,co,1,lr,mae,0.1797731714317544,0.4645032544294488,1.7698019369497555,1.5900287655180012,302,0,104492
E2,E2,N2,co,1,lr,rmse,0.3732987821689249,1.1236789321756009,4.592192528780789,4.218893746611864,302,0,104492
E2,E2,N2,co,1,lr,smape,7.104997106287457,14.67580987947048,30.22700323570745,23.12200612942,302,0,104492
E2,E2,N2,co,1,lr,mase,1.0128650313797796,1.2109468314222005,1.7758084127164908,0.7629433813367112,302,0,104492
E2,E2,N2,co,1,lr,r2,-0.97134630574738,-0.1374518524083177,0.6372384499695141,1.608584755716894,302,0,104492
E2,E2,N2,co,1,ridge,mae,0.1797731379852784,0.4645032538285643,1.7698017076410342,1.5900285696557557,302,0,104492
E2,E2,N2,co,1,ridge,rmse,0.3732987796641905,1.123678861166435,4.592192373525265,4.2188935938610745,302,0,104492
E2,E2,N2,co,1,ridge,smape,7.104996287599895,14.675808494813866,30.22700213038972,23.122005842789825,302,0,104492
E2,E2,N2,co,1,ridge,mase,1.0128650315107754,1.2109468092587905,1.7758083486368337,0.7629433171260582,302,0,104492
E2,E2,N2,co,1,ridge,r2,-0.9713462898626192,-0.1374517471902818,0.6372385114248815,1.6085848012875006,302,0,104492
E2,E2,N2,co,1,rf,mae,0.1793616345457959,0.4463182856426279,1.5996608070858924,1.4202991725400964,302,0,104492
E2,E2,N2,co,1,rf,rmse,0.3573334219717351,1.095267933801385,4.172536615525768,3.815203193554033,302,0,104492
E2,E2,N2,co,1,rf,smape,7.534631547389171,13.024820304006742,25.81526443867817,18.280632891289,302,0,104492
E2,E2,N2,co,1,rf,mase,0.9750877049535086,1.2035937669719323,1.7140008858115965,0.7389131808580879,302,0,104492
E2,E2,N2,co,1,rf,r2,-0.7515393266467595,-0.0604827046369602,0.6805149096613944,1.432054236308154,302,0,104492
E2,E2,N2,co,1,xgb,mae,0.1691872640277449,0.4071389623078358,1.5952655791634678,1.4260783151357228,302,0,104492
E2,E2,N2,co,1,xgb,rmse,0.3096739979607593,1.2054986290385656,4.340167641851572,4.0304936438908125,302,0,104492
E2,E2,N2,co,1,xgb,smape,6.739424602554075,13.291314146720897,28.436061785347697,21.696637182793623,302,0,104492
E2,E2,N2,co,1,xgb,mase,0.9126130031768576,1.1132455936770267,1.7776156502964249,0.8650026471195674,302,0,104492
E2,E2,N2,co,1,xgb,r2,-0.3971834672696884,0.1380660259795683,0.6892573739163843,1.0864408411860729,302,0,104492
E2,E2,N2,co,1,svr,mae,0.1374582011502123,0.362199212052959,1.5055238420887211,1.3680656409385088,302,0,104492
E2,E2,N2,co,1,svr,rmse,0.2820192514284871,0.9791171502513012,4.408587361764136,4.126568110335649,302,0,104492
E2,E2,N2,co,1,svr,smape,5.116918757638,11.4526094319788,24.34157236867992,19.22465361104192,302,0,104492
E2,E2,N2,co,1,svr,mase,0.7592209419786273,0.9369163842957638,1.5058056190892142,0.7465846771105868,302,0,104492
E2,E2,N2,co,1,svr,r2,-0.1377689051916932,0.1647397912557937,0.6668920656908515,0.8046609708825447,302,0,104492
E2,E2,N2,co,6,lr,mae,0.1965788224137343,0.5025573750060738,3.250322094301268,3.0537432718875337,302,0,102982
E2,E2,N2,co,6,lr,rmse,0.3657117970556809,1.3706087795800397,8.990581651721714,8.624869854666033,302,0,102982
E2,E2,N2,co,6,lr,smape,7.669281192157115,15.721136711534392,35.55030138713992,27.881020194982803,302,0,102982
E2,E2,N2,co,6,lr,mase,1.1215612151067913,1.4931089066080614,2.9019440873438613,1.78038287223707,302,0,102982
E2,E2,N2,co,6,lr,r2,-0.9672428898501488,-0.7575217720881923,-0.0704358726528198,0.8968070171973289,302,0,102982
E2,E2,N2,co,6,ridge,mae,0.1965788087180698,0.5025573588673932,3.250322060247336,3.053743251529266,302,0,102982
E2,E2,N2,co,6,ridge,rmse,0.3657117882303831,1.3706087795808015,8.99058165992314,8.624869871692757,302,0,102982
E2,E2,N2,co,6,ridge,smape,7.669281348665614,15.72113610529473,35.55029926287518,27.881017914209565,302,0,102982
E2,E2,N2,co,6,ridge,mase,1.1215607277301394,1.4931089156853965,2.9019439333267587,1.7803832055966191,302,0,102982
E2,E2,N2,co,6,ridge,r2,-0.9672428514436278,-0.7575217537442643,-0.0704359082682318,0.8968069431753959,302,0,102982
E2,E2,N2,co,6,rf,mae,0.1968392444922582,0.5145147326249837,3.422525311401036,3.2256860669087777,302,0,102982
E2,E2,N2,co,6,rf,rmse,0.377486398091081,1.4179328781539122,9.166081671449357,8.788595273358274,302,0,102982
E2,E2,N2,co,6,rf,smape,7.930923628330976,15.97948956821438,36.31680406915953,28.385880440828554,302,0,102982
E2,E2,N2,co,6,rf,mase,1.1459944728314326,1.525248877537558,2.950450210136364,1.804455737304932,302,0,102982
E2,E2,N2,co,6,rf,r2,-1.070858188241591,-0.8422458602351716,-0.1060849860942969,0.964773202147294,302,0,102982
E2,E2,N2,co,6,xgb,mae,0.2046584751910176,0.5425163436619214,3.4448002802983253,3.2401418051073074,302,0,102982
E2,E2,N2,co,6,xgb,rmse,0.3837861507807977,1.4621528063542448,9.228135030893126,8.844348880112328,302,0,102982
E2,E2,N2,co,6,xgb,smape,7.956683895832231,16.745870732256236,44.42425595520199,36.46757205936976,302,0,102982
E2,E2,N2,co,6,xgb,mase,1.1137125563989207,1.5643521289860338,3.1990086333035905,2.08529607690467,302,0,102982
E2,E2,N2,co,6,xgb,r2,-1.1126991666320931,-0.8719954793787807,-0.1185700381414084,0.9941291284906848,302,0,102982
E2,E2,N2,co,6,svr,mae,0.1980654309473082,0.5170448216347556,3.423514962095991,3.2254495311486826,302,0,102982
E2,E2,N2,co,6,svr,rmse,0.3781176144889951,1.383257785495056,9.245094853252766,8.866977238763772,302,0,102982
E2,E2,N2,co,6,svr,smape,7.474395888388868,16.502424652769534,34.455910829087614,26.981514940698744,302,0,102982
E2,E2,N2,co,6,svr,mase,1.0432107925060163,1.4488434311894758,2.919350675297973,1.8761398827919569,302,0,102982
E2,E2,N2,co,6,svr,r2,-1.0479484308891758,-0.8110867961730488,-0.066015416040061,0.9819330148491148,302,0,102982
E2,E2,N2,co,12,lr,mae,0.166992809412547,0.5060676836633664,3.759458785126775,3.592465975714228,302,0,101170
E2,E2,N2,co,12,lr,rmse,0.3667885897537326,1.4462351306804555,10.298896032122542,9.93210744236881,302,0,101170
E2,E2,N2,co,12,lr,smape,6.405762001821403,15.14771659405765,36.41324044049597,30.007478438674568,302,0,101170
E2,E2,N2,co,12,lr,mase,0.8630102281045514,1.499323315695518,3.229152231490107,2.366142003385556,302,0,101170
E2,E2,N2,co,12,lr,r2,-1.0406070695432188,-0.7644160775351927,-0.1582064634600545,0.8824006060831642,302,0,101170
E2,E2,N2,co,12,ridge,mae,0.1669928074559744,0.5060676819579295,3.759458792725229,3.592465985269254,302,0,101170
E2,E2,N2,co,12,ridge,rmse,0.3667885889662452,1.4462351184714786,10.298896022806908,9.932107433840663,302,0,101170
E2,E2,N2,co,12,ridge,smape,6.405761846070462,15.147716468490588,36.413239848447546,30.007478002377084,302,0,101170
E2,E2,N2,co,12,ridge,mase,0.8630102087491844,1.4993233184156671,3.2291522424780927,2.3661420337289085,302,0,101170
E2,E2,N2,co,12,ridge,r2,-1.0406070517260615,-0.7644160570094031,-0.158206458367541,0.8824005933585207,302,0,101170
E2,E2,N2,co,12,rf,mae,0.1732915597044656,0.4849264378627347,3.9699756712795486,3.796684111575083,302,0,101170
E2,E2,N2,co,12,rf,rmse,0.3609878013337846,1.411219234595079,10.522236952689346,10.16124915135556,302,0,101170
E2,E2,N2,co,12,rf,smape,6.758843873602765,14.59481975486241,35.102028930537664,28.3431850569349,302,0,101170
E2,E2,N2,co,12,rf,mase,0.9122600674180226,1.5177405871489624,3.237809402175841,2.325549334757819,302,0,101170
E2,E2,N2,co,12,rf,r2,-0.9835956156396432,-0.7568892044635335,-0.1524637039704532,0.83113191166919,302,0,101170
E2,E2,N2,co,12,xgb,mae,0.1993709670948629,0.5397335803432026,4.085839677214669,3.8864687101198063,302,0,101170
E2,E2,N2,co,12,xgb,rmse,0.3942183660827821,1.456585279234338,10.606593421359545,10.212375055276762,302,0,101170
E2,E2,N2,co,12,xgb,smape,8.152890664415164,17.157782673266038,47.73436059806544,39.58146993365027,302,0,101170
E2,E2,N2,co,12,xgb,mase,1.0279071118426857,1.6629424912031818,3.487971754211292,2.460064642368606,302,0,101170
E2,E2,N2,co,12,xgb,r2,-1.0770032472546012,-0.8749801283189552,-0.3737551272169736,0.7032481200376275,302,0,101170
E2,E2,N2,co,12,svr,mae,0.182222219614151,0.5185020185494174,4.035293717059052,3.853071497444901,302,0,101170
E2,E2,N2,co,12,svr,rmse,0.3724926671507299,1.4555039127168412,10.375396081621522,10.002903414470792,302,0,101170
E2,E2,N2,co,12,svr,smape,7.060761761844505,15.780983117157591,37.49760958466106,30.43684782281656,302,0,101170
E2,E2,N2,co,12,svr,mase,0.9345112452707628,1.5303851106935398,3.4614243399287483,2.5269130946579854,302,0,101170
E2,E2,N2,co,12,svr,r2,-1.043736745541232,-0.811875170790723,-0.1982612154560278,0.845475530085204,302,0,101170
E3,E3,N0,co,1,lr,mae,3.864480386875857,4.08451953941973,4.295936430110382,0.4314560432345251,497,1,171716
E3,E3,N0,co,1,lr,rmse,5.07137302849012,5.368893182555211,5.73669299979971,0.6653199713095903,497,1,171716
E3,E3,N0,co,1,lr,smape,8.901659905976235,10.249645235229949,12.14185392144516,3.2401940154689264,497,1,171716
E3,E3,N0,co,1,lr,mase,0.8828138295677688,0.9276198852204544,0.9803648853462844,0.0975510557785157,497,1,171716
E3,E3,N0,co,1,lr,r2,0.6861508572211534,0.7211133849075211,0.8539738770348505,0.167823019813697,497,1,171716
E3,E3,N0,co,1,ridge,mae,3.864142733663673,4.084668039381614,4.296047873663607,0.4319051399999338,497,1,171716
E3,E3,N0,co,1,ridge,rmse,5.07095406771677,5.369113440603493,5.736836496687995,0.6658824289712246,497,1,171716
E3,E3,N0,co,1,ridge,smape,8.902889162802346,10.2485607400349,12.143886157249108,3.2409969944467623,497,1,171716
E3,E3,N0,co,1,ridge,mase,0.8828944659982894,0.927670369711245,0.9805193002739596,0.0976248342756702,497,1,171716
E3,E3,N0,co,1,ridge,r2,0.6860944174729124,0.7211473675277165,0.8539514714786075,0.167857054005695,497,1,171716
E3,E3,N0,co,1,rf,mae,3.8823541296078776,4.133127491687575,4.395043673747523,0.5126895441396453,497,1,171716
E3,E3,N0,co,1,rf,rmse,5.097340836224896,5.438684088481246,6.134691840203221,1.0373510039783254,497,1,171716
E3,E3,N0,co,1,rf,smape,8.802207588105427,10.09389586711353,11.767667158814511,2.9654595707090863,497,1,171716
E3,E3,N0,co,1,rf,mase,0.8844262771433656,0.9369318681762449,1.0131808099594797,0.128754532816114,497,1,171716
E3,E3,N0,co,1,rf,r2,0.6849573368882668,0.7216807517636149,0.8166359261714814,0.1316785892832146,497,1,171716
E3,E3,N0,co,1,xgb,mae,3.8047180560508,4.042282263792604,4.377700947292827,0.5729828912420274,497,1,171716
E3,E3,N0,co,1,xgb,rmse,4.975235130002758,5.304220307065295,6.038309027370039,1.0630738973672802,497,1,171716
E3,E3,N0,co,1,xgb,smape,8.808986429883813,10.056793779992573,11.937548654320556,3.1285622244367435,497,1,171716
E3,E3,N0,co,1,xgb,mase,0.8672908316960264,0.922731192340968,1.0435325102714406,0.1762416785754141,497,1,171716
E3,E3,N0,co,1,xgb,r2,0.6974201081280946,0.7320054227591044,0.791961757405591,0.0945416492774964,497,1,171716
E3,E3,N0,co,1,svr,mae,3.925304324362525,4.1659409557109255,5.490363699763591,1.5650593754010664,497,1,171716
E3,E3,N0,co,1,svr,rmse,5.143971838520895,5.483325743608695,7.772304662867686,2.628332824346791,497,1,171716
E3,E3,N0,co,1,svr,smape,9.30472498102792,11.190495140339564,14.77288842387738,5.468163442849461,497,1,171716
E3,E3,N0,co,1,svr,mase,0.8910410719142365,0.9597181231685687,1.5996190569088398,0.7085779849946032,497,1,171716
E3,E3,N0,co,1,svr,r2,0.5466346952158083,0.6804699422122328,0.7167198741731069,0.1700851789572985,497,1,171716
E3,E3,N0,co,6,lr,mae,5.25385640413954,5.632613604724872,6.462971053046741,1.209114648907201,497,1,169209
E3,E3,N0,co,6,lr,rmse,6.942706061334172,7.432877797806577,9.016845355092812,2.0741392937586403,497,1,169209
E3,E3,N0,co,6,lr,smape,12.594585783875,14.216188333178254,16.792977624247012,4.198391840372011,497,1,169209
E3,E3,N0,co,6,lr,mase,1.1993988952507673,1.31404904716454,1.5033354249260886,0.3039365296753213,497,1,169209
E3,E3,N0,co,6,lr,r2,0.4028127692451572,0.4768306483917904,0.5742534113782591,0.1714406421331019,497,1,169209
E3,E3,N0,co,6,ridge,mae,5.2530732527539685,5.632066106617285,6.462886679372148,1.2098134266181797,497,1,169209
E3,E3,N0,co,6,ridge,rmse,6.942685363774135,7.432141319098213,9.01792805914988,2.0752426953757457,497,1,169209
E3,E3,N0,co,6,ridge,smape,12.59479457090882,14.216071876042149,16.791375034805615,4.196580463896794,497,1,169209
E3,E3,N0,co,6,ridge,mase,1.1994002491386409,1.314065666518392,1.5034053212219327,0.3040050720832918,497,1,169209
E3,E3,N0,co,6,ridge,r2,0.4028567917350697,0.4769897818680951,0.574144634939241,0.1712878432041712,497,1,169209
E3,E3,N0,co,6,rf,mae,5.022802103990286,5.391961772667121,6.445794054461523,1.4229919504712365,497,1,169209
E3,E3,N0,co,6,rf,rmse,6.449268237432064,6.964860575299862,9.266315918116392,2.817047680684328,497,1,169209
E3,E3,N0,co,6,rf,smape,11.813155349856522,13.94147045971712,16.569009349618025,4.755853999761502,497,1,169209
E3,E3,N0,co,6,rf,mase,1.1406695325443998,1.2565308433936426,1.6489197385756298,0.50825020603123,497,1,169209
E3,E3,N0,co,6,rf,r2,0.4675226117494575,0.5321310002155334,0.5857535684738484,0.1182309567243908,497,1,169209
E3,E3,N0,co,6,xgb,mae,5.083816110271684,5.423125989071503,6.30979368917937,1.2259775789076863,497,1,169209
E3,E3,N0,co,6,xgb,rmse,6.488095274542513,6.939125206774992,8.794400769433146,2.3063054948906334,497,1,169209
E3,E3,N0,co,6,xgb,smape,12.146672796084854,14.0494505932835,16.704652808580057,4.557980012495204,497,1,169209
E3,E3,N0,co,6,xgb,mase,1.1452764858439473,1.2604369606796495,1.611160707823176,0.4658842219792287,497,1,169209
E3,E3,N0,co,6,xgb,r2,0.4752144551175896,0.5211982025076418,0.5821669938900979,0.1069525387725082,497,1,169209
E3,E3,N0,co,6,svr,mae,5.045145805705534,5.458260696087881,8.066267146474544,3.0211213407690103,497,1,169209
E3,E3,N0,co,6,svr,rmse,6.61665378567302,7.119202299013405,12.90192997677095,6.285276191097929,497,1,169209
E3,E3,N0,co,6,svr,smape,12.048511510782223,14.569201157833048,19.56611660949917,7.517605098716947,497,1,169209
E3,E3,N0,co,6,svr,mase,1.155708590042704,1.2639146694890586,2.172118363659344,1.016409773616639,497,1,169209
E3,E3,N0,co,6,svr,r2,0.0849369111642383,0.4598494240535412,0.5302385798889139,0.4453016687246756,497,1,169209
E3,E3,N0,co,12,lr,mae,5.976341663519942,6.433364811958262,7.84834703477819,1.872005371258248,497,1,166203
E3,E3,N0,co,12,lr,rmse,7.768307113842314,8.31136181275261,10.700106895826504,2.93179978198419,497,1,166203
E3,E3,N0,co,12,lr,smape,14.370011261267711,16.56371569646899,19.70811379897773,5.338102537710025,497,1,166203
E3,E3,N0,co,12,lr,mase,1.361357857116696,1.490177230409734,1.8988457421390903,0.5374878850223943,497,1,166203
E3,E3,N0,co,12,lr,r2,0.2404581781437883,0.3415819025496168,0.4081450867908122,0.1676869086470238,497,1,166203
E3,E3,N0,co,12,ridge,mae,5.975345571132915,6.432906504810828,7.847794843487946,1.8724492723550303,497,1,166203
E3,E3,N0,co,12,ridge,rmse,7.767954526167435,8.311512652806137,10.701722548982485,2.933768022815049,497,1,166203
E3,E3,N0,co,12,ridge,smape,14.36760290058727,16.56044738649506,19.70884292508776,5.341240024500491,497,1,166203
E3,E3,N0,co,12,ridge,mase,1.3611594740341526,1.4900275143494204,1.8986523177346373,0.5374928437004851,497,1,166203
E3,E3,N0,co,12,ridge,r2,0.2405908421329268,0.3417725482186771,0.408008944161301,0.1674181020283742,497,1,166203
E3,E3,N0,co,12,rf,mae,5.397649919912305,5.840017988976799,7.514997568990185,2.11734764907788,497,1,166203
E3,E3,N0,co,12,rf,rmse,6.976115006715565,7.520543882542684,11.051289781531937,4.075174774816372,497,1,166203
E3,E3,N0,co,12,rf,smape,12.937424060355047,14.991137975208233,17.963683402748746,5.026259342393697,497,1,166203
E3,E3,N0,co,12,rf,mase,1.2241495567125256,1.3575897353384094,1.876825312521673,0.6526757558091474,497,1,166203
E3,E3,N0,co,12,rf,r2,0.3122668757707003,0.4317050519065937,0.4980685729844989,0.1858016972137985,497,1,166203
E3,E3,N0,co,12,xgb,mae,5.493619142128888,5.918265611187303,7.286478342142784,1.792859200013896,497,1,166203
E3,E3,N0,co,12,xgb,rmse,7.160807321023105,7.621715225487807,10.014781980600889,2.8539746595777835,497,1,166203
E3,E3,N0,co,12,xgb,smape,13.232274462706789,15.706345710109662,18.936407450491096,5.704132987784309,497,1,166203
E3,E3,N0,co,12,xgb,mase,1.2457469886370798,1.371062393736895,1.9090760669864728,0.6633290783493928,497,1,166203
E3,E3,N0,co,12,xgb,r2,0.3282957355734462,0.4121663306521848,0.4719214045600491,0.1436256689866029,497,1,166203
E3,E3,N0,co,12,svr,mae,5.639456307019975,6.1068598849529865,8.902102086857548,3.262645779837573,497,1,166203
E3,E3,N0,co,12,svr,rmse,7.316486588042752,7.872314665357138,13.486290186876786,6.169803598834035,497,1,166203
E3,E3,N0,co,12,svr,smape,13.21582917084204,16.011279891651206,21.52579254519324,8.309963374351202,497,1,166203
E3,E3,N0,co,12,svr,mase,1.2884143847939202,1.4151842862982276,2.280626004862756,0.9922116200688356,497,1,166203
E3,E3,N0,co,12,svr,r2,0.0087143257896712,0.3527044085716944,0.4288162389279719,0.4201019131383007,497,1,166203
E3,E3,N1,co,1,lr,mae,5.654817884485468,6.152482585655695,6.484895785705158,0.8300779012196893,497,1,171716
E3,E3,N1,co,1,lr,rmse,7.1686375621430365,7.692673896434531,8.13978751751704,0.9711499553740044,497,1,171716
E3,E3,N1,co,1,lr,smape,12.4191047338278,14.46312272979683,17.155974940620574,4.736870206792775,497,1,171716
E3,E3,N1,co,1,lr,mase,1.3201950447423636,1.392593454633709,1.4571345626387835,0.1369395178964199,497,1,171716
E3,E3,N1,co,1,lr,r2,0.3317587859052708,0.4098249238074337,0.7624986657446023,0.4307398798393315,497,1,171716
E3,E3,N1,co,1,ridge,mae,5.653677617388704,6.155841781810415,6.487972070954959,0.8342944535662555,497,1,171716
E3,E3,N1,co,1,ridge,rmse,7.170960941806366,7.697379796155418,8.141662809794411,0.970701867988045,497,1,171716
E3,E3,N1,co,1,ridge,smape,12.424615131160015,14.479520758903089,17.174926562735045,4.750311431575028,497,1,171716
E3,E3,N1,co,1,ridge,mase,1.3203849899075006,1.393609833333453,1.457818951281577,0.1374339613740762,497,1,171716
E3,E3,N1,co,1,ridge,r2,0.3310017456389645,0.4085400335278066,0.762650357280747,0.4316486116417825,497,1,171716
E3,E3,N1,co,1,rf,mae,3.8397322840420594,4.080450074002098,4.443417285902718,0.6036850018606583,497,1,171716
E3,E3,N1,co,1,rf,rmse,5.043386992699105,5.367777231410788,5.993116538140682,0.9497295454415768,497,1,171716
E3,E3,N1,co,1,rf,smape,8.88373446746922,10.235828080037022,12.019861180913969,3.136126713444748,497,1,171716
E3,E3,N1,co,1,rf,mase,0.8704485881628974,0.9293188568632662,1.01263962700878,0.1421910388458827,497,1,171716
E3,E3,N1,co,1,rf,r2,0.690021569594071,0.7252507538759476,0.8315938518012526,0.1415722822071815,497,1,171716
E3,E3,N1,co,1,xgb,mae,4.361688505906274,5.149140737595892,101.19726918253563,96.83558067662936,497,1,171716
E3,E3,N1,co,1,xgb,rmse,6.080904956826493,10.164569338346018,349.1762865957975,343.095381638971,497,1,171716
E3,E3,N1,co,1,xgb,smape,10.45617106021084,13.368153217969985,27.63011827918503,17.17394721897419,497,1,171716
E3,E3,N1,co,1,xgb,mase,0.994495896690518,1.2029830575011486,88.39032735644713,87.39583145975661,497,1,171716
E3,E3,N1,co,1,xgb,r2,-3580.914730820835,-0.1008885215009782,0.6063831724315337,3581.521113993266,497,1,171716
E3,E3,N1,co,1,svr,mae,4.649191845225146,4.954149241361765,6.376308461345901,1.727116616120755,497,1,171716
E3,E3,N1,co,1,svr,rmse,6.142758349918234,6.60560874599815,9.162615249391378,3.019856899473144,497,1,171716
E3,E3,N1,co,1,svr,smape,11.021933609263446,13.210339319433876,15.77342769914086,4.751494089877415,497,1,171716
E3,E3,N1,co,1,svr,mase,1.0533057803846877,1.1328332972646495,1.602287728964036,0.5489819485793483,497,1,171716
E3,E3,N1,co,1,svr,r2,0.5394424946784935,0.5856043949920362,0.6273338535494828,0.0878913588709893,497,1,171716
E3,E3,N1,co,6,lr,mae,22.03126323005685,23.648929121553486,25.17312461330873,3.141861383251875,497,1,169209
E3,E3,N1,co,6,lr,rmse,24.186920861704536,25.940175744165355,27.60456295835256,3.417642096648024,497,1,169209
E3,E3,N1,co,6,lr,smape,39.43472400575352,44.72276484692188,51.51026676336321,12.075542757609696,497,1,169209
E3,E3,N1,co,6,lr,mase,5.116223420013238,5.378568839445832,5.61056433476836,0.4943409147551216,497,1,169209
E3,E3,N1,co,6,lr,r2,-6.5448033186477765,-5.519595254172733,-1.807412646677476,4.737390671970301,497,1,169209
E3,E3,N1,co,6,ridge,mae,22.051506810624083,23.650648635824407,25.178776243303645,3.1272694326795616,497,1,169209
E3,E3,N1,co,6,ridge,rmse,24.20339977374409,25.94885178141037,27.61397252168433,3.4105727479402432,497,1,169209
E3,E3,N1,co,6,ridge,smape,39.44640934984006,44.73875994614002,51.52049832614347,12.074088976303408,497,1,169209
E3,E3,N1,co,6,ridge,mase,5.120436068096232,5.378977778343296,5.613322925176822,0.49288685708059,497,1,169209
E3,E3,N1,co,6,ridge,r2,-6.551201292539423,-5.513969788214703,-1.8076101081660167,4.743591184373406,497,1,169209
E3,E3,N1,co,6,rf,mae,5.001363018905697,5.452217234646681,7.420363575205807,2.4190005563001096,497,1,169209
E3,E3,N1,co,6,rf,rmse,6.359182297768123,6.990747892457915,11.080949087659542,4.72176678989142,497,1,169209
E3,E3,N1,co,6,rf,smape,12.090539497408466,14.658430595452655,18.187728964619552,6.097189467211086,497,1,169209
E3,E3,N1,co,6,rf,mase,1.139526760747239,1.2467664228247528,1.8131648774033624,0.6736381166561234,497,1,169209
E3,E3,N1,co,6,rf,r2,0.4020607933959274,0.4991370120850517,0.5640515386124769,0.1619907452165495,497,1,169209
E3,E3,N1,co,6,xgb,mae,5.79459285991642,7.129757086661873,72.60801955373154,66.81342669381512,497,1,169209
E3,E3,N1,co,6,xgb,rmse,8.32602947975416,16.646107985575895,312.14421139300487,303.8181819132507,497,1,169209
E3,E3,N1,co,6,xgb,smape,13.387816428721983,17.147537558534403,27.90056972086679,14.512753292144808,497,1,169209
E3,E3,N1,co,6,xgb,mase,1.3189550916459878,1.6637161975304078,41.470202900482334,40.151247808836345,497,1,169209
E3,E3,N1,co,6,xgb,r2,-1517.875396389984,-1.9589241040330485,0.2115515385308465,1518.0869479285147,497,1,169209
E3,E3,N1,co,6,svr,mae,6.233664196873492,6.924834388534047,10.876995365872382,4.64333116899889,497,1,169209
E3,E3,N1,co,6,svr,rmse,8.139350877141927,9.039981579135793,17.10622330551111,8.966872428369184,497,1,169209
E3,E3,N1,co,6,svr,smape,15.68739105897775,19.406904009372244,24.538934066111093,8.851543007133342,497,1,169209
E3,E3,N1,co,6,svr,mase,1.4203858796401927,1.6013326039148104,2.66606006136548,1.245674181725287,497,1,169209
E3,E3,N1,co,6,svr,r2,-0.3499174048688529,0.12818162571918,0.2882627072099056,0.6381801120787586,497,1,169209
E3,E3,N1,co,12,lr,mae,39.79635727894666,42.83423337691179,45.426667137476194,5.630309858529536,497,1,166203
E3,E3,N1,co,12,lr,rmse,43.01618753866849,46.0715938982107,48.85836964840244,5.842182109733948,497,1,166203
E3,E3,N1,co,12,lr,smape,60.34711145262322,66.95290602669401,75.4455753142356,15.098463861612371,497,1,166203
E3,E3,N1,co,12,lr,mase,9.30565070385614,9.700474759240354,10.166621398106134,0.8609706942499926,497,1,166203
E3,E3,N1,co,12,lr,r2,-22.778656674880253,-19.47976252187464,-7.506637710484751,15.2720189643955,497,1,166203
E3,E3,N1,co,12,ridge,mae,39.81447310700888,42.83660219820506,45.44082825669017,5.626355149681288,497,1,166203
E3,E3,N1,co,12,ridge,rmse,43.02394458792459,46.06742358060179,48.860284440448496,5.836339852523906,497,1,166203
E3,E3,N1,co,12,ridge,smape,60.35945315646588,66.97770321631802,75.47319360247452,15.113740446008642,497,1,166203
E3,E3,N1,co,12,ridge,mase,9.307485975662653,9.706172072864502,10.168753731453526,0.861267755790875,497,1,166203
E3,E3,N1,co,12,ridge,r2,-22.795021939746366,-19.48671296438392,-7.508961757126306,15.28606018262006,497,1,166203
E3,E3,N1,co,12,rf,mae,5.700719181678503,6.277858189032581,8.322530648329648,2.6218114666511454,497,1,166203
E3,E3,N1,co,12,rf,rmse,7.306747046724668,8.006441086816409,12.177358257837406,4.870611211112738,497,1,166203
E3,E3,N1,co,12,rf,smape,13.825451392645396,16.562299436893,20.42232043580979,6.596869043164396,497,1,166203
E3,E3,N1,co,12,rf,mase,1.3054496062558845,1.42884943803444,2.112812473796685,0.8073628675408004,497,1,166203
E3,E3,N1,co,12,rf,r2,0.1871579404496254,0.3327195794277691,0.4282055436348611,0.2410476031852356,497,1,166203
E3,E3,N1,co,12,xgb,mae,6.331037966896967,9.96674933127631,133.64092013445762,127.30988216756064,497,1,166203
E3,E3,N1,co,12,xgb,rmse,8.95325294941493,30.324441235616003,817.8270061976411,808.8737532482262,497,1,166203
E3,E3,N1,co,12,xgb,smape,14.920176633016473,20.019382707450166,29.51670070409865,14.596524071082175,497,1,166203
E3,E3,N1,co,12,xgb,mase,1.4401043608397943,2.8642469412319915,75.03731093045194,73.59720656961214,497,1,166203
E3,E3,N1,co,12,xgb,r2,-4640.134884362549,-18.881806034308376,0.1279583527663449,4640.262842715316,497,1,166203
E3,E3,N1,co,12,svr,mae,5.559720545667058,5.995784643831897,8.798171266923006,3.238450721255949,497,1,166203
E3,E3,N1,co,12,svr,rmse,7.218403106678424,7.842096876313928,13.431082656543078,6.212679549864654,497,1,166203
E3,E3,N1,co,12,svr,smape,13.240701535911292,16.02739326966662,20.196682027863933,6.955980491952641,497,1,166203
E3,E3,N1,co,12,svr,mase,1.2651128361774568,1.376917885673127,2.234102612094805,0.9689897759173488,497,1,166203
E3,E3,N1,co,12,svr,r2,0.1923314530795176,0.3597014619263931,0.4392907763147922,0.2469593232352745,497,1,166203
E3,E3,N2,co,1,lr,mae,3.798303042223216,4.037622653905443,4.245133966674585,0.446830924451369,497,1,171711
E3,E3,N2,co,1,lr,rmse,5.043160790731578,5.345188486139139,5.684562465486285,0.6414016747547064,497,1,171711
E3,E3,N2,co,1,lr,smape,8.827008685682856,10.225540605409469,11.953670478444092,3.126661792761237,497,1,171711
E3,E3,N2,co,1,lr,mase,0.8723313469679626,0.9162954708578774,0.9621200881958896,0.0897887412279269,497,1,171711
E3,E3,N2,co,1,lr,r2,0.6851970205921505,0.7211742545404096,0.8595859478658018,0.1743889272736513,497,1,171711
E3,E3,N2,co,1,ridge,mae,3.798283226507832,4.037639324185054,4.245066137062554,0.4467829105547221,497,1,171711
E3,E3,N2,co,1,ridge,rmse,5.043130688655784,5.345262552544402,5.684467039684732,0.641336351028948,497,1,171711
E3,E3,N2,co,1,ridge,smape,8.826799608182116,10.225805690882792,11.953219637431252,3.1264200292491378,497,1,171711
E3,E3,N2,co,1,ridge,mase,0.8723450843143838,0.9162980487390596,0.962102406244114,0.0897573219297303,497,1,171711
E3,E3,N2,co,1,ridge,r2,0.6851954711379187,0.7211541820301881,0.859590972824746,0.1743955016868272,497,1,171711
E3,E3,N2,co,1,rf,mae,3.7587324106109534,3.9835824756469145,4.188099190455806,0.4293667798448513,497,1,171711
E3,E3,N2,co,1,rf,rmse,5.0302634391676175,5.312854621828236,5.6620011565911135,0.6317377174234959,497,1,171711
E3,E3,N2,co,1,rf,smape,8.53873101336294,9.922682725759254,11.546370174911882,3.0076391615489424,497,1,171711
E3,E3,N2,co,1,rf,mase,0.8575401468776352,0.9019010425539656,0.9550369096492136,0.0974967627715783,497,1,171711
E3,E3,N2,co,1,rf,r2,0.6901486411998224,0.7247893013711055,0.8649579436646173,0.1748093024647948,497,1,171711
E3,E3,N2,co,1,xgb,mae,3.77689004790168,4.002665643758171,4.2157836359567415,0.4388935880550617,497,1,171711
E3,E3,N2,co,1,xgb,rmse,5.030130181502803,5.317501755931974,5.683128945046745,0.652998763543942,497,1,171711
E3,E3,N2,co,1,xgb,smape,8.678960680145394,9.943482989081565,11.61623824081513,2.9372775606697363,497,1,171711
E3,E3,N2,co,1,xgb,mase,0.8666191738942288,0.9078418672914728,0.9649481536314202,0.0983289797371913,497,1,171711
E3,E3,N2,co,1,xgb,r2,0.6911223359522247,0.7259652534952329,0.8556136871181195,0.1644913511658947,497,1,171711
E3,E3,N2,co,1,svr,mae,3.864980031030205,4.110547160176192,4.322698258348682,0.4577182273184768,497,1,171711
E3,E3,N2,co,1,svr,rmse,5.159345867792633,5.464942350645325,5.814602359616046,0.6552564918234127,497,1,171711
E3,E3,N2,co,1,svr,smape,8.919068267605693,10.338861408225153,12.119015046303224,3.19994677869753,497,1,171711
E3,E3,N2,co,1,svr,mase,0.8851919676378615,0.9324105181704172,0.9829690995597808,0.0977771319219193,497,1,171711
E3,E3,N2,co,1,svr,r2,0.6707529002991968,0.7081280675140751,0.8647482262108115,0.1939953259116147,497,1,171711
E3,E3,N2,co,6,lr,mae,6.091407608057683,6.49066536524769,6.873505209335764,0.7820976012780809,497,1,169203
E3,E3,N2,co,6,lr,rmse,8.166472280212282,8.743942960281142,9.55962538122147,1.3931531010091884,497,1,169203
E3,E3,N2,co,6,lr,smape,13.9102812278678,15.933113297849705,18.300584223973367,4.390302996105568,497,1,169203
E3,E3,N2,co,6,lr,mase,1.3885569659981347,1.4874688468610693,1.5809922299223411,0.1924352639242064,497,1,169203
E3,E3,N2,co,6,lr,r2,0.1899755640534256,0.2853909315827251,0.5903524892598708,0.4003769252064452,497,1,169203
E3,E3,N2,co,6,ridge,mae,6.0913864033966,6.490557138110431,6.873600899131967,0.7822144957353672,497,1,169203
E3,E3,N2,co,6,ridge,rmse,8.166496554318819,8.744099262750069,9.559699955028586,1.3932034007097671,497,1,169203
E3,E3,N2,co,6,ridge,smape,13.910198145953286,15.933078900863176,18.300423225687663,4.39022507973438,497,1,169203
E3,E3,N2,co,6,ridge,mase,1.3885758024205457,1.4874649620321347,1.5809839692235916,0.1924081668030461,497,1,169203
E3,E3,N2,co,6,ridge,r2,0.19000157007521,0.2853843988938611,0.5903544549685809,0.4003528848933708,497,1,169203
E3,E3,N2,co,6,rf,mae,6.059921518573462,6.481830447190172,6.870579688497646,0.8106581699241842,497,1,169203
E3,E3,N2,co,6,rf,rmse,8.098447059799533,8.665492040782903,9.480840440824158,1.3823933810246256,497,1,169203
E3,E3,N2,co,6,rf,smape,13.886941902673144,15.87953691078578,18.299784039471646,4.412842136798503,497,1,169203
E3,E3,N2,co,6,rf,mase,1.3816555224025495,1.483065536932641,1.577231886383643,0.1955763639810934,497,1,169203
E3,E3,N2,co,6,rf,r2,0.2011305131125468,0.2962853360325655,0.5964630136254649,0.3953325005129181,497,1,169203
E3,E3,N2,co,6,xgb,mae,6.087558772331989,6.504651372435368,6.902939048659971,0.815380276327982,497,1,169203
E3,E3,N2,co,6,xgb,rmse,8.138258204574353,8.695872182565726,9.542863501989014,1.404605297414662,497,1,169203
E3,E3,N2,co,6,xgb,smape,13.885337431686,15.891492449157775,18.40555847346577,4.520221041779772,497,1,169203
E3,E3,N2,co,6,xgb,mase,1.3858842920945842,1.4903251926924193,1.581274283593586,0.1953899914990018,497,1,169203
E3,E3,N2,co,6,xgb,r2,0.195022767320925,0.2874037532132931,0.594190011261384,0.399167243940459,497,1,169203
E3,E3,N2,co,6,svr,mae,6.065260643283815,6.497461883558404,6.865843952550549,0.8005833092667336,497,1,169203
E3,E3,N2,co,6,svr,rmse,8.173776296232736,8.719712596407184,9.563046005141912,1.3892697089091754,497,1,169203
E3,E3,N2,co,6,svr,smape,13.84709632947632,15.89681328064244,18.282837027467515,4.435740697991196,497,1,169203
E3,E3,N2,co,6,svr,mase,1.3788461344510334,1.4841480753491088,1.5759435717657049,0.1970974373146712,497,1,169203
E3,E3,N2,co,6,svr,r2,0.188139472286676,0.2843266335993681,0.5927681198393637,0.4046286475526877,497,1,169203
E3,E3,N2,co,12,lr,mae,6.578969784112421,7.102089288525334,7.692679280779731,1.11370949666731,497,1,166197
E3,E3,N2,co,12,lr,rmse,8.844600453673673,9.484426221060446,11.027608570382029,2.183008116708356,497,1,166197
E3,E3,N2,co,12,lr,smape,15.183359988148748,17.206770246687984,20.230504909622603,5.047144921473855,497,1,166197
E3,E3,N2,co,12,lr,mase,1.5185847237283578,1.6360106043943214,1.7824174910579205,0.2638327673295626,497,1,166197
E3,E3,N2,co,12,lr,r2,0.04654701610100309,0.15751339761075733,0.37736478280231955,0.33081776670131646,497,1,166197
E3,E3,N2,co,12,ridge,mae,6.578880650725209,7.102068406427337,7.69260765796177,1.1137270072365615,497,1,166197
E3,E3,N2,co,12,ridge,rmse,8.844485780271782,9.484389388246713,11.02749700704372,2.1830112267719386,497,1,166197
E3,E3,N2,co,12,ridge,smape,15.18325006060573,17.206770476512542,20.230342014991216,5.047091954385486,497,1,166197
E3,E3,N2,co,12,ridge,mase,1.5185732095840387,1.6359899370346873,1.7823863130761468,0.26381310349210807,497,1,166197
E3,E3,N2,co,12,ridge,r2,0.046564055037152,0.15752197683816616,0.37736632289851213,0.33080226786136013,497,1,166197
E3,E3,N2,co,12,rf,mae,6.531608627492958,7.062299624167042,7.649603368734854,1.1179947412418958,497,1,166197
E3,E3,N2,co,12,rf,rmse,8.762388358331474,9.421530287693102,10.917690954281767,2.1553025959502925,497,1,166197
E3,E3,N2,co,12,rf,smape,15.066560862844014,17.057663332631908,20.156338610111252,5.089777747267238,497,1,166197
E3,E3,N2,co,12,rf,mase,1.4988041943109278,1.6199292358454562,1.7626481127502225,0.26384391843929467,497,1,166197
E3,E3,N2,co,12,rf,r2,0.06327525693735703,0.17636611022648319,0.39307756245925174,0.3298023055218947,497,1,166197
E3,E3,N2,co,12,xgb,mae,6.562041155633445,7.070825695779072,7.667246498745953,1.1052053431125088,497,1,166197
E3,E3,N2,co,12,xgb,rmse,8.801403267599552,9.450427931349749,10.936925248628912,2.1355219810293598,497,1,166197
E3,E3,N2,co,12,xgb,smape,15.124594596948398,17.12327227181765,20.235749071483824,5.111154474535425,497,1,166197
E3,E3,N2,co,12,xgb,mase,1.512304037710132,1.6295440278141382,1.7739351136054196,0.26163107589528756,497,1,166197
E3,E3,N2,co,12,xgb,r2,0.05345978836542453,0.16328620084597345,0.37892048926957556,0.325460700904151,497,1,166197
E3,E3,N2,co,12,svr,mae,6.629163562265236,7.133697640887806,7.751363997124855,1.1222004348596188,497,1,166197
E3,E3,N2,co,12,svr,rmse,8.89555201777512,9.541556364495493,11.066502321375294,2.170950303600174,497,1,166197
E3,E3,N2,co,12,svr,smape,15.290398220223056,17.349190238865678,20.353616896393838,5.0632186761707825,497,1,166197
E3,E3,N2,co,12,svr,mase,1.523769713952146,1.6365118679141843,1.7814165732490637,0.25764685929691766,497,1,166197
E3,E3,N2,co,12,svr,r2,0.03479602353293909,0.15017341295935782,0.3759902668536631,0.341194243320724,497,1,166197
