nguon,dich,h,model,so_sanh,n_chuoi,mae_p50_N0,mae_p50_Nk,hieu_p50,n_tot_hon_N0,p,p_holm,co_y_nghia,ket_luan
E1,E2,1,lr,N1_vs_N0,302,0.5159256357401791,0.4059527688150857,-0.04032465911406595,203,0.6998632817117734,1.0,False,không khác
E1,E2,1,lr,N2_vs_N0,302,0.5159256357401791,0.492387045164406,0.0030377517891509546,129,0.0645279172597553,0.2860871961846767,False,không khác
E1,E2,1,rf,N1_vs_N0,302,0.42363043297761094,0.35858502188924246,-0.010921195899926253,182,0.4626637173139899,1.0,False,không khác
E1,E2,1,rf,N2_vs_N0,302,0.42363043297761094,0.44761767876250713,0.02638811896500496,87,1.5684596388329963e-13,1.4116136749496967e-12,True,tệ hơn N0
E1,E2,1,ridge,N1_vs_N0,302,0.516034575225095,0.40597185789478896,-0.04015886941641911,203,0.6998632817117734,1.0,False,không khác
E1,E2,1,ridge,N2_vs_N0,302,0.516034575225095,0.49238907422921,0.003058041055846644,129,0.056591108594897015,0.2860871961846767,False,không khác
E1,E2,1,svr,N1_vs_N0,302,0.376087604487788,0.3756361449869877,0.014415173333053144,110,9.099103089199544e-15,9.099103089199543e-14,True,tệ hơn N0
E1,E2,1,svr,N2_vs_N0,302,0.376087604487788,0.37305134414077123,0.0022776697461611498,138,0.037560381910406455,0.2629226733728452,False,không khác
E1,E2,1,xgb,N1_vs_N0,302,0.4463919726033004,0.4038013511092176,-0.00911297313383394,169,0.04768119936411278,0.2860871961846767,False,không khác
E1,E2,1,xgb,N2_vs_N0,302,0.4463919726033004,0.4318194010857622,0.01513637625531615,104,0.00021616605191079912,0.001729328415286393,True,tệ hơn N0
E1,E2,6,lr,N1_vs_N0,302,0.7085551811807178,0.4867739160185708,-0.24265507364468739,242,3.3125880159045415e-12,2.6500704127236332e-11,True,tốt hơn N0
E1,E2,6,lr,N2_vs_N0,302,0.7085551811807178,0.5145592718089294,-0.2392054256190299,271,6.779904949935278e-34,6.779904949935278e-33,True,tốt hơn N0
E1,E2,6,rf,N1_vs_N0,302,0.5979106114437589,0.41604215049153737,-0.05929335487608096,231,1.505838743154906e-10,9.035032458929437e-10,True,tốt hơn N0
E1,E2,6,rf,N2_vs_N0,302,0.5979106114437589,0.4966727324945257,-0.0130445978975747,168,0.0002428305389218869,0.0004856610778437738,True,tốt hơn N0
E1,E2,6,ridge,N1_vs_N0,302,0.7085551807906604,0.4867738963072904,-0.24265509888442055,242,3.3125880159045415e-12,2.6500704127236332e-11,True,tốt hơn N0
E1,E2,6,ridge,N2_vs_N0,302,0.7085551807906604,0.5145592692998338,-0.23920545167546997,271,6.779904949935278e-34,6.779904949935278e-33,True,tốt hơn N0
E1,E2,6,svr,N1_vs_N0,302,0.39608277555377386,0.411734988651783,0.006931803089241323,138,0.00012030529877499614,0.0003609158963249884,True,tệ hơn N0
E1,E2,6,svr,N2_vs_N0,302,0.39608277555377386,0.5128764440610012,0.0464266367183447,81,4.131369356273688e-06,1.6525477425094754e-05,True,tệ hơn N0
E1,E2,6,xgb,N1_vs_N0,302,0.6137498219741354,0.4493282143664355,-0.055078433456180256,232,1.3121832690443273e-08,6.560916345221636e-08,True,tốt hơn N0
E1,E2,6,xgb,N2_vs_N0,302,0.6137498219741354,0.5338720093558609,0.002204609957859399,144,0.5444644225298887,0.5444644225298887,False,không khác
E1,E2,12,lr,N1_vs_N0,302,0.9477934036916034,0.4922685765465425,-0.45435942044660427,256,2.045432680315121e-16,1.6363461442520967e-15,True,tốt hơn N0
E1,E2,12,lr,N2_vs_N0,302,0.9477934036916034,0.48739174331356344,-0.4741020394354074,279,3.4800900857564947e-37,3.4800900857564946e-36,True,tốt hơn N0
E1,E2,12,rf,N1_vs_N0,302,0.679749856666776,0.44377840701945226,-0.082699535756645,233,1.7508955526209336e-10,7.793555471466843e-10,True,tốt hơn N0
E1,E2,12,rf,N2_vs_N0,302,0.679749856666776,0.4924707363576515,-0.03982370565524219,214,2.2335601680610238e-11,1.3401361008366142e-10,True,tốt hơn N0
E1,E2,12,ridge,N1_vs_N0,302,0.9477933793608636,0.49226857781850164,-0.4543594234053529,256,2.045432680315121e-16,1.6363461442520967e-15,True,tốt hơn N0
E1,E2,12,ridge,N2_vs_N0,302,0.9477933793608636,0.4873917391149637,-0.4741020617795817,279,3.4800900857564947e-37,3.4800900857564946e-36,True,tốt hơn N0
E1,E2,12,svr,N1_vs_N0,302,0.40230348618633927,0.3925261993682213,-0.00751413985743031,172,0.7622373336196754,0.7622373336196754,False,không khác
E1,E2,12,svr,N2_vs_N0,302,0.40230348618633927,0.5006963427340647,0.026991173530782002,121,0.01049888055848347,0.02099776111696694,True,tệ hơn N0
E1,E2,12,xgb,N1_vs_N0,302,0.6762410056328385,0.47275637171147944,-0.09480554834789515,234,1.5587110942933687e-10,7.793555471466843e-10,True,tốt hơn N0
E1,E2,12,xgb,N2_vs_N0,302,0.6762410056328385,0.5296250573773396,-0.026202380702411404,194,9.048713262870872e-06,2.7146139788612618e-05,True,tốt hơn N0
E1,E3,1,lr,N1_vs_N0,497,4.3385376782510185,4.137102546833611,-0.21088578775872158,408,8.121317868209456e-45,5.684922507746619e-44,True,tốt hơn N0
E1,E3,1,lr,N2_vs_N0,497,4.3385376782510185,4.365363305106622,0.026578195839966234,192,0.0075663450970740315,0.02546676866214816,True,tệ hơn N0
E1,E3,1,rf,N1_vs_N0,497,4.289811124911862,4.314056172841696,-0.0049688897334112525,258,0.9490974348260129,0.9490974348260129,False,không khác
E1,E3,1,rf,N2_vs_N0,497,4.289811124911862,4.256156772247362,-0.04637472081051097,295,5.426752299657479e-10,2.7133761498287393e-09,True,tốt hơn N0
E1,E3,1,ridge,N1_vs_N0,497,4.338376167336825,4.1371837157994245,-0.2105455547557682,408,9.268824938538121e-45,5.684922507746619e-44,True,tốt hơn N0
E1,E3,1,ridge,N2_vs_N0,497,4.338376167336825,4.365379995441363,0.02690074169524337,191,0.00636669216553704,0.02546676866214816,True,tệ hơn N0
E1,E3,1,svr,N1_vs_N0,497,4.286973538539383,4.496090297297692,0.15787777546441895,58,1.532120203546154e-71,1.3789081831915386e-70,True,tệ hơn N0
E1,E3,1,svr,N2_vs_N0,497,4.286973538539383,4.065499355756902,-0.18658402157662834,463,5.448357874229503e-78,5.448357874229503e-77,True,tốt hơn N0
E1,E3,1,xgb,N1_vs_N0,497,4.29929153477883,4.295420270701856,-0.02483573234708203,284,0.009835786899942736,0.02546676866214816,True,tốt hơn N0
E1,E3,1,xgb,N2_vs_N0,497,4.29929153477883,4.1364480524930425,-0.13609298016481164,430,1.2487521155190645e-62,9.990016924152516e-62,True,tốt hơn N0
E1,E3,6,lr,N1_vs_N0,497,5.673032023313892,5.585484492694989,-0.06691034941947116,326,4.913930090179203e-07,1.965572036071681e-06,True,tốt hơn N0
E1,E3,6,lr,N2_vs_N0,497,5.673032023313892,6.663988357613296,0.9409094764949959,87,1.3338107943095068e-65,1.2004297148785561e-64,True,tệ hơn N0
E1,E3,6,rf,N1_vs_N0,497,5.84066236660137,5.771177155966754,-0.02878604081479441,263,0.3192494484416357,0.3192494484416357,False,không khác
E1,E3,6,rf,N2_vs_N0,497,5.84066236660137,6.549376379841115,0.7304070719190401,141,2.9252510968141946e-28,1.4626255484070974e-27,True,tệ hơn N0
E1,E3,6,ridge,N1_vs_N0,497,5.673031999995898,5.585484595824816,-0.06691039625469308,326,4.913930090179203e-07,1.965572036071681e-06,True,tốt hơn N0
E1,E3,6,ridge,N2_vs_N0,497,5.673031999995898,6.663988362815345,0.9409094335313579,87,1.3338107943095068e-65,1.2004297148785561e-64,True,tệ hơn N0
E1,E3,6,svr,N1_vs_N0,497,5.770477708235156,5.926358881743238,0.11925864264048336,111,6.400505622394864e-45,3.8403033734369186e-44,True,tệ hơn N0
E1,E3,6,svr,N2_vs_N0,497,5.770477708235156,6.669820080813231,0.8160660015457095,23,3.9688660245645593e-81,3.9688660245645594e-80,True,tệ hơn N0
E1,E3,6,xgb,N1_vs_N0,497,5.875232196141099,5.7927024527381,-0.02143990447979416,264,0.03300566664194535,0.0660113332838907,False,không khác
E1,E3,6,xgb,N2_vs_N0,497,5.875232196141099,6.620004634438179,0.7294927867154124,133,9.346012031248517e-46,6.542208421873962e-45,True,tệ hơn N0
E1,E3,12,lr,N1_vs_N0,497,6.520227246861018,6.261164423265015,-0.24644810220902258,389,5.197120276935993e-21,4.1576962215487944e-20,True,tốt hơn N0
E1,E3,12,lr,N2_vs_N0,497,6.520227246861018,7.08207121492002,0.4735132858119684,155,4.284073252402808e-09,2.1420366262014042e-08,True,tệ hơn N0
E1,E3,12,rf,N1_vs_N0,497,6.653869201979249,6.412180528699334,-0.15160798840881817,346,3.8543199687015215e-11,2.312591981220913e-10,True,tốt hơn N0
E1,E3,12,rf,N2_vs_N0,497,6.653869201979249,7.150662063967734,0.4064565299665732,175,0.022869010269196664,0.04573802053839333,True,tệ hơn N0
E1,E3,12,ridge,N1_vs_N0,497,6.520227207269221,6.261164407934318,-0.2464479819458667,389,5.197120276935993e-21,4.1576962215487944e-20,True,tốt hơn N0
E1,E3,12,ridge,N2_vs_N0,497,6.520227207269221,7.082071213380898,0.4735134973155155,155,4.284073252402808e-09,2.1420366262014042e-08,True,tệ hơn N0
E1,E3,12,svr,N1_vs_N0,497,6.393311355260217,6.604377288486828,0.20606801128944863,100,2.4490845842511197e-51,2.204176125826008e-50,True,tệ hơn N0
E1,E3,12,svr,N2_vs_N0,497,6.393311355260217,7.0998843513592265,0.5732087122717688,34,5.478318366683165e-76,5.478318366683165e-75,True,tệ hơn N0
E1,E3,12,xgb,N1_vs_N0,497,6.735214927283975,6.581828945704552,-0.050134475268995615,275,0.8461616743040183,0.8461616743040183,False,không khác
E1,E3,12,xgb,N2_vs_N0,497,6.735214927283975,7.215735365943681,0.3684990614790289,185,0.0005716521099987272,0.0017149563299961815,True,tệ hơn N0
E2,E1,1,lr,N1_vs_N0,735,0.5132750513329827,0.420156039561301,-0.06998714959515462,444,3.451452834973841e-05,0.00013805811339895365,True,tốt hơn N0
E2,E1,1,lr,N2_vs_N0,735,0.5132750513329827,0.480983834429625,-0.04494791112336527,632,1.490056174546357e-84,1.490056174546357e-83,True,tốt hơn N0
E2,E1,1,rf,N1_vs_N0,735,0.4311882180106519,0.3763492290639106,-0.011087349528833897,432,0.00026478060669129236,0.0005295612133825847,True,tốt hơn N0
E2,E1,1,rf,N2_vs_N0,735,0.4311882180106519,0.4335013265059396,0.009692748525783806,339,6.044389585048817e-07,3.0221947925244085e-06,True,tệ hơn N0
E2,E1,1,ridge,N1_vs_N0,735,0.5132750656642855,0.4201560409347417,-0.069987127456062,444,3.451452834973841e-05,0.00013805811339895365,True,tốt hơn N0
E2,E1,1,ridge,N2_vs_N0,735,0.5132750656642855,0.4809838442675972,-0.044947982253960905,632,1.490056174546357e-84,1.490056174546357e-83,True,tốt hơn N0
E2,E1,1,svr,N1_vs_N0,735,0.3423759592620925,0.3934682820832578,0.028333465608872593,262,1.4826268357343828e-40,1.1861014685875063e-39,True,tệ hơn N0
E2,E1,1,svr,N2_vs_N0,735,0.3423759592620925,0.365653689762432,-0.010093807601981704,485,9.507683754454512e-29,6.655378628118159e-28,True,tốt hơn N0
E2,E1,1,xgb,N1_vs_N0,735,0.4401227638670934,0.3750094846233437,-0.016554369858231104,442,0.0043119981377177895,0.0043119981377177895,True,tốt hơn N0
E2,E1,1,xgb,N2_vs_N0,735,0.4401227638670934,0.4336973103162562,-0.008123998685191508,420,2.5003326792898455e-17,1.5001996075739073e-16,True,tốt hơn N0
E2,E1,6,lr,N1_vs_N0,735,0.9336867706178128,0.4668983398245321,-0.4381281714460522,507,0.002504115713604087,0.012520578568020435,True,tốt hơn N0
E2,E1,6,lr,N2_vs_N0,735,0.9336867706178128,0.5141921468649447,-0.49969346859102476,678,3.267199899574152e-95,3.267199899574152e-94,True,tốt hơn N0
E2,E1,6,rf,N1_vs_N0,735,0.6541719939687717,0.4499445822644948,-0.0381160383623206,498,0.021142711651360897,0.0634281349540827,False,không khác
E2,E1,6,rf,N2_vs_N0,735,0.6541719939687717,0.5074696271699523,-0.0037401445236494024,381,4.2364617701232265e-10,2.9655232390862585e-09,True,tốt hơn N0
E2,E1,6,ridge,N1_vs_N0,735,0.9336867512177152,0.4668983359709524,-0.4381281637082324,507,0.002504115713604087,0.012520578568020435,True,tốt hơn N0
E2,E1,6,ridge,N2_vs_N0,735,0.9336867512177152,0.5141920971412699,-0.499693503986946,678,3.267199899574152e-95,3.267199899574152e-94,True,tốt hơn N0
E2,E1,6,svr,N1_vs_N0,735,0.3788572630556052,0.4375351091720484,0.011166582029682001,316,5.693986530442093e-18,4.5551892243536747e-17,True,tệ hơn N0
E2,E1,6,svr,N2_vs_N0,735,0.3788572630556052,0.5466081497755012,0.022580683842820595,255,0.058177633678871125,0.11635526735774225,False,không khác
E2,E1,6,xgb,N1_vs_N0,735,0.6449601151838451,0.4694971253756875,-0.038057333324278894,480,0.9124640490670493,0.9124640490670493,False,không khác
E2,E1,6,xgb,N2_vs_N0,735,0.6449601151838451,0.578444617624426,-0.006001326641597304,396,1.004883263529607e-07,6.029299581177643e-07,True,tốt hơn N0
E2,E1,12,lr,N1_vs_N0,735,1.2949032038385662,0.4950393956319753,-0.7699882630072249,531,1.5054756251608615e-09,7.527378125804308e-09,True,tốt hơn N0
E2,E1,12,lr,N2_vs_N0,735,1.2949032038385662,0.5074704794751841,-0.9142180341191334,668,3.0193310037283687e-90,3.0193310037283688e-89,True,tốt hơn N0
E2,E1,12,rf,N1_vs_N0,735,0.6784341346601709,0.4821657120734747,-0.0742011968806652,542,1.2997688525982737e-13,7.798613115589642e-13,True,tốt hơn N0
E2,E1,12,rf,N2_vs_N0,735,0.6784341346601709,0.4807761511295752,-0.06877030543024489,580,2.4732960035367723e-44,1.978636802829418e-43,True,tốt hơn N0
E2,E1,12,ridge,N1_vs_N0,735,1.2949032379947287,0.4950394038136345,-0.7699882931327104,531,1.5054756251608615e-09,7.527378125804308e-09,True,tốt hơn N0
E2,E1,12,ridge,N2_vs_N0,735,1.2949032379947287,0.5074704752343144,-0.91421808757624,668,3.0193310037283687e-90,3.0193310037283688e-89,True,tốt hơn N0
E2,E1,12,svr,N1_vs_N0,735,0.402192642779224,0.4237623561118863,-0.0117687085947758,432,0.07489181779042456,0.14978363558084912,False,không khác
E2,E1,12,svr,N2_vs_N0,735,0.402192642779224,0.5075600657350008,0.005167999034751694,347,0.9835118162780172,0.9835118162780172,False,không khác
E2,E1,12,xgb,N1_vs_N0,735,0.6719645905969155,0.5025361855105711,-0.07339981624084235,535,6.105497112807154e-09,1.8316491338421464e-08,True,tốt hơn N0
E2,E1,12,xgb,N2_vs_N0,735,0.6719645905969155,0.5246107134546399,-0.03872628289785869,498,1.070367876423765e-17,7.492575134966355e-17,True,tốt hơn N0
E2,E3,1,lr,N1_vs_N0,497,4.368926280303651,4.313039851385895,-0.06259469608974566,301,0.06488349169942233,0.2595339667976893,False,không khác
E2,E3,1,lr,N2_vs_N0,497,4.368926280303651,4.387144064802588,0.03646328436682822,164,0.1383239657260589,0.2766479314521178,False,không khác
E2,E3,1,rf,N1_vs_N0,497,4.388037373587233,4.3594425166809225,-0.0321142292516674,292,0.0007262453334040993,0.0036312266670204965,True,tốt hơn N0
E2,E3,1,rf,N2_vs_N0,497,4.388037373587233,4.219495606743277,-0.14499814933564714,415,2.1536740542515697e-56,1.7229392434012558e-55,True,tốt hơn N0
E2,E3,1,ridge,N1_vs_N0,497,4.368926299529394,4.3130398285169,-0.06259476568823796,301,0.06488349169942233,0.2595339667976893,False,không khác
E2,E3,1,ridge,N2_vs_N0,497,4.368926299529394,4.387144055213674,0.03646331556129834,164,0.1383239657260589,0.2766479314521178,False,không khác
E2,E3,1,svr,N1_vs_N0,497,4.442341484677047,4.474575172258153,0.017107884755330538,225,7.167923704752558e-06,4.3007542228515346e-05,True,tệ hơn N0
E2,E3,1,svr,N2_vs_N0,497,4.442341484677047,4.131227335745896,-0.30366647803006064,483,1.464215566742974e-80,1.464215566742974e-79,True,tốt hơn N0
E2,E3,1,xgb,N1_vs_N0,497,4.522794827671041,4.359151688104549,-0.12861806615708282,371,6.228259970150047e-26,4.359781979105033e-25,True,tốt hơn N0
E2,E3,1,xgb,N2_vs_N0,497,4.522794827671041,4.1484675513120415,-0.3264800221607933,468,1.325759949432311e-78,1.1931839544890799e-77,True,tốt hơn N0
E2,E3,6,lr,N1_vs_N0,497,5.863602842620924,5.728512235814833,-0.11845451588432176,338,1.466287380416494e-10,1.0264011662915458e-09,True,tốt hơn N0
E2,E3,6,lr,N2_vs_N0,497,5.863602842620924,6.405166204001668,0.5457334383656907,156,3.17664805345489e-10,1.5883240267274451e-09,True,tệ hơn N0
E2,E3,6,rf,N1_vs_N0,497,5.890036028664047,5.914081422437678,-0.034173970073292814,277,0.044139604587208954,0.044139604587208954,True,tốt hơn N0
E2,E3,6,rf,N2_vs_N0,497,5.890036028664047,6.539009054540018,0.6182911286398651,145,2.367392518206077e-15,1.8939140145648616e-14,True,tệ hơn N0
E2,E3,6,ridge,N1_vs_N0,497,5.863603060258954,5.728512209216124,-0.11845451555433684,338,1.466287380416494e-10,1.0264011662915458e-09,True,tốt hơn N0
E2,E3,6,ridge,N2_vs_N0,497,5.863603060258954,6.405166127172016,0.5457337332901222,156,3.17664805345489e-10,1.5883240267274451e-09,True,tệ hơn N0
E2,E3,6,svr,N1_vs_N0,497,6.093271115907268,6.112483724517253,0.01729591924262419,223,0.0006428082884285086,0.001928424865285526,True,tệ hơn N0
E2,E3,6,svr,N2_vs_N0,497,6.093271115907268,6.5062348270695365,0.4003810253364213,139,1.059939836596861e-21,9.539458529371748e-21,True,tệ hơn N0
E2,E3,6,xgb,N1_vs_N0,497,6.012459323243364,5.910546423733187,-0.07571748889161611,311,0.00656835942629754,0.01313671885259508,True,tốt hơn N0
E2,E3,6,xgb,N2_vs_N0,497,6.012459323243364,6.547727101269082,0.5397069055544739,127,1.9735606657393984e-30,1.9735606657393983e-29,True,tệ hơn N0
E2,E3,12,lr,N1_vs_N0,497,6.590042124316434,6.532834003893745,-0.10021286359616877,328,3.0575110621153816e-10,2.7517599559038436e-09,True,tốt hơn N0
E2,E3,12,lr,N2_vs_N0,497,6.590042124316434,7.150604501471056,0.4534753300484473,154,0.017703276474940122,0.05310982942482037,False,không khác
E2,E3,12,rf,N1_vs_N0,497,6.640651115316835,6.585130124941583,-0.033776812486271623,266,0.012178165764149877,0.048712663056599506,True,tốt hơn N0
E2,E3,12,rf,N2_vs_N0,497,6.640651115316835,7.173387399411769,0.38463574048173843,180,0.0006224959946837342,0.0031124799734186708,True,tệ hơn N0
E2,E3,12,ridge,N1_vs_N0,497,6.590042025388958,6.532833950923251,-0.10021319409172946,328,3.0575110621153816e-10,2.7517599559038436e-09,True,tốt hơn N0
E2,E3,12,ridge,N2_vs_N0,497,6.590042025388958,7.150604496682496,0.4534751729486528,154,0.017703276474940122,0.05310982942482037,False,không khác
E2,E3,12,svr,N1_vs_N0,497,6.656156358706236,6.569864476022909,0.006120562656509065,244,0.2491558277969762,0.2491558277969762,False,không khác
E2,E3,12,svr,N2_vs_N0,497,6.656156358706236,7.158842459379337,0.4564494808301749,113,2.6238916213358572e-39,2.6238916213358574e-38,True,tệ hơn N0
E2,E3,12,xgb,N1_vs_N0,497,6.842108278154385,6.673953703042606,-0.08833720239629983,298,3.2788182899240956e-06,2.295172802946867e-05,True,tốt hơn N0
E2,E3,12,xgb,N2_vs_N0,497,6.842108278154385,7.231713876456706,0.2901643338256452,181,1.3060638291080178e-05,7.836382974648107e-05,True,tệ hơn N0
E3,E1,1,lr,N1_vs_N0,735,1.236473721201912,0.7108878257054221,-0.6470641768743436,531,2.8911570406328583e-31,5.782314081265717e-31,True,tốt hơn N0
E3,E1,1,lr,N2_vs_N0,735,1.236473721201912,0.7348372278429071,-0.5640079516229359,697,6.499903077533231e-99,4.549932154273261e-98,True,tốt hơn N0
E3,E1,1,rf,N1_vs_N0,735,1.3493651982189143,0.6387874727214782,-0.2990883339287733,600,4.6612520002136505e-46,1.8645008000854602e-45,True,tốt hơn N0
E3,E1,1,rf,N2_vs_N0,735,1.3493651982189143,0.4341188405096639,-0.7312714517969416,710,4.768678600279761e-120,4.2918107402517854e-119,True,tốt hơn N0
E3,E1,1,ridge,N1_vs_N0,735,1.2396796553244134,0.7124712133634827,-0.6471916101029223,529,1.3949533230321783e-30,1.3949533230321783e-30,True,tốt hơn N0
E3,E1,1,ridge,N2_vs_N0,735,1.2396796553244134,0.7348790180617959,-0.5666800462391703,698,3.73085535645839e-99,2.984684285166712e-98,True,tốt hơn N0
E3,E1,1,svr,N1_vs_N0,735,0.669980790531732,0.5878814799456161,-0.026153264652933397,495,6.7971077089492e-33,2.0391323126847598e-32,True,tốt hơn N0
E3,E1,1,svr,N2_vs_N0,735,0.669980790531732,0.4984643114848069,-0.14246911696781678,532,6.291519027149123e-63,3.1457595135745614e-62,True,tốt hơn N0
E3,E1,1,xgb,N1_vs_N0,735,1.0702210770587175,9.393182283469384,2.3519075514519585,197,1.929563643905982e-75,1.1577381863435892e-74,True,tệ hơn N0
E3,E1,1,xgb,N2_vs_N0,735,1.0702210770587175,0.6644767411017292,-0.35203000088789804,725,1.2752602157764369e-120,1.275260215776437e-119,True,tốt hơn N0
E3,E1,6,lr,N1_vs_N0,735,3.2853070781931613,1.7720413533636197,-1.421279493809693,436,0.004963282365023733,0.009926564730047466,True,tốt hơn N0
E3,E1,6,lr,N2_vs_N0,735,3.2853070781931613,0.5736687391284814,-2.9303320023120145,684,4.0390584905119654e-107,3.2312467924095723e-106,True,tốt hơn N0
E3,E1,6,rf,N1_vs_N0,735,0.948843670174771,1.281891825889707,0.029547139197402428,331,6.793367108561686e-09,2.038010132568506e-08,True,tệ hơn N0
E3,E1,6,rf,N2_vs_N0,735,0.948843670174771,0.5430748925746401,-0.39639176661321385,586,5.526298668476221e-84,3.3157792010857326e-83,True,tốt hơn N0
E3,E1,6,ridge,N1_vs_N0,735,3.2869203874195896,1.77161791099101,-1.4355214618054148,436,0.005852769438476856,0.009926564730047466,True,tốt hơn N0
E3,E1,6,ridge,N2_vs_N0,735,3.2869203874195896,0.5736115430474451,-2.9321280256242273,684,2.985221563332375e-107,2.6866994069991375e-106,True,tốt hơn N0
E3,E1,6,svr,N1_vs_N0,735,0.982307287780461,1.240249486525184,0.1460083058588757,229,1.9969248218952386e-40,7.987699287580955e-40,True,tệ hơn N0
E3,E1,6,svr,N2_vs_N0,735,0.982307287780461,0.5434100724072171,-0.31068037239055196,677,9.169934572483487e-105,6.41895420073844e-104,True,tốt hơn N0
E3,E1,6,xgb,N1_vs_N0,735,2.559340340387653,18.96886821386174,5.687853174782763,186,5.801985404247847e-82,2.9009927021239235e-81,True,tệ hơn N0
E3,E1,6,xgb,N2_vs_N0,735,2.559340340387653,0.5998590380612469,-1.4536842316887584,721,4.517278114803268e-114,4.5172781148032676e-113,True,tốt hơn N0
E3,E1,12,lr,N1_vs_N0,735,4.199976805648844,2.5628575379683696,-1.5777818278008766,409,2.640217524510987e-06,5.280435049021974e-06,True,tốt hơn N0
E3,E1,12,lr,N2_vs_N0,735,4.199976805648844,0.5670322073609453,-3.8177427692578254,683,1.4360978926463226e-107,1.0052685248524259e-106,True,tốt hơn N0
E3,E1,12,rf,N1_vs_N0,735,1.1608917062252062,4.069048949897628,0.912319383465177,203,7.706087036183164e-56,3.0824348144732656e-55,True,tệ hơn N0
E3,E1,12,rf,N2_vs_N0,735,1.1608917062252062,0.4992136976547336,-0.5754235793796294,693,1.0847603454942316e-105,6.50856207296539e-105,True,tốt hơn N0
E3,E1,12,ridge,N1_vs_N0,735,4.203013910477891,2.562861409454214,-1.5905074671384147,409,2.8862031343633887e-06,5.280435049021974e-06,True,tốt hơn N0
E3,E1,12,ridge,N2_vs_N0,735,4.203013910477891,0.5670238221533465,-3.821354526227876,683,7.226444509066699e-108,5.781155607253359e-107,True,tốt hơn N0
E3,E1,12,svr,N1_vs_N0,735,1.065274252737954,0.6618903338401741,-0.13979303341129512,600,2.9445734244027245e-54,8.833720273208174e-54,True,tốt hơn N0
E3,E1,12,svr,N2_vs_N0,735,1.065274252737954,0.506463155020115,-0.3679279136149608,704,4.118544622035353e-109,3.7066901598318174e-108,True,tốt hơn N0
E3,E1,12,xgb,N1_vs_N0,735,2.5346028138773664,27.22822012945127,10.90821550556037,166,1.8992322355434643e-88,9.496161177717321e-88,True,tệ hơn N0
E3,E1,12,xgb,N2_vs_N0,735,2.5346028138773664,0.5998674774029528,-1.5284926361031916,717,1.698974382763433e-111,1.698974382763433e-110,True,tốt hơn N0
E3,E2,1,lr,N1_vs_N0,302,1.171086893523836,1.0407639046280917,-0.2162473116313754,171,0.030725795781764962,0.05710994680953085,False,không khác
E3,E2,1,lr,N2_vs_N0,302,1.171086893523836,0.7206446779154965,-0.5015817360770052,285,4.0044173032228054e-42,2.803092112255964e-41,True,tốt hơn N0
E3,E2,1,rf,N1_vs_N0,302,1.274503786614655,0.639258449267863,-0.3058529108552975,235,1.805181416370381e-15,7.220725665481525e-15,True,tốt hơn N0
E3,E2,1,rf,N2_vs_N0,302,1.274503786614655,0.45650376346257693,-0.7414351591952092,282,4.75214781915301e-49,4.276933037237709e-48,True,tốt hơn N0
E3,E2,1,ridge,N1_vs_N0,302,1.174417555295634,1.0475872525402525,-0.214038356629639,171,0.028554973404765423,0.05710994680953085,False,không khác
E3,E2,1,ridge,N2_vs_N0,302,1.174417555295634,0.7206589400311094,-0.5044674113297583,286,3.2845857450582374e-42,2.62766859604659e-41,True,tốt hơn N0
E3,E2,1,svr,N1_vs_N0,302,0.6948053990382321,0.5690147540616226,-0.0250216306567202,203,4.8088393859258535e-12,1.442651815777756e-11,True,tốt hơn N0
E3,E2,1,svr,N2_vs_N0,302,0.6948053990382321,0.480221552538014,-0.17651362898853284,199,3.6606949710139173e-23,1.8303474855069587e-22,True,tốt hơn N0
E3,E2,1,xgb,N1_vs_N0,302,1.1110939670291575,7.385767844299891,3.5019996427411098,84,1.3553590773641101e-30,8.13215446418466e-30,True,tệ hơn N0
E3,E2,1,xgb,N2_vs_N0,302,1.1110939670291575,0.6352923471696896,-0.4342575763087405,299,3.3424108979752328e-50,3.3424108979752327e-49,True,tốt hơn N0
E3,E2,6,lr,N1_vs_N0,302,3.299266439710464,3.9309895766495044,0.7146765825705297,140,4.714455830954318e-10,1.885782332381727e-09,True,tệ hơn N0
E3,E2,6,lr,N2_vs_N0,302,3.299266439710464,0.5765317081011366,-2.9007713914645588,290,7.40265007760762e-39,5.247581117924136e-38,True,tốt hơn N0
E3,E2,6,rf,N1_vs_N0,302,1.022216417883349,1.528441877712209,-0.0012986721949460461,152,0.20160013528267917,0.40320027056535834,False,không khác
E3,E2,6,rf,N2_vs_N0,302,1.022216417883349,0.5332881682111197,-0.37745864702954557,236,1.309396409820034e-33,7.856378458920204e-33,True,tốt hơn N0
E3,E2,6,ridge,N1_vs_N0,302,3.3020894806064227,3.928050038541858,0.7173977095745765,140,4.937339902350911e-10,1.885782332381727e-09,True,tệ hơn N0
E3,E2,6,ridge,N2_vs_N0,302,3.3020894806064227,0.5763764456234655,-2.903713112095529,290,6.55947639740517e-39,5.247581117924136e-38,True,tốt hơn N0
E3,E2,6,svr,N1_vs_N0,302,1.126064049895013,0.9248442202067766,-0.03588497829655256,173,0.8653693938517197,0.8653693938517197,False,không khác
E3,E2,6,svr,N2_vs_N0,302,1.126064049895013,0.5384775746618484,-0.44948548819013234,278,1.553389490934658e-45,1.3980505418411923e-44,True,tốt hơn N0
E3,E2,6,xgb,N1_vs_N0,302,3.5186195123721697,13.589344039414648,7.471151156570727,100,7.969701140869958e-25,3.984850570434979e-24,True,tệ hơn N0
E3,E2,6,xgb,N2_vs_N0,302,3.5186195123721697,0.6185897151737342,-2.2836715853784124,297,1.8452887298049016e-47,1.8452887298049017e-46,True,tốt hơn N0
E3,E2,12,lr,N1_vs_N0,302,4.246799238627366,6.772800140369494,2.557743924892356,127,1.0145048549356668e-14,2.0290097098713336e-14,True,tệ hơn N0
E3,E2,12,lr,N2_vs_N0,302,4.246799238627366,0.568649771739967,-3.786441936571965,289,2.4481883646510823e-48,2.203369528185974e-47,True,tốt hơn N0
E3,E2,12,rf,N1_vs_N0,302,1.3035710807244576,3.8821840906400578,0.7465373561338886,77,4.289439905530798e-22,1.2868319716592394e-21,True,tệ hơn N0
E3,E2,12,rf,N2_vs_N0,302,1.3035710807244576,0.4996475948383229,-0.5850376436306656,277,7.378463448481977e-42,4.427078069089186e-41,True,tốt hơn N0
E3,E2,12,ridge,N1_vs_N0,302,4.250981095453666,6.772159159223078,2.552773018635356,127,1.0519323416753248e-14,2.0290097098713336e-14,True,tệ hơn N0
E3,E2,12,ridge,N2_vs_N0,302,4.250981095453666,0.5686547618743776,-3.79087609718363,289,1.9983350877286824e-48,1.9983350877286825e-47,True,tốt hơn N0
E3,E2,12,svr,N1_vs_N0,302,1.2924254269369673,0.606948365053859,-0.47795824013819116,260,1.8388779527595187e-31,7.355511811038075e-31,True,tốt hơn N0
E3,E2,12,svr,N2_vs_N0,302,1.2924254269369673,0.5369797326512306,-0.605870992272806,284,1.1306959992167603e-42,7.914871994517322e-42,True,tốt hơn N0
E3,E2,12,xgb,N1_vs_N0,302,3.9661423195348737,30.82310684949561,21.142033002155575,52,5.1206063147686365e-40,2.5603031573843184e-39,True,tệ hơn N0
E3,E2,12,xgb,N2_vs_N0,302,3.9661423195348737,0.5935771606312009,-2.7925900274151756,289,3.1220984111785054e-47,2.4976787289428043e-46,True,tốt hơn N0
