nguon,dich,mode,lich,h,model,mae_transfer,mae_trong_moi_truong,chi_phi
E1,E2,N0,khong,1,lr,0.5230375811112855,0.5107474132441241,1.0240631034998253
E1,E3,N0,khong,1,lr,4.326101743696819,4.0845195131487575,1.059145813790427
E1,E2,N0,khong,1,ridge,0.5231552547245559,0.5107622627249901,1.0242637189628054
E1,E3,N0,khong,1,ridge,4.325897616609904,4.084656747656928,1.0590602549630046
E1,E2,N0,khong,6,lr,0.7429011005465145,0.9005310685653591,0.8249588786870332
E1,E3,N0,khong,6,lr,5.654772190630483,5.632613709852007,1.0039339606654933
E1,E2,N0,khong,6,ridge,0.7429011110619079,0.9005599465787686,0.8249324366292247
E1,E3,N0,khong,6,ridge,5.654772158321164,5.632114278350038,1.004022979444544
E1,E2,N0,khong,12,lr,1.0162294802006298,1.1959112097612068,0.8497532859513417
E1,E3,N0,khong,12,lr,6.46225956554657,6.433363950917596,1.004491524939274
E1,E2,N0,khong,12,ridge,1.0162295036574218,1.1958359114803483,0.8498068120394643
E1,E3,N0,khong,12,ridge,6.462259407381908,6.432868962632703,1.004568792698861
E1,E2,N1,khong,1,lr,0.4003573638784303,0.5107474132441241,0.7838656711650731
E1,E3,N1,khong,1,lr,4.132510083844508,4.0845195131487575,1.0117493797107007
E1,E2,N1,khong,1,ridge,0.4003595269474541,0.5107622627249901,0.7838471166829719
E1,E3,N1,khong,1,ridge,4.132263607367406,4.084656747656928,1.0116550453689375
E1,E2,N1,khong,6,lr,0.4847912113825982,0.9005310685653591,0.5383392403717082
E1,E3,N1,khong,6,lr,5.561623833928954,5.632613709852007,0.9873966368758994
E1,E2,N1,khong,6,ridge,0.484791188646009,0.9005599465787686,0.5383219523450193
E1,E3,N1,khong,6,ridge,5.5616235402973455,5.632114278350038,0.9874841427980856
E1,E2,N1,khong,12,lr,0.4911272984632334,1.1959112097612068,0.410672041916305
E1,E3,N1,khong,12,lr,6.235689002450884,6.433363950917596,0.9692734703065388
E1,E2,N1,khong,12,ridge,0.4911272992552683,1.1958359114803483,0.4106979013929197
E1,E3,N1,khong,12,ridge,6.235688941381411,6.432868962632703,0.9693480432452964
E1,E2,N2,khong,1,lr,0.4867720356086997,0.5107474132441241,0.9530582495109676
E1,E3,N2,khong,1,lr,4.363493993187956,4.0845195131487575,1.0683004400251077
E1,E2,N2,khong,1,ridge,0.486770151161575,0.5107622627249901,0.9530268516013424
E1,E3,N2,khong,1,ridge,4.363518227744664,4.084656747656928,1.068270480805443
E1,E2,N2,khong,6,lr,0.5142277320435589,0.9005310685653591,0.5710271971657545
E1,E3,N2,khong,6,lr,6.664017195914536,5.632613709852007,1.183112767747325
E1,E2,N2,khong,6,ridge,0.5142277294850621,0.9005599465787686,0.5710088833493158
E1,E3,N2,khong,6,ridge,6.664017201143183,5.632114278350038,1.1832176819919655
E1,E2,N2,khong,12,lr,0.4836930916953677,1.1959112097612068,0.40445568847201374
E1,E3,N2,khong,12,lr,7.081532266475622,6.433363950917596,1.100751072145635
E1,E2,N2,khong,12,ridge,0.4836930866972808,1.1958359114803483,0.40448115168117654
E1,E3,N2,khong,12,ridge,7.081532265420999,6.432868962632703,1.1008357711864265
E2,E1,N0,khong,1,lr,0.5129208888494448,0.5508031015451244,0.9312236757755873
E2,E3,N0,khong,1,lr,4.369963975114874,4.0845195131487575,1.0698844652467012
E2,E1,N0,khong,1,ridge,0.5129209629902949,0.5510983478127187,0.9307249151191472
E2,E3,N0,khong,1,ridge,4.369964188280308,4.084656747656928,1.0698485719239543
E2,E1,N0,khong,6,lr,0.8706815997847563,0.8781132901285866,0.9915367522307491
E2,E3,N0,khong,6,lr,5.853852100476798,5.632613709852007,1.0392781046280208
E2,E1,N0,khong,6,ridge,0.8706815638624326,0.8783373546507118,0.9912837695587662
E2,E3,N0,khong,6,ridge,5.853851956881243,5.632114278350038,1.0393702378134566
E2,E1,N0,khong,12,lr,1.148476371563797,1.0489235994031263,1.0949094597712545
E2,E3,N0,khong,12,lr,6.552819602549198,6.433363950917596,1.0185681476351984
E2,E1,N0,khong,12,ridge,1.148476377925684,1.0489916305433542,1.0948384567480285
E2,E3,N0,khong,12,ridge,6.552819873433678,6.432868962632703,1.0186465652413792
E2,E1,N1,khong,1,lr,0.4171252781644137,0.5508031015451244,0.7573037933052394
E2,E3,N1,khong,1,lr,4.284182816425216,4.0845195131487575,1.0488829353449551
E2,E1,N1,khong,1,ridge,0.4171252761944401,0.5510983478127187,0.7568980706438135
E2,E3,N1,khong,1,ridge,4.284182841135952,4.084656747656928,1.048847701485193
E2,E1,N1,khong,6,lr,0.4588646646232461,0.8781132901285866,0.5225574761043101
E2,E3,N1,khong,6,lr,5.669153027645159,5.632613709852007,1.0064870981173875
E2,E1,N1,khong,6,ridge,0.4588646626767245,0.8783373546507118,0.5224241690815952
E2,E3,N1,khong,6,ridge,5.669152961643878,5.632114278350038,1.0065763373154941
E2,E1,N1,khong,12,lr,0.4832947316647549,1.0489235994031263,0.460753034767991
E2,E3,N1,khong,12,lr,6.460327344390032,6.433363950917596,1.0041911811111806
E2,E1,N1,khong,12,ridge,0.4832947408102329,1.0489916305433542,0.46072316188061196
E2,E3,N1,khong,12,ridge,6.460327327865313,6.432868962632703,1.00426844777845
E2,E1,N2,khong,1,lr,0.4808787996793033,0.5508031015451244,0.8730502757343451
E2,E3,N2,khong,1,lr,4.387248057144467,4.0845195131487575,1.0741160724097842
E2,E1,N2,khong,1,ridge,0.4808788093502268,0.5510983478127187,0.8725825639993484
E2,E3,N2,khong,1,ridge,4.387248046947266,4.084656747656928,1.074079982232023
E2,E1,N2,khong,6,lr,0.5065634891888847,0.8781132901285866,0.5768771465862975
E2,E3,N2,khong,6,lr,6.404369588538898,5.632613709852007,1.1370155878676738
E2,E1,N2,khong,6,ridge,0.5065634678417096,0.8783373546507118,0.5767299604867135
E2,E3,N2,khong,6,ridge,6.404369683115723,5.632114278350038,1.1371164302781018
E2,E1,N2,khong,12,lr,0.5031164260421154,1.0489235994031263,0.4796502112531418
E2,E3,N2,khong,12,lr,7.15131735413304,6.433363950917596,1.1115984434726471
E2,E1,N2,khong,12,ridge,0.5031164221875756,1.0489916305433542,0.47961910041834416
E2,E3,N2,khong,12,ridge,7.1513173492438975,6.432868962632703,1.1116839765871998
E3,E1,N0,khong,1,lr,1.069578316430256,0.5508031015451244,1.9418523850534837
E3,E2,N0,khong,1,lr,1.016254511322757,0.5107474132441241,1.9897399085543945
E3,E1,N0,khong,1,ridge,1.071744671845356,0.5510983478127187,1.9447430319815984
E3,E2,N0,khong,1,ridge,1.0181280614454389,0.5107622627249901,1.9933502056584589
E3,E1,N0,khong,6,lr,2.9250629189803643,0.8781132901285866,3.331076925793974
E3,E2,N0,khong,6,lr,2.9176157627095285,0.9005310685653591,3.239883513799916
E3,E1,N0,khong,6,ridge,2.927418776311192,0.8783373546507118,3.3329093437854955
E3,E2,N0,khong,6,ridge,2.9196547320426403,0.9005599465787686,3.2420437341616424
E3,E1,N0,khong,12,lr,4.153468982474182,1.0489235994031263,3.9597440507942134
E3,E2,N0,khong,12,lr,4.163917245269605,1.1959112097612068,3.4817946443541024
E3,E1,N0,khong,12,ridge,4.1579758780583305,1.0489916305433542,3.9637836537404896
E3,E2,N0,khong,12,ridge,4.167082305698866,1.1958359114803483,3.484660617475816
E3,E1,N1,khong,1,lr,0.6900083164711202,0.5508031015451244,1.2527313563331333
E3,E2,N1,khong,1,lr,0.6464560009506093,0.5107474132441241,1.2657058737595994
E3,E1,N1,khong,1,ridge,0.6897845760393563,0.5510983478127187,1.251654226105152
E3,E2,N1,khong,1,ridge,0.6466108517482395,0.5107622627249901,1.2659722515490428
E3,E1,N1,khong,6,lr,1.5518119762378528,0.8781132901285866,1.7672115815609772
E3,E2,N1,khong,6,lr,1.701509126373962,0.9005310685653591,1.8894507760677766
E3,E1,N1,khong,6,ridge,1.5206347961866795,0.8783373546507118,1.7312650863988244
E3,E2,N1,khong,6,ridge,1.6809820768443262,0.9005599465787686,1.8665965361110994
E3,E1,N1,khong,12,lr,2.254011559766118,1.0489235994031263,2.1488805867736493
E3,E2,N1,khong,12,lr,2.40759242021595,1.1959112097612068,2.013186598273199
E3,E1,N1,khong,12,ridge,2.2468511888841087,1.0489916305433542,2.141915267446214
E3,E2,N1,khong,12,ridge,2.405585983850332,1.1958359114803483,2.0116355101532375
E3,E1,N2,khong,1,lr,0.6064772178714505,0.5508031015451244,1.1010780733989114
E3,E2,N2,khong,1,lr,0.5530739864611582,0.5107474132441241,1.082871830810043
E3,E1,N2,khong,1,ridge,0.6066874781069309,0.5510983478127187,1.1008697095805906
E3,E2,N2,khong,1,ridge,0.5531980670276364,0.5107622627249901,1.0830832804213943
E3,E1,N2,khong,6,lr,0.5242842609518951,0.8781132901285866,0.597057654001708
E3,E2,N2,khong,6,lr,0.5218843699204112,0.9005310685653591,0.579529555545294
E3,E1,N2,khong,6,ridge,0.524138725910425,0.8783373546507118,0.5967396503577592
E3,E2,N2,khong,6,ridge,0.521770001782071,0.9005599465787686,0.579383975230386
E3,E1,N2,khong,12,lr,0.5256484691551384,1.0489235994031263,0.5011313211507974
E3,E2,N2,khong,12,lr,0.524778103867502,1.1959112097612068,0.43881025579841076
E3,E1,N2,khong,12,ridge,0.5256643057058193,1.0489916305433542,0.5011139177855375
E3,E2,N2,khong,12,ridge,0.5247819703910999,1.1958359114803483,0.43884111971638495
E1,E2,N0,khong,1,rf,0.4220434870626067,0.3911268968668533,1.0790449095764385
E1,E3,N0,khong,1,rf,4.297579712944883,4.133127491687575,1.0397888092220842
E1,E2,N0,khong,1,svr,0.3547286311396571,0.3642830456218155,0.9737720033995833
E1,E3,N0,khong,1,svr,4.3647940580333975,4.1659407299127,1.0477331150423892
E1,E2,N0,khong,1,xgb,0.4224842685011507,0.4105843619443219,1.0289828538536556
E1,E3,N0,khong,1,xgb,4.325898410543873,4.042282263792604,1.070162380616432
E1,E2,N0,khong,6,rf,0.5841293824485079,0.5208661353704407,1.1214577849893703
E1,E3,N0,khong,6,rf,5.802373563743817,5.39196177266712,1.0761154860476112
E1,E2,N0,khong,6,svr,0.3701969413072344,0.3733452642224112,0.9915672616827376
E1,E3,N0,khong,6,svr,5.734792908499091,5.4493870567820295,1.0523739365075673
E1,E2,N0,khong,6,xgb,0.578626040238073,0.5464341055229878,1.0589127479227793
E1,E3,N0,khong,6,xgb,5.75898563765911,5.423125989071503,1.0619310060773843
E1,E2,N0,khong,12,rf,0.6564668270351832,0.5904490725716234,1.111809396492111
E1,E3,N0,khong,12,rf,6.625733180333627,5.840017988976799,1.1345398580689114
E1,E2,N0,khong,12,svr,0.390368992962562,0.3949873973233344,0.9883074640050052
E1,E3,N0,khong,12,svr,6.457492636508368,6.161344447108217,1.0480655142627429
E1,E2,N0,khong,12,xgb,0.5833340189121425,0.7063360412835058,0.8258590597361387
E1,E3,N0,khong,12,xgb,6.500738832714574,5.918265611187303,1.0984195809708541
E1,E2,N1,khong,1,rf,0.3602039814186363,0.3911268968668533,0.9209389185557757
E1,E3,N1,khong,1,rf,4.3039581732097885,4.133127491687575,1.041332061947226
E1,E2,N1,khong,1,svr,0.3935031096744099,0.3642830456218155,1.0802125281529833
E1,E3,N1,khong,1,svr,4.291184563333477,4.1659407299127,1.0300637578738192
E1,E2,N1,khong,1,xgb,0.3797062128780729,0.4105843619443219,0.9247946294885037
E1,E3,N1,khong,1,xgb,4.288734794573592,4.042282263792604,1.0609686594596583
E1,E2,N1,khong,6,rf,0.4016535338440112,0.5208661353704407,0.7711262195196366
E1,E3,N1,khong,6,rf,5.749819604930263,5.39196177266712,1.066368762864231
E1,E2,N1,khong,6,svr,0.3849142483698296,0.3733452642224112,1.0309873601089163
E1,E3,N1,khong,6,svr,5.834740813313919,5.4493870567820295,1.0707150643763317
E1,E2,N1,khong,6,xgb,0.4384185502310391,0.5464341055229878,0.8023264759644388
E1,E3,N1,khong,6,xgb,5.709827517760769,5.423125989071503,1.0528664702363577
E1,E2,N1,khong,12,rf,0.4416558285647034,0.5904490725716234,0.7479998683732866
E1,E3,N1,khong,12,rf,6.386109999677041,5.840017988976799,1.0935086179068294
E1,E2,N1,khong,12,svr,0.3736415197455229,0.3949873973233344,0.9459580793654085
E1,E3,N1,khong,12,svr,6.487112605845876,6.161344447108217,1.0528729016100629
E1,E2,N1,khong,12,xgb,0.4627360434897435,0.7063360412835058,0.6551216651055934
E1,E3,N1,khong,12,xgb,6.381189161491341,5.918265611187303,1.0782194616998895
E1,E2,N2,khong,1,rf,0.4440831435453422,0.3911268968668533,1.1353940296683716
E1,E3,N2,khong,1,rf,4.249099700449062,4.133127491687575,1.0280591898011195
E1,E2,N2,khong,1,svr,0.3651100153278899,0.3642830456218155,1.0022701295490235
E1,E3,N2,khong,1,svr,4.078983533056594,4.1659407299127,0.9791266360964457
E1,E2,N2,khong,1,xgb,0.4392080795290202,0.4105843619443219,1.0697145830132222
E1,E3,N2,khong,1,xgb,4.155755109892086,4.042282263792604,1.0280714800932822
E1,E2,N2,khong,6,rf,0.4966043429114873,0.5208661353704407,0.9534202920646812
E1,E3,N2,khong,6,rf,6.552409472653146,5.39196177266712,1.2152180873886302
E1,E2,N2,khong,6,svr,0.505296570127719,0.3733452642224112,1.3534297031465787
E1,E3,N2,khong,6,svr,6.632496354848112,5.4493870567820295,1.2171086923608492
E1,E2,N2,khong,6,xgb,0.5208016427940496,0.5464341055229878,0.9530913929605372
E1,E3,N2,khong,6,xgb,6.616451740601163,5.423125989071503,1.220043892385021
E1,E2,N2,khong,12,rf,0.4929119909857967,0.5904490725716234,0.8348086463054015
E1,E3,N2,khong,12,rf,7.166389429652266,5.840017988976799,1.2271176977843274
E1,E2,N2,khong,12,svr,0.4931131646004159,0.3949873973233344,1.2484275902017106
E1,E3,N2,khong,12,svr,7.082402233914062,6.161344447108217,1.1494897411940892
E1,E2,N2,khong,12,xgb,0.5240862422372687,0.7063360412835058,0.7419786215141094
E1,E3,N2,khong,12,xgb,7.181824278294082,5.918265611187303,1.2135015138080778
E2,E1,N0,khong,1,rf,0.4332590151832927,0.384985425513396,1.1253906939607432
E2,E3,N0,khong,1,rf,4.404006024026087,4.133127491687575,1.0655383926296236
E2,E1,N0,khong,1,svr,0.3293368137221724,0.3781031902858683,0.871023631070593
E2,E3,N0,khong,1,svr,4.528692143827279,4.1659407299127,1.0870755100546476
E2,E1,N0,khong,1,xgb,0.4305581104893217,0.3968713356350657,1.0848808463336135
E2,E3,N0,khong,1,xgb,4.535725696881089,4.042282263792604,1.1220705039596914
E2,E1,N0,khong,6,rf,0.6130927110140529,0.5560619104796859,1.1025619620037803
E2,E3,N0,khong,6,rf,5.886984695096296,5.39196177266712,1.0918075726980376
E2,E1,N0,khong,6,svr,0.3730799148998086,0.3960115456093419,0.9420935299392637
E2,E3,N0,khong,6,svr,5.835606933857603,5.4493870567820295,1.0708740034523523
E2,E1,N0,khong,6,xgb,0.58601557461706,0.587649871308433,0.9972189278494451
E2,E3,N0,khong,6,xgb,5.916465902741153,5.423125989071503,1.0909696574750083
E2,E1,N0,khong,12,rf,0.6629827449435644,0.5938777786502205,1.1163622697761268
E2,E3,N0,khong,12,rf,6.643299469425556,5.840017988976799,1.1375477750179834
E2,E1,N0,khong,12,svr,0.3903293002491297,0.4103335782668061,0.951248742298469
E2,E3,N0,khong,12,svr,6.654517810627932,6.161344447108217,1.0800431411931828
E2,E1,N0,khong,12,xgb,0.6311415068681306,0.6390367810168669,0.9876450395606762
E2,E3,N0,khong,12,xgb,6.5999737016560776,5.918265611187303,1.1151871401614928
E2,E1,N1,khong,1,rf,0.3749081147077141,0.384985425513396,0.9738241758314791
E2,E3,N1,khong,1,rf,4.367606785625776,4.133127491687575,1.0567316866972478
E2,E1,N1,khong,1,svr,0.3756827168666709,0.3781031902858683,0.993598378745846
E2,E3,N1,khong,1,svr,4.453780317599379,4.1659407299127,1.0690935388542386
E2,E1,N1,khong,1,xgb,0.3905907733671981,0.3968713356350657,0.9841748151001695
E2,E3,N1,khong,1,xgb,4.364270854765243,4.042282263792604,1.0796551477507508
E2,E1,N1,khong,6,rf,0.4247906442911259,0.5560619104796859,0.7639268870703281
E2,E3,N1,khong,6,rf,5.922433440622243,5.39196177266712,1.0983819415493978
E2,E1,N1,khong,6,svr,0.4290043593929269,0.3960115456093419,1.0833127572904955
E2,E3,N1,khong,6,svr,5.997358682587979,5.4493870567820295,1.100556561700636
E2,E1,N1,khong,6,xgb,0.4369978071909277,0.587649871308433,0.7436363530854339
E2,E3,N1,khong,6,xgb,5.893967315798347,5.423125989071503,1.0868210194038768
E2,E1,N1,khong,12,rf,0.4537520787171548,0.5938777786502205,0.7640495991421893
E2,E3,N1,khong,12,rf,6.570943473871968,5.840017988976799,1.125158087915964
E2,E1,N1,khong,12,svr,0.4202368280323026,0.4103335782668061,1.0241346316509765
E2,E3,N1,khong,12,svr,6.667878656989756,6.161344447108217,1.0822116364747758
E2,E1,N1,khong,12,xgb,0.4748681573501228,0.6390367810168669,0.7430998832250142
E2,E3,N1,khong,12,xgb,6.547366932038568,5.918265611187303,1.106298257324253
E2,E1,N2,khong,1,rf,0.4276593375833895,0.384985425513396,1.1108455261990395
E2,E3,N2,khong,1,rf,4.215329474073972,4.133127491687575,1.0198885668423534
E2,E1,N2,khong,1,svr,0.3466644103920078,0.3781031902858683,0.9168513233911332
E2,E3,N2,khong,1,svr,4.164109118745715,4.1659407299127,0.9995603367196674
E2,E1,N2,khong,1,xgb,0.4301796282726265,0.3968713356350657,1.0839271815493088
E2,E3,N2,khong,1,xgb,4.129100735327558,4.042282263792604,1.0214775876273168
E2,E1,N2,khong,6,rf,0.508819957781523,0.5560619104796859,0.9150419192398744
E2,E3,N2,khong,6,rf,6.530494381788173,5.39196177266712,1.211153687122281
E2,E1,N2,khong,6,svr,0.5300085668013766,0.3960115456093419,1.338366450871663
E2,E3,N2,khong,6,svr,6.516391765962214,5.4493870567820295,1.1958027018565776
E2,E1,N2,khong,6,xgb,0.5596457593415191,0.587649871308433,0.9523455830857899
E2,E3,N2,khong,6,xgb,6.523132126770912,5.423125989071503,1.2028361760202704
E2,E1,N2,khong,12,rf,0.4786619096016236,0.5938777786502205,0.8059939718396901
E2,E3,N2,khong,12,rf,7.166377151900647,5.840017988976799,1.227115595436074
E2,E1,N2,khong,12,svr,0.5033872763219394,0.4103335782668061,1.226775733168559
E2,E3,N2,khong,12,svr,7.212406086592201,6.161344447108217,1.170589657583142
E2,E1,N2,khong,12,xgb,0.5174411991739469,0.6390367810168669,0.8097205271198458
E2,E3,N2,khong,12,xgb,7.24598151588356,5.918265611187303,1.2243420609893674
E3,E1,N0,khong,1,rf,1.3350642207140058,0.384985425513396,3.4678305521141106
E3,E2,N0,khong,1,rf,1.2652264895676033,0.3911268968668533,3.2348235309378617
E3,E1,N0,khong,1,svr,0.6495803679052826,0.3781031902858683,1.7179975852998266
E3,E2,N0,khong,1,svr,0.6545255229256857,0.3642830456218155,1.7967498921297276
E3,E1,N0,khong,1,xgb,1.2496725091453822,0.3968713356350657,3.148810198513533
E3,E2,N0,khong,1,xgb,1.053349115629187,0.4105843619443219,2.56548766407238
E3,E1,N0,khong,6,rf,0.9056098381092982,0.5560619104796859,1.6286133271168948
E3,E2,N0,khong,6,rf,0.9203192495221918,0.5208661353704407,1.7669016797716357
E3,E1,N0,khong,6,svr,0.948782641284958,0.3960115456093419,2.3958459085455925
E3,E2,N0,khong,6,svr,1.0232852317099814,0.3733452642224112,2.7408549934100264
E3,E1,N0,khong,6,xgb,2.482531469039054,0.587649871308433,4.224507806853711
E3,E2,N0,khong,6,xgb,2.518042235484563,0.5464341055229878,4.6081351987987
E3,E1,N0,khong,12,rf,1.08605723791879,0.5938777786502205,1.828755472863805
E3,E2,N0,khong,12,rf,1.1097647140208111,0.5904490725716234,1.8795265596529378
E3,E1,N0,khong,12,svr,1.0773805946822286,0.4103335782668061,2.6256213279764706
E3,E2,N0,khong,12,svr,1.0988549839190176,0.3949873973233344,2.782000112827654
E3,E1,N0,khong,12,xgb,2.650759976183004,0.6390367810168669,4.148055409212884
E3,E2,N0,khong,12,xgb,2.4468728952909413,0.7063360412835058,3.4641767547988214
E3,E1,N1,khong,1,rf,0.637453069114333,0.384985425513396,1.6557849385188015
E3,E2,N1,khong,1,rf,0.6733350447028782,0.3911268968668533,1.721525801719777
E3,E1,N1,khong,1,svr,0.506345237009188,0.3781031902858683,1.3391720832251142
E3,E2,N1,khong,1,svr,0.4488451811792648,0.3642830456218155,1.2321330530579742
E3,E1,N1,khong,1,xgb,5.870440055307587,0.3968713356350657,14.79179655520806
E3,E2,N1,khong,1,xgb,4.677048471192398,0.4105843619443219,11.391199725786532
E3,E1,N1,khong,6,rf,1.1413846329520914,0.5560619104796859,2.0526215003064636
E3,E2,N1,khong,6,rf,1.494703387812986,0.5208661353704407,2.8696497743128395
E3,E1,N1,khong,6,svr,0.5715427728499941,0.3960115456093419,1.4432477517052258
E3,E2,N1,khong,6,svr,0.5399663114518811,0.3733452642224112,1.446292114020789
E3,E1,N1,khong,6,xgb,13.323329048564316,0.587649871308433,22.672223204778774
E3,E2,N1,khong,6,xgb,10.060161836522798,0.5464341055229878,18.41056723004926
E3,E1,N1,khong,12,rf,3.469951622243733,0.5938777786502205,5.842871626095055
E3,E2,N1,khong,12,rf,3.143915630662552,0.5904490725716234,5.324617781123172
E3,E1,N1,khong,12,svr,0.4555085504225327,0.4103335782668061,1.1100932864099
E3,E2,N1,khong,12,svr,0.4423531105968239,0.3949873973233344,1.1199170241746124
E3,E1,N1,khong,12,xgb,24.389363187183413,0.6390367810168669,38.165820672127595
E3,E2,N1,khong,12,xgb,17.972868069084733,0.7063360412835058,25.44520882217147
E3,E1,N2,khong,1,rf,0.4468309141473635,0.384985425513396,1.1606437141133166
E3,E2,N2,khong,1,rf,0.437900991006768,0.3911268968668533,1.119588027605878
E3,E1,N2,khong,1,svr,0.4257646120927818,0.3781031902858683,1.1260540059735509
E3,E2,N2,khong,1,svr,0.4137163582551859,0.3642830456218155,1.1357002836873449
E3,E1,N2,khong,1,xgb,0.461661976992774,0.3968713356350657,1.1632535170473615
E3,E2,N2,khong,1,xgb,0.4530464597412939,0.4105843619443219,1.1034186923142733
E3,E1,N2,khong,6,rf,0.4917536301132317,0.5560619104796859,0.8843505027866794
E3,E2,N2,khong,6,rf,0.5033469341192279,0.5208661353704407,0.9663652519111209
E3,E1,N2,khong,6,svr,0.5501588621404966,0.3960115456093419,1.3892495515350913
E3,E2,N2,khong,6,svr,0.5336258127589597,0.3733452642224112,1.4293091781152616
E3,E1,N2,khong,6,xgb,0.5091625289334201,0.587649871308433,0.8664385951446618
E3,E2,N2,khong,6,xgb,0.510731994779118,0.5464341055229878,0.9346634655798076
E3,E1,N2,khong,12,rf,0.4751249840244472,0.5938777786502205,0.8000383262433602
E3,E2,N2,khong,12,rf,0.4793663897034387,0.5904490725716234,0.8118674615164037
E3,E1,N2,khong,12,svr,0.5085344529903839,0.4103335782668061,1.2393196168306895
E3,E2,N2,khong,12,svr,0.5313808524129191,0.3949873973233344,1.3453109036234232
E3,E1,N2,khong,12,xgb,0.5177646158539009,0.6390367810168669,0.8102266273781742
E3,E2,N2,khong,12,xgb,0.5158645696683232,0.7063360412835058,0.7303387332903601
E1,E2,N0,co,1,lr,0.5159256357401791,0.5107474132441241,1.0101385192793526
E1,E3,N0,co,1,lr,4.3385376782510185,4.0845195131487575,1.0621904643335731
E1,E2,N0,co,1,rf,0.423630432977611,0.3911268968668533,1.0831022779847903
E1,E3,N0,co,1,rf,4.289811124911862,4.133127491687575,1.037909218512955
E1,E2,N0,co,1,ridge,0.516034575225095,0.5107622627249901,1.0103224393908359
E1,E3,N0,co,1,ridge,4.338376167336825,4.084656747656928,1.0621152364456174
E1,E2,N0,co,1,svr,0.376087604487788,0.3642830456218155,1.0324049087868545
E1,E3,N0,co,1,svr,4.286973538539383,4.1659407299127,1.0290529358129439
E1,E2,N0,co,1,xgb,0.4463919726033004,0.4105843619443219,1.0872113357883666
E1,E3,N0,co,1,xgb,4.29929153477883,4.042282263792604,1.0635802386410027
E1,E2,N0,co,6,lr,0.7085551811807178,0.9005310685653591,0.7868192513441217
E1,E3,N0,co,6,lr,5.673032023313892,5.632613709852007,1.0071757652031401
E1,E2,N0,co,6,rf,0.5979106114437589,0.5208661353704407,1.1479160783192865
E1,E3,N0,co,6,rf,5.84066236660137,5.39196177266712,1.0832165754974004
E1,E2,N0,co,6,ridge,0.7085551807906604,0.9005599465787686,0.7867940201898439
E1,E3,N0,co,6,ridge,5.673031999995898,5.632114278350038,1.0072650730478159
E1,E2,N0,co,6,svr,0.3960827755537739,0.3733452642224112,1.060902101915554
E1,E3,N0,co,6,svr,5.770477708235156,5.4493870567820295,1.0589223426611831
E1,E2,N0,co,6,xgb,0.6137498219741354,0.5464341055229878,1.123190913178306
E1,E3,N0,co,6,xgb,5.875232196141099,5.423125989071503,1.0833663477449473
E1,E2,N0,co,12,lr,0.9477934036916034,1.1959112097612068,0.7925282378453946
E1,E3,N0,co,12,lr,6.520227246861018,6.433363950917596,1.0135020024680919
E1,E2,N0,co,12,rf,0.679749856666776,0.5904490725716234,1.1512421447394519
E1,E3,N0,co,12,rf,6.653869201979249,5.840017988976799,1.1393576551542508
E1,E2,N0,co,12,ridge,0.9477933793608636,1.1958359114803483,0.7925781206784231
E1,E3,N0,co,12,ridge,6.520227207269221,6.432868962632703,1.013579981986881
E1,E2,N0,co,12,svr,0.4023034861863392,0.3949873973233344,1.0185223349215264
E1,E3,N0,co,12,svr,6.393311355260217,6.161344447108217,1.037648748604028
E1,E2,N0,co,12,xgb,0.6762410056328385,0.7063360412835058,0.9573927509121853
E1,E3,N0,co,12,xgb,6.735214927283975,5.918265611187303,1.1380386366154962
E1,E2,N1,co,1,lr,0.4059527688150857,0.5107474132441241,0.7948209981849692
E1,E3,N1,co,1,lr,4.137102546833611,4.0845195131487575,1.0128737379061552
E1,E2,N1,co,1,rf,0.3585850218892424,0.3911268968668533,0.9167997004596471
E1,E3,N1,co,1,rf,4.314056172841696,4.133127491687575,1.043775248045941
E1,E2,N1,co,1,ridge,0.405971857894789,0.5107622627249901,0.7948352639227314
E1,E3,N1,co,1,ridge,4.1371837157994245,4.084656747656928,1.0128595794916249
E1,E2,N1,co,1,svr,0.3756361449869878,0.3642830456218155,1.031165599117557
E1,E3,N1,co,1,svr,4.496090297297692,4.1659407299127,1.07924970343779
E1,E2,N1,co,1,xgb,0.4038013511092176,0.4105843619443219,0.9834796171900377
E1,E3,N1,co,1,xgb,4.295420270701856,4.042282263792604,1.0626225459752405
E1,E2,N1,co,6,lr,0.4867739160185708,0.9005310685653591,0.5405409463485285
E1,E3,N1,co,6,lr,5.585484492694989,5.632613709852007,0.9916327979185606
E1,E2,N1,co,6,rf,0.4160421504915374,0.5208661353704407,0.7987506237003634
E1,E3,N1,co,6,rf,5.771177155966754,5.39196177266712,1.0703297610939952
E1,E2,N1,co,6,ridge,0.4867738963072904,0.9005599465787686,0.5405235910796907
E1,E3,N1,co,6,ridge,5.585484595824816,5.632114278350038,0.9917207499314303
E1,E2,N1,co,6,svr,0.411734988651783,0.3733452642224112,1.1028263329101773
E1,E3,N1,co,6,svr,5.926358881743238,5.4493870567820295,1.0875276099846116
E1,E2,N1,co,6,xgb,0.4493282143664355,0.5464341055229878,0.8222916721795522
E1,E3,N1,co,6,xgb,5.7927024527381,5.423125989071503,1.0681482348762237
E1,E2,N1,co,12,lr,0.4922685765465425,1.1959112097612068,0.41162635865319475
E1,E3,N1,co,12,lr,6.261164423265015,6.433363950917596,0.9732333614316939
E1,E2,N1,co,12,rf,0.4437784070194522,0.5904490725716234,0.7515947227872399
E1,E3,N1,co,12,rf,6.412180528699334,5.840017988976799,1.0979727358378877
E1,E2,N1,co,12,ridge,0.4922685778185016,1.1958359114803483,0.4116522786216654
E1,E3,N1,co,12,ridge,6.261164407934318,6.432868962632703,0.9733082461813254
E1,E2,N1,co,12,svr,0.3925261993682213,0.3949873973233344,0.9937689202952004
E1,E3,N1,co,12,svr,6.604377288486828,6.161344447108217,1.0719052221770438
E1,E2,N1,co,12,xgb,0.4727563717114794,0.7063360412835058,0.6693080121643215
E1,E3,N1,co,12,xgb,6.581828945704552,5.918265611187303,1.1121212493847714
E1,E2,N2,co,1,lr,0.492387045164406,0.5107474132441241,0.9640519607077436
E1,E3,N2,co,1,lr,4.365363305106622,4.0845195131487575,1.0687580977526931
E1,E2,N2,co,1,rf,0.4476176787625071,0.3911268968668533,1.1444308288388672
E1,E3,N2,co,1,rf,4.256156772247362,4.133127491687575,1.0297666309126006
E1,E2,N2,co,1,ridge,0.4923890742292101,0.5107622627249901,0.9640279052767985
E1,E3,N2,co,1,ridge,4.365379995441363,4.084656747656928,1.0687262761908856
E1,E2,N2,co,1,svr,0.3730513441407712,0.3642830456218155,1.0240700154024147
E1,E3,N2,co,1,svr,4.065499355756902,4.1659407299127,0.9758898696194598
E1,E2,N2,co,1,xgb,0.4318194010857622,0.4105843619443219,1.0517190646055827
E1,E3,N2,co,1,xgb,4.1364480524930425,4.042282263792604,1.0232952036882474
E1,E2,N2,co,6,lr,0.5145592718089294,0.9005310685653591,0.571395357440223
E1,E3,N2,co,6,lr,6.663988357613296,5.632613709852007,1.18310764786822
E1,E2,N2,co,6,rf,0.4966727324945257,0.5208661353704407,0.9535515917948695
E1,E3,N2,co,6,rf,6.549376379841115,5.39196177266712,1.2146555661876444
E1,E2,N2,co,6,ridge,0.5145592692998338,0.9005599465787686,0.571377031872944
E1,E3,N2,co,6,ridge,6.663988362815345,5.632114278350038,1.1832125616541291
E1,E2,N2,co,6,svr,0.5128764440610012,0.3733452642224112,1.3737322880717397
E1,E3,N2,co,6,svr,6.669820080813231,5.4493870567820295,1.2239578527482853
E1,E2,N2,co,6,xgb,0.5338720093558609,0.5464341055229878,0.9770107757913393
E1,E3,N2,co,6,xgb,6.620004634438179,5.423125989071503,1.2206990300019924
E1,E2,N2,co,12,lr,0.4873917433135634,1.1959112097612068,0.407548436150944
E1,E3,N2,co,12,lr,7.08207121492002,6.433363950917596,1.1008348461165325
E1,E2,N2,co,12,rf,0.4924707363576515,0.5904490725716234,0.8340613259205572
E1,E3,N2,co,12,rf,7.150662063967734,5.840017988976799,1.2244246640104215
E1,E2,N2,co,12,ridge,0.4873917391149637,1.1958359114803483,0.4075740947699188
E1,E3,N2,co,12,ridge,7.082071213380898,6.432868962632703,1.1009195515281416
E1,E2,N2,co,12,svr,0.5006963427340647,0.3949873973233344,1.2676261220663645
E1,E3,N2,co,12,svr,7.0998843513592265,6.161344447108217,1.1523271280006926
E1,E2,N2,co,12,xgb,0.5296250573773396,0.7063360412835058,0.7498202362928288
E1,E3,N2,co,12,xgb,7.215735365943681,5.918265611187303,1.21923141676909
E2,E1,N0,co,1,lr,0.5132750513329827,0.5508031015451244,0.9318666686754901
E2,E3,N0,co,1,lr,4.368926280303651,4.0845195131487575,1.069630409706537
E2,E1,N0,co,1,rf,0.4311882180106519,0.384985425513396,1.1200117963833107
E2,E3,N0,co,1,rf,4.388037373587233,4.133127491687575,1.061674817051331
E2,E1,N0,co,1,ridge,0.5132750656642855,0.5510983478127187,0.9313674550131534
E2,E3,N0,co,1,ridge,4.368926299529394,4.084656747656928,1.0695944774393908
E2,E1,N0,co,1,svr,0.3423759592620925,0.3781031902858683,0.9055093108398162
E2,E3,N0,co,1,svr,4.442341484677047,4.1659407299127,1.066347740566664
E2,E1,N0,co,1,xgb,0.4401227638670934,0.3968713356350657,1.1089809828740027
E2,E3,N0,co,1,xgb,4.522794827671041,4.042282263792604,1.1188716008732167
E2,E1,N0,co,6,lr,0.9336867706178128,0.8781132901285866,1.0632873697664778
E2,E3,N0,co,6,lr,5.863602842620924,5.632613709852007,1.0410092267404907
E2,E1,N0,co,6,rf,0.6541719939687717,0.5560619104796859,1.1764373384331455
E2,E3,N0,co,6,rf,5.890036028664047,5.39196177266712,1.0923734768524809
E2,E1,N0,co,6,ridge,0.9336867512177152,0.8783373546507118,1.0630161022686029
E2,E3,N0,co,6,ridge,5.863603060258954,5.632114278350038,1.0411015775725225
E2,E1,N0,co,6,svr,0.3788572630556052,0.3960115456093419,0.9566823676129406
E2,E3,N0,co,6,svr,6.093271115907268,5.4493870567820295,1.1181571527982939
E2,E1,N0,co,6,xgb,0.6449601151838451,0.587649871308433,1.0975244727745925
E2,E3,N0,co,6,xgb,6.012459323243364,5.423125989071503,1.1086704117439767
E2,E1,N0,co,12,lr,1.2949032038385662,1.0489235994031263,1.2345066929330322
E2,E3,N0,co,12,lr,6.590042124316434,6.433363950917596,1.0243540043116153
E2,E1,N0,co,12,rf,0.6784341346601709,0.5938777786502205,1.1423800637938197
E2,E3,N0,co,12,rf,6.640651115316835,5.840017988976799,1.1370942911222628
E2,E1,N0,co,12,ridge,1.2949032379947287,1.0489916305433542,1.2344266629887197
E2,E3,N0,co,12,ridge,6.590042025388958,6.432868962632703,1.0244328096327227
E2,E1,N0,co,12,svr,0.402192642779224,0.4103335782668061,0.9801602015560893
E2,E3,N0,co,12,svr,6.656156358706236,6.161344447108217,1.0803090812152623
E2,E1,N0,co,12,xgb,0.6719645905969155,0.6390367810168669,1.0515272525122141
E2,E3,N0,co,12,xgb,6.842108278154385,5.918265611187303,1.1561002374108964
E2,E1,N1,co,1,lr,0.420156039561301,0.5508031015451244,0.7628062339930013
E2,E3,N1,co,1,lr,4.313039851385895,4.0845195131487575,1.055947911988544
E2,E1,N1,co,1,rf,0.3763492290639106,0.384985425513396,0.9775674717089131
E2,E3,N1,co,1,rf,4.3594425166809225,4.133127491687575,1.0547563619676639
E2,E1,N1,co,1,ridge,0.4201560409347417,0.5510983478127187,0.7623975695124466
E2,E3,N1,co,1,ridge,4.3130398285169,4.084656747656928,1.0559124291143873
E2,E1,N1,co,1,svr,0.3934682820832578,0.3781031902858683,1.0406372974154823
E2,E3,N1,co,1,svr,4.474575172258153,4.1659407299127,1.0740851736390213
E2,E1,N1,co,1,xgb,0.3750094846233437,0.3968713356350657,0.9449145124660134
E2,E3,N1,co,1,xgb,4.359151688104549,4.042282263792604,1.0783887427036447
E2,E1,N1,co,6,lr,0.4668983398245321,0.8781132901285866,0.5317062673725867
E2,E3,N1,co,6,lr,5.728512235814833,5.632613709852007,1.0170255818884029
E2,E1,N1,co,6,rf,0.4499445822644948,0.5560619104796859,0.8091627457028137
E2,E3,N1,co,6,rf,5.914081422437678,5.39196177266712,1.096832965770878
E2,E1,N1,co,6,ridge,0.4668983359709524,0.8783373546507118,0.5315706243151002
E2,E3,N1,co,6,ridge,5.728512209216124,5.632114278350038,1.0171157625896623
E2,E1,N1,co,6,svr,0.4375351091720484,0.3960115456093419,1.1048544266526734
E2,E3,N1,co,6,svr,6.112483724517253,5.4493870567820295,1.1216827986020863
E2,E1,N1,co,6,xgb,0.4694971253756875,0.587649871308433,0.798940233459641
E2,E3,N1,co,6,xgb,5.910546423733187,5.423125989071503,1.0898781322145046
E2,E1,N1,co,12,lr,0.4950393956319753,1.0489235994031263,0.47194990742287596
E2,E3,N1,co,12,lr,6.532834003893745,6.433363950917596,1.0154615926807562
E2,E1,N1,co,12,rf,0.4821657120734747,0.5938777786502205,0.8118938431563348
E2,E3,N1,co,12,rf,6.585130124941583,5.840017988976799,1.1275873015068112
E2,E1,N1,co,12,ridge,0.4950394038136345,1.0489916305433542,0.4719193074564524
E2,E3,N1,co,12,ridge,6.532833950923251,6.432868962632703,1.0155397209038806
E2,E1,N1,co,12,svr,0.4237623561118863,0.4103335782668061,1.0327264902419186
E2,E3,N1,co,12,svr,6.569864476022909,6.161344447108217,1.0663037154344501
E2,E1,N1,co,12,xgb,0.5025361855105711,0.6390367810168669,0.7863963396768974
E2,E3,N1,co,12,xgb,6.673953703042606,5.918265611187303,1.1276874242390922
E2,E1,N2,co,1,lr,0.480983834429625,0.5508031015451244,0.8732409695594653
E2,E3,N2,co,1,lr,4.387144064802588,4.0845195131487575,1.0740906122934732
E2,E1,N2,co,1,rf,0.4335013265059396,0.384985425513396,1.1260200978461596
E2,E3,N2,co,1,rf,4.219495606743277,4.133127491687575,1.0208965523636526
E2,E1,N2,co,1,ridge,0.4809838442675972,0.5510983478127187,0.8727731559649882
E2,E3,N2,co,1,ridge,4.387144055213674,4.084656747656928,1.0740545231200298
E2,E1,N2,co,1,svr,0.365653689762432,0.3781031902858683,0.9670738019586036
E2,E3,N2,co,1,svr,4.131227335745896,4.1659407299127,0.9916673336426629
E2,E1,N2,co,1,xgb,0.4336973103162562,0.3968713356350657,1.0927907142053035
E2,E3,N2,co,1,xgb,4.1484675513120415,4.042282263792604,1.0262686474100429
E2,E1,N2,co,6,lr,0.5141921468649447,0.8781132901285866,0.5855647017819864
E2,E3,N2,co,6,lr,6.405166204001668,5.632613709852007,1.1371570169632599
E2,E1,N2,co,6,rf,0.5074696271699523,0.5560619104796859,0.9126135374605759
E2,E3,N2,co,6,rf,6.539009054540018,5.39196177266712,1.2127328290210622
E2,E1,N2,co,6,ridge,0.5141920971412699,0.8783373546507118,0.5854152671734524
E2,E3,N2,co,6,ridge,6.405166127172016,5.632114278350038,1.1372578414812367
E2,E1,N2,co,6,svr,0.5466081497755012,0.3960115456093419,1.3802833675832273
E2,E3,N2,co,6,svr,6.5062348270695365,5.4493870567820295,1.193938833721163
E2,E1,N2,co,6,xgb,0.578444617624426,0.587649871308433,0.9843354791118885
E2,E3,N2,co,6,xgb,6.547727101269082,5.423125989071503,1.2073713785119204
E2,E1,N2,co,12,lr,0.5074704794751841,1.0489235994031263,0.48380118415102136
E2,E3,N2,co,12,lr,7.150604501471056,6.433363950917596,1.1114876378867327
E2,E1,N2,co,12,rf,0.4807761511295752,0.5938777786502205,0.8095540335290784
E2,E3,N2,co,12,rf,7.173387399411769,5.840017988976799,1.2283159765863296
E2,E1,N2,co,12,ridge,0.5074704752343144,1.0489916305433542,0.4837698037413855
E2,E3,N2,co,12,ridge,7.150604496682496,6.432868962632703,1.1115731624907923
E2,E1,N2,co,12,svr,0.5075600657350008,0.4103335782668061,1.2369449945550794
E2,E3,N2,co,12,svr,7.158842459379337,6.161344447108217,1.1618961609489775
E2,E1,N2,co,12,xgb,0.5246107134546399,0.6390367810168669,0.8209397784895158
E2,E3,N2,co,12,xgb,7.231713876456706,5.918265611187303,1.2219312804728788
E3,E1,N0,co,1,lr,1.236473721201912,0.5508031015451244,2.2448561341309263
E3,E2,N0,co,1,lr,1.171086893523836,0.5107474132441241,2.2928885456030432
E3,E1,N0,co,1,rf,1.3493651982189143,0.384985425513396,3.5049773544530236
E3,E2,N0,co,1,rf,1.274503786614655,0.3911268968668533,3.2585429353597206
E3,E1,N0,co,1,ridge,1.2396796553244134,0.5510983478127187,2.2494708253883156
E3,E2,N0,co,1,ridge,1.174417555295634,0.5107622627249901,2.2993428469635706
E3,E1,N0,co,1,svr,0.669980790531732,0.3781031902858683,1.7719522282400924
E3,E2,N0,co,1,svr,0.6948053990382321,0.3642830456218155,1.907322911095764
E3,E1,N0,co,1,xgb,1.0702210770587175,0.3968713356350657,2.6966449349287744
E3,E2,N0,co,1,xgb,1.1110939670291575,0.4105843619443219,2.7061283137223566
E3,E1,N0,co,6,lr,3.2853070781931613,0.8781132901285866,3.7413248553749563
E3,E2,N0,co,6,lr,3.2992664397104643,0.9005310685653591,3.6636897436160014
E3,E1,N0,co,6,rf,0.948843670174771,0.5560619104796859,1.7063633604327486
E3,E2,N0,co,6,rf,1.022216417883349,0.5208661353704407,1.9625319222497493
E3,E1,N0,co,6,ridge,3.2869203874195896,0.8783373546507118,3.742207216869079
E3,E2,N0,co,6,ridge,3.302089480606423,0.9005599465787686,3.666707022837376
E3,E1,N0,co,6,svr,0.982307287780461,0.3960115456093419,2.4805016385797223
E3,E2,N0,co,6,svr,1.1260640498950127,0.3733452642224112,3.016146601565536
E3,E1,N0,co,6,xgb,2.559340340387653,0.587649871308433,4.355212968377153
E3,E2,N0,co,6,xgb,3.5186195123721693,0.5464341055229878,6.43923846774631
E3,E1,N0,co,12,lr,4.199976805648844,1.0489235994031263,4.004082669165586
E3,E2,N0,co,12,lr,4.246799238627366,1.1959112097612068,3.5510991150215445
E3,E1,N0,co,12,rf,1.1608917062252062,0.5938777786502205,1.9547653540156165
E3,E2,N0,co,12,rf,1.3035710807244574,0.5904490725716234,2.2077620937686033
E3,E1,N0,co,12,ridge,4.203013910477891,1.0489916305433542,4.006718250269379
E3,E2,N0,co,12,ridge,4.250981095453666,1.1958359114803483,3.554819732910759
E3,E1,N0,co,12,svr,1.065274252737954,0.4103335782668061,2.5961176690377843
E3,E2,N0,co,12,svr,1.2924254269369673,0.3949873973233344,3.272067503153766
E3,E1,N0,co,12,xgb,2.5346028138773664,0.6390367810168669,3.9662862751721133
E3,E2,N0,co,12,xgb,3.966142319534873,0.7063360412835058,5.615092658060983
E3,E1,N1,co,1,lr,0.7108878257054221,0.5508031015451244,1.2906387486040378
E3,E2,N1,co,1,lr,1.0407639046280917,0.5107474132441241,2.0377272163111932
E3,E1,N1,co,1,rf,0.6387874727214782,0.384985425513396,1.6592510531265576
E3,E2,N1,co,1,rf,0.639258449267863,0.3911268968668533,1.6344016593813495
E3,E1,N1,co,1,ridge,0.7124712133634827,0.5510983478127187,1.292820448820514
E3,E2,N1,co,1,ridge,1.0475872525402523,0.5107622627249901,2.051027119645104
E3,E1,N1,co,1,svr,0.5878814799456161,0.3781031902858683,1.5548175605213568
E3,E2,N1,co,1,svr,0.5690147540616226,0.3642830456218155,1.5620127285647865
E3,E1,N1,co,1,xgb,9.393182283469384,0.3968713356350657,23.66807940018797
E3,E2,N1,co,1,xgb,7.385767844299892,0.4105843619443219,17.98842948943451
E3,E1,N1,co,6,lr,1.7720413533636197,0.8781132901285866,2.0180099461928545
E3,E2,N1,co,6,lr,3.930989576649504,0.9005310685653591,4.365190401383913
E3,E1,N1,co,6,rf,1.281891825889707,0.5560619104796859,2.305304142813675
E3,E2,N1,co,6,rf,1.528441877712209,0.5208661353704407,2.9344235954698403
E3,E1,N1,co,6,ridge,1.77161791099101,0.8783373546507118,2.0170130549616996
E3,E2,N1,co,6,ridge,3.9280500385418575,0.9005599465787686,4.361786301361212
E3,E1,N1,co,6,svr,1.240249486525184,0.3960115456093419,3.131851836836766
E3,E2,N1,co,6,svr,0.9248442202067766,0.3733452642224112,2.4771821389860285
E3,E1,N1,co,6,xgb,18.96886821386174,0.587649871308433,32.27920083029469
E3,E2,N1,co,6,xgb,13.589344039414648,0.5464341055229878,24.86913591604681
E3,E1,N1,co,12,lr,2.5628575379683696,1.0489235994031263,2.44332145775605
E3,E2,N1,co,12,lr,6.772800140369494,1.1959112097612068,5.663296810907768
E3,E1,N1,co,12,rf,4.069048949897628,0.5938777786502205,6.851660554038339
E3,E2,N1,co,12,rf,3.882184090640057,0.5904490725716234,6.574968563726782
E3,E1,N1,co,12,ridge,2.562861409454214,1.0489916305433542,2.443166689639563
E3,E2,N1,co,12,ridge,6.772159159223078,1.1958359114803483,5.663117401148868
E3,E1,N1,co,12,svr,0.6618903338401741,0.4103335782668061,1.6130542780240165
E3,E2,N1,co,12,svr,0.606948365053859,0.3949873973233344,1.536627166251116
E3,E1,N1,co,12,xgb,27.22822012945127,0.6390367810168669,42.60822058806127
E3,E2,N1,co,12,xgb,30.82310684949561,0.7063360412835058,43.63802078326055
E3,E1,N2,co,1,lr,0.7348372278429071,0.5508031015451244,1.3341196260179478
E3,E2,N2,co,1,lr,0.7206446779154965,0.5107474132441241,1.4109609940815244
E3,E1,N2,co,1,rf,0.4341188405096639,0.384985425513396,1.1276240910438264
E3,E2,N2,co,1,rf,0.4565037634625769,0.3911268968668533,1.1671500147891365
E3,E1,N2,co,1,ridge,0.7348790180617959,0.5510983478127187,1.333480713521449
E3,E2,N2,co,1,ridge,0.7206589400311094,0.5107622627249901,1.4109478961626694
E3,E1,N2,co,1,svr,0.4984643114848069,0.3781031902858683,1.318328763922723
E3,E2,N2,co,1,svr,0.4802215525380141,0.3642830456218155,1.3182648995324404
E3,E1,N2,co,1,xgb,0.6644767411017292,0.3968713356350657,1.6742875623366613
E3,E2,N2,co,1,xgb,0.6352923471696896,0.4105843619443219,1.5472882215027948
E3,E1,N2,co,6,lr,0.5736687391284814,0.8781132901285866,0.6532969556177383
E3,E2,N2,co,6,lr,0.5765317081011366,0.9005310685653591,0.6402130123279505
E3,E1,N2,co,6,rf,0.5430748925746401,0.5560619104796859,0.9766446547402563
E3,E2,N2,co,6,rf,0.5332881682111197,0.5208661353704407,1.0238488010587297
E3,E1,N2,co,6,ridge,0.5736115430474451,0.8783373546507118,0.6530651804915585
E3,E2,N2,co,6,ridge,0.5763764456234655,0.9005599465787686,0.6400200761905104
E3,E1,N2,co,6,svr,0.5434100724072171,0.3960115456093419,1.3722076500852354
E3,E2,N2,co,6,svr,0.5384775746618484,0.3733452642224112,1.442304553623757
E3,E1,N2,co,6,xgb,0.5998590380612469,0.587649871308433,1.0207762604042259
E3,E2,N2,co,6,xgb,0.6185897151737342,0.5464341055229878,1.1320481443625976
E3,E1,N2,co,12,lr,0.5670322073609453,1.0489235994031263,0.5405848506827439
E3,E2,N2,co,12,lr,0.568649771739967,1.1959112097612068,0.4754949757963319
E3,E1,N2,co,12,rf,0.4992136976547336,0.5938777786502205,0.8406000621699609
E3,E2,N2,co,12,rf,0.4996475948383229,0.5904490725716234,0.8462162412452837
E3,E1,N2,co,12,ridge,0.5670238221533465,1.0489916305433542,0.5405417980881705
E3,E2,N2,co,12,ridge,0.5686547618743776,1.1958359114803483,0.47552908924639076
E3,E1,N2,co,12,svr,0.506463155020115,0.4103335782668061,1.2342717775117193
E3,E2,N2,co,12,svr,0.5369797326512306,0.3949873973233344,1.3594857362288502
E3,E1,N2,co,12,xgb,0.5998674774029528,0.6390367810168669,0.9387057133838431
E3,E2,N2,co,12,xgb,0.5935771606312009,0.7063360412835058,0.8403608565019461
