nguon,dich,mode,h,model,n_chuoi,mae_p50,mae_p50_naive,ti_so_p50,hieu_p50,n_tot_hon_naive,p,p_holm,co_y_nghia,ket_luan
E1,E2,N0,1,lr,302,0.5159256357401791,0.4140311037709882,1.2461035681646555,0.06715999023738498,5,5.888273871477804e-48,8.832410807216707e-47,True,tệ hơn naive
E1,E2,N0,1,rf,302,0.42363043297761094,0.4140311037709882,1.02318504363366,0.005199396587405029,138,0.006458342855117495,0.02583337142046998,True,tệ hơn naive
E1,E2,N0,1,ridge,302,0.516034575225095,0.4140311037709882,1.2463666872490036,0.06752905087588872,5,5.888273871477804e-48,8.832410807216707e-47,True,tệ hơn naive
E1,E2,N0,1,svr,302,0.376087604487788,0.4140311037709882,0.9083559207566498,-0.007407536813422447,177,0.662689172955639,1.0,False,không khác
E1,E2,N0,1,xgb,302,0.4463919726033004,0.4140311037709882,1.0781604776490703,0.007435074205098757,126,4.700819797065014e-05,0.0004230737817358513,True,tệ hơn naive
E1,E2,N0,6,lr,302,0.7085551811807178,0.48079877112135183,1.4737042266729943,0.2689457731302393,23,9.055805207012526e-36,9.055805207012526e-35,True,tệ hơn naive
E1,E2,N0,6,rf,302,0.5979106114437589,0.48079877112135183,1.2435776615012364,0.027675845032914544,125,6.125942836591409e-07,4.288159985613986e-06,True,tệ hơn naive
E1,E2,N0,6,ridge,302,0.7085551807906604,0.48079877112135183,1.4737042258617248,0.2689457962132942,23,9.055805207012526e-36,9.055805207012526e-35,True,tệ hơn naive
E1,E2,N0,6,svr,302,0.39608277555377386,0.48079877112135183,0.82380155554475,-0.02676735446089465,199,0.004632500691347988,0.02779500414808793,True,tốt hơn naive
E1,E2,N0,6,xgb,302,0.6137498219741354,0.48079877112135183,1.27652119522416,0.025760225711330298,107,2.1492802204937126e-08,1.71942417639497e-07,True,tệ hơn naive
E1,E2,N0,12,lr,302,0.9477934036916034,0.46491826581378815,2.0386237181552667,0.49385366527074226,21,2.3859047373835576e-38,2.6244952111219134e-37,True,tệ hơn naive
E1,E2,N0,12,rf,302,0.679749856666776,0.46491826581378815,1.4620846429359984,0.07050847752940287,63,3.654631379801204e-19,2.558241965860843e-18,True,tệ hơn naive
E1,E2,N0,12,ridge,302,0.9477933793608636,0.46491826581378815,2.038623665821896,0.49385368674364216,21,2.3859047373835576e-38,2.6244952111219134e-37,True,tệ hơn naive
E1,E2,N0,12,svr,302,0.40230348618633927,0.46491826581378815,0.8653208870642055,-0.0015005021990352058,151,0.8892479584778806,1.0,False,không khác
E1,E2,N0,12,xgb,302,0.6762410056328385,0.46491826581378815,1.454537400136674,0.08374827768756907,56,4.2226214715765555e-21,3.3780971772612444e-20,True,tệ hơn naive
E1,E2,N1,1,lr,302,0.4059527688150857,0.4140311037709882,0.9804885795237963,-0.0036804481354612353,157,0.0004397933186651919,0.003518346549321535,True,tốt hơn naive
E1,E2,N1,1,rf,302,0.35858502188924246,0.4140311037709882,0.8660823272050245,-0.010271059854722556,175,0.525398228341591,1.0,False,không khác
E1,E2,N1,1,ridge,302,0.40597185789478896,0.4140311037709882,0.9805346849480734,-0.003681384259690744,157,0.00044197912562446315,0.003518346549321535,True,tốt hơn naive
E1,E2,N1,1,svr,302,0.3756361449869877,0.4140311037709882,0.9072655207922791,-0.0034351276037242473,160,0.0029735147179113515,0.014867573589556758,True,tốt hơn naive
E1,E2,N1,1,xgb,302,0.4038013511092176,0.4140311037709882,0.9752923087937159,-0.0009045347098031939,153,0.0024424704798094656,0.014654822878856794,True,tốt hơn naive
E1,E2,N1,6,lr,302,0.4867739160185708,0.48079877112135183,1.0124275377894234,-0.006930331123359959,163,0.04564791212873365,0.22823956064366824,False,không khác
E1,E2,N1,6,rf,302,0.41604215049153737,0.48079877112135183,0.8653145046964562,-0.028173174536712225,182,0.4151896633230575,1.0,False,không khác
E1,E2,N1,6,ridge,302,0.4867738963072904,0.48079877112135183,1.0124274967924793,-0.006930358123431901,163,0.04564791212873365,0.22823956064366824,False,không khác
E1,E2,N1,6,svr,302,0.411734988651783,0.48079877112135183,0.856356158505785,-0.027601466297507746,181,0.6096277673122228,1.0,False,không khác
E1,E2,N1,6,xgb,302,0.4493282143664355,0.48079877112135183,0.9345452637461644,-0.02591525280677635,177,0.74025583599244,1.0,False,không khác
E1,E2,N1,12,lr,302,0.4922685765465425,0.46491826581378815,1.058828212922288,0.005909980512899697,138,0.008053654731262565,0.04832192838757539,True,tệ hơn naive
E1,E2,N1,12,rf,302,0.44377840701945226,0.46491826581378815,0.9545299456941472,-0.010805523161809605,179,0.4772301155807457,1.0,False,không khác
E1,E2,N1,12,ridge,302,0.49226857781850164,0.46491826581378815,1.0588282156581648,0.005909980480015148,138,0.008053654731262565,0.04832192838757539,True,tệ hơn naive
E1,E2,N1,12,svr,302,0.3925261993682213,0.46491826581378815,0.8442907672838955,-0.007827380257528094,171,0.8923704540626883,1.0,False,không khác
E1,E2,N1,12,xgb,302,0.47275637171147944,0.46491826581378815,1.01685910508156,-0.0063118145717797995,173,0.7333050038703918,1.0,False,không khác
E1,E2,N2,1,lr,302,0.492387045164406,0.4140311037709882,1.1892513404904927,0.06472645542899058,5,8.485693592272366e-48,1.1031401669954076e-46,True,tệ hơn naive
E1,E2,N2,1,rf,302,0.44761767876250713,0.4140311037709882,1.0811208981296647,0.018352649497842252,30,7.020543227940748e-32,7.722597550734823e-31,True,tệ hơn naive
E1,E2,N2,1,ridge,302,0.49238907422921,0.4140311037709882,1.1892562412450147,0.06463276400581651,5,8.485693592272366e-48,1.1031401669954076e-46,True,tệ hơn naive
E1,E2,N2,1,svr,302,0.37305134414077123,0.4140311037709882,0.9010225095241058,-0.005371212391727855,184,0.011048131059441272,0.033144393178323815,True,tốt hơn naive
E1,E2,N2,1,xgb,302,0.4318194010857622,0.4140311037709882,1.0429636738707757,0.01455766092390065,94,1.5081551813243796e-12,1.5081551813243797e-11,True,tệ hơn naive
E1,E2,N2,6,lr,302,0.5145592718089294,0.48079877112135183,1.0702175269891787,0.033767829592788665,1,4.3504017848615867e-51,6.52560267729238e-50,True,tệ hơn naive
E1,E2,N2,6,rf,302,0.4966727324945257,0.48079877112135183,1.03301581103494,0.011499636489880258,13,3.352768013644898e-46,3.6880448150093877e-45,True,tệ hơn naive
E1,E2,N2,6,ridge,302,0.5145592692998338,0.48079877112135183,1.0702175217705807,0.03376782783207555,1,4.3504017848615867e-51,6.52560267729238e-50,True,tệ hơn naive
E1,E2,N2,6,svr,302,0.5128764440610012,0.48079877112135183,1.0667174603313474,0.0314693973857639,1,2.208820287662477e-50,2.8714663739612198e-49,True,tệ hơn naive
E1,E2,N2,6,xgb,302,0.5338720093558609,0.48079877112135183,1.1103855530053208,0.04944952855244724,3,4.625699796578355e-50,5.550839755894026e-49,True,tệ hơn naive
E1,E2,N2,12,lr,302,0.48739174331356344,0.46491826581378815,1.0483385557253553,0.021687360261328864,6,6.615361872103867e-49,9.261506620945414e-48,True,tệ hơn naive
E1,E2,N2,12,rf,302,0.4924707363576515,0.46491826581378815,1.059263041635148,0.0181415009458923,23,9.393418862058723e-37,8.454076975852851e-36,True,tệ hơn naive
E1,E2,N2,12,ridge,302,0.4873917391149637,0.46491826581378815,1.048338546694521,0.02168735996041872,6,6.615361872103867e-49,9.261506620945414e-48,True,tệ hơn naive
E1,E2,N2,12,svr,302,0.5006963427340647,0.46491826581378815,1.0769556275825192,0.023505361305778353,15,5.594379096846449e-41,6.713254916215739e-40,True,tệ hơn naive
E1,E2,N2,12,xgb,302,0.5296250573773396,0.46491826581378815,1.1391788542665435,0.058478518723184485,5,5.499176743538209e-49,8.248765115307313e-48,True,tệ hơn naive
E1,E3,N0,1,lr,497,4.3385376782510185,4.295534398772086,1.0100111593778005,0.026691869465128,187,2.4519744335035216e-16,2.4519744335035217e-15,True,tệ hơn naive
E1,E3,N0,1,rf,497,4.289811124911862,4.295534398772086,0.9986676223889952,0.008944177818175802,237,0.023151021000992214,0.09260408400396886,False,không khác
E1,E3,N0,1,ridge,497,4.338376167336825,4.295534398772086,1.0099735596523183,0.026158000048830843,189,3.9368334212424485e-16,3.5431500791182038e-15,True,tệ hơn naive
E1,E3,N0,1,svr,497,4.286973538539383,4.295534398772086,0.9980070325510253,-0.01891529553887461,269,0.7755109196028919,1.0,False,không khác
E1,E3,N0,1,xgb,497,4.29929153477883,4.295534398772086,1.0008746609054784,0.0019472833252409671,246,0.02405429729737624,0.09260408400396886,False,không khác
E1,E3,N0,6,lr,497,5.673032023313892,6.508720663903487,0.8716047770763593,-0.8056861096758707,382,3.807003061846438e-56,3.426302755661794e-55,True,tốt hơn naive
E1,E3,N0,6,rf,497,5.84066236660137,6.508720663903487,0.897359507067636,-0.6774232387178554,352,8.400042229659443e-24,3.360016891863777e-23,True,tốt hơn naive
E1,E3,N0,6,ridge,497,5.673031999995898,6.508720663903487,0.8716047734937821,-0.8056861344440316,382,3.807003061846438e-56,3.426302755661794e-55,True,tốt hơn naive
E1,E3,N0,6,svr,497,5.770477708235156,6.508720663903487,0.8865763344611592,-0.6586230725879858,469,6.545213222882266e-79,7.199734545170493e-78,True,tốt hơn naive
E1,E3,N0,6,xgb,497,5.875232196141099,6.508720663903487,0.9026708165130466,-0.6265028247527082,349,2.552096043499245e-31,1.2760480217496223e-30,True,tốt hơn naive
E1,E3,N0,12,lr,497,6.520227246861018,7.027038242901766,0.9278770118331583,-0.43180244460802175,338,2.7496971841100624e-07,1.9247880288770437e-06,True,tốt hơn naive
E1,E3,N0,12,rf,497,6.653869201979249,7.027038242901766,0.9468952597063965,-0.31004630841017367,316,0.452123921432818,0.904247842865636,False,không khác
E1,E3,N0,12,ridge,497,6.520227207269221,7.027038242901766,0.92787700619895,-0.4318025278068509,338,2.7496971841100624e-07,1.9247880288770437e-06,True,tốt hơn naive
E1,E3,N0,12,svr,497,6.393311355260217,7.027038242901766,0.9098159330096579,-0.5204547744519541,449,2.597488079917944e-72,2.8572368879097386e-71,True,tốt hơn naive
E1,E3,N0,12,xgb,497,6.735214927283975,7.027038242901766,0.9584713636769273,-0.2043925227903527,293,0.7956730417111193,0.904247842865636,False,không khác
E1,E3,N1,1,lr,497,4.137102546833611,4.295534398772086,0.9631170799182135,-0.2018105604210776,351,1.276478821163077e-11,1.0211830569304616e-10,True,tốt hơn naive
E1,E3,N1,1,rf,497,4.314056172841696,4.295534398772086,1.004311867244016,-0.002501600226625378,252,0.01683989163682708,0.0841994581841354,False,không khác
E1,E3,N1,1,ridge,497,4.1371837157994245,4.295534398772086,0.9631359760457446,-0.20185990811122956,351,1.2875447202327189e-11,1.0211830569304616e-10,True,tốt hơn naive
E1,E3,N1,1,svr,497,4.496090297297692,4.295534398772086,1.0466893941258941,0.09166194047687082,171,2.1587450657356415e-26,2.374619572309206e-25,True,tệ hơn naive
E1,E3,N1,1,xgb,497,4.295420270701856,4.295534398772086,0.9999734309960914,-0.030165683266405452,281,0.9029740925337421,1.0,False,không khác
E1,E3,N1,6,lr,497,5.585484492694989,6.508720663903487,0.8581539723576331,-0.8921333995304641,387,6.736585062494899e-36,4.715609543746429e-35,True,tốt hơn naive
E1,E3,N1,6,rf,497,5.771177155966754,6.508720663903487,0.8866837976275349,-0.7236269611544852,348,1.79855707576364e-10,4.2657839905717395e-10,True,tốt hơn naive
E1,E3,N1,6,ridge,497,5.585484595824816,6.508720663903487,0.8581539882025023,-0.8921333990664975,387,6.736585062494899e-36,4.715609543746429e-35,True,tốt hơn naive
E1,E3,N1,6,svr,497,5.926358881743238,6.508720663903487,0.910525921723765,-0.5645683162378337,348,1.4219279968572466e-10,4.2657839905717395e-10,True,tốt hơn naive
E1,E3,N1,6,xgb,497,5.7927024527381,6.508720663903487,0.8899909447433609,-0.6921946813090214,345,4.027246303953371e-05,4.027246303953371e-05,True,tốt hơn naive
E1,E3,N1,12,lr,497,6.261164423265015,7.027038242901766,0.8910104380874283,-0.7208711360693831,345,1.4568577425868013e-14,1.3111719683281212e-13,True,tốt hơn naive
E1,E3,N1,12,rf,497,6.412180528699334,7.027038242901766,0.9125011572516317,-0.5302320216268992,340,0.0011594497230809923,0.005797248615404962,True,tốt hơn naive
E1,E3,N1,12,ridge,497,6.261164407934318,7.027038242901766,0.8910104359057557,-0.7208711718985832,345,1.4568577425868013e-14,1.3111719683281212e-13,True,tốt hơn naive
E1,E3,N1,12,svr,497,6.604377288486828,7.027038242901766,0.9398521909508772,-0.36013918240947707,338,0.046250991958767716,0.18500396783507086,False,không khác
E1,E3,N1,12,xgb,497,6.581828945704552,7.027038242901766,0.9366433934457473,-0.38881388617464196,330,0.1659649006346774,0.4978947019040322,False,không khác
E1,E3,N2,1,lr,497,4.365363305106622,4.295534398772086,1.0162561627616105,0.07058922463499506,94,3.16062774719628e-51,4.424878846074791e-50,True,tệ hơn naive
E1,E3,N2,1,rf,497,4.256156772247362,4.295534398772086,0.9908328922855371,-0.042158274100178694,327,4.656113071437132e-10,2.7936678428622792e-09,True,tốt hơn naive
E1,E3,N2,1,ridge,497,4.365379995441363,4.295534398772086,1.0162600482699526,0.07050535007180692,94,3.3133914341011835e-51,4.424878846074791e-50,True,tệ hơn naive
E1,E3,N2,1,svr,497,4.065499355756902,4.295534398772086,0.9464478638371651,-0.21034751218690229,472,1.9250000521072185e-80,2.887500078160828e-79,True,tốt hơn naive
E1,E3,N2,1,xgb,497,4.1364480524930425,4.295534398772086,0.9629647136978998,-0.14473332296770458,373,3.604120190998849e-38,4.324944229198619e-37,True,tốt hơn naive
E1,E3,N2,6,lr,497,6.663988357613296,6.508720663903487,1.0238553322115824,0.15407314237738223,11,9.32305253057141e-83,1.3984578795857115e-81,True,tệ hơn naive
E1,E3,N2,6,rf,497,6.549376379841115,6.508720663903487,1.0062463451785693,0.0415057152449938,50,7.530225885420685e-71,7.530225885420685e-70,True,tệ hơn naive
E1,E3,N2,6,ridge,497,6.663988362815345,6.508720663903487,1.0238553330108253,0.15407313294727398,11,9.32305253057141e-83,1.3984578795857115e-81,True,tệ hơn naive
E1,E3,N2,6,svr,497,6.669820080813231,6.508720663903487,1.0247513183048675,0.1562526405345972,10,1.2010221010614957e-82,1.5613287313799443e-81,True,tệ hơn naive
E1,E3,N2,6,xgb,497,6.620004634438179,6.508720663903487,1.0170976719206677,0.12248898465698588,17,1.781798610646238e-80,2.1381583327754857e-79,True,tệ hơn naive
E1,E3,N2,12,lr,497,7.08207121492002,7.027038242901766,1.007831602748689,0.033470189912893744,53,4.757321754298756e-74,6.184518280588382e-73,True,tệ hơn naive
E1,E3,N2,12,rf,497,7.150662063967734,7.027038242901766,1.0175925926105274,0.10209635942180917,10,1.5010245172117785e-82,2.1014343240964899e-81,True,tệ hơn naive
E1,E3,N2,12,ridge,497,7.082071213380898,7.027038242901766,1.0078316025296605,0.033470174420681786,53,4.757321754298756e-74,6.184518280588382e-73,True,tệ hơn naive
E1,E3,N2,12,svr,497,7.0998843513592265,7.027038242901766,1.01036654504208,0.05352662743842451,78,8.547752781705078e-57,8.547752781705078e-56,True,tệ hơn naive
E1,E3,N2,12,xgb,497,7.215735365943681,7.027038242901766,1.0268530092649664,0.17115002656166034,7,6.000713147990189e-83,9.001069721985283e-82,True,tệ hơn naive
E2,E1,N0,1,lr,735,0.5132750513329827,0.4077071290944123,1.2589307733545274,0.094895991815371,5,1.0294982918921927e-119,1.3383477794598505e-118,True,tệ hơn naive
E2,E1,N0,1,rf,735,0.4311882180106519,0.4077071290944123,1.057593029997771,0.024925479787268,234,3.4087781605805007e-31,2.7270225284644006e-30,True,tệ hơn naive
E2,E1,N0,1,ridge,735,0.5132750656642855,0.4077071290944123,1.2589308085055018,0.09489598994901471,5,1.0294982918921927e-119,1.3383477794598505e-118,True,tệ hơn naive
E2,E1,N0,1,svr,735,0.3423759592620925,0.4077071290944123,0.839759559815813,0.0063019219706571955,336,5.324146500302917e-12,1.0648293000605834e-11,True,tệ hơn naive
E2,E1,N0,1,xgb,735,0.4401227638670934,0.4077071290944123,1.0795071571220298,0.0307792230837608,184,5.207792628012711e-44,4.68701336521144e-43,True,tệ hơn naive
E2,E1,N0,6,lr,735,0.9336867706178128,0.4660801564027368,2.00327509719384,0.5495603230269137,53,1.6962139060639947e-97,2.0354566872767936e-96,True,tệ hơn naive
E2,E1,N0,6,rf,735,0.6541719939687717,0.4660801564027368,1.4035611363885356,0.0436351592932499,197,1.4543669453414586e-35,1.018056861739021e-34,True,tệ hơn naive
E2,E1,N0,6,ridge,735,0.9336867512177152,0.4660801564027368,2.003275055569889,0.5495603168567167,53,1.6962139060639947e-97,2.0354566872767936e-96,True,tệ hơn naive
E2,E1,N0,6,svr,735,0.3788572630556052,0.4660801564027368,0.8128585992153614,-0.003534792084985694,399,0.014821218497596919,0.014821218497596919,True,tốt hơn naive
E2,E1,N0,6,xgb,735,0.6449601151838451,0.4660801564027368,1.383796555857957,0.057766457573526164,168,6.695409596684943e-39,5.356327677347954e-38,True,tệ hơn naive
E2,E1,N0,12,lr,735,1.2949032038385662,0.4493532338308457,2.8817044283829922,0.9523289478150794,52,5.508087512976101e-96,5.5080875129761005e-95,True,tệ hơn naive
E2,E1,N0,12,rf,735,0.6784341346601709,0.4493532338308457,1.5098013847065364,0.10717514212581379,115,2.6541401721874884e-60,1.8578981205312418e-59,True,tệ hơn naive
E2,E1,N0,12,ridge,735,1.2949032379947287,0.4493532338308457,2.881704504394824,0.9523290623940912,52,5.508087512976101e-96,5.5080875129761005e-95,True,tệ hơn naive
E2,E1,N0,12,svr,735,0.402192642779224,0.4493532338308457,0.8950478432088579,0.0172853401975695,294,1.9843410034643757e-07,3.9686820069287514e-07,True,tệ hơn naive
E2,E1,N0,12,xgb,735,0.6719645905969155,0.4493532338308457,1.495403927258415,0.1117638628043939,103,7.078004736648229e-62,5.662403789318583e-61,True,tệ hơn naive
E2,E1,N1,1,lr,735,0.420156039561301,0.4077071290944123,1.0305339533663291,0.00254764239939681,358,4.71229775110286e-17,3.298608425772002e-16,True,tệ hơn naive
E2,E1,N1,1,rf,735,0.3763492290639106,0.4077071290944123,0.9230871922692325,-0.000889891758102293,371,1.5132075672095033e-12,4.53962270162851e-12,True,tốt hơn naive
E2,E1,N1,1,ridge,735,0.4201560409347417,0.4077071290944123,1.0305339567350233,0.0025476433229612017,358,4.71229775110286e-17,3.298608425772002e-16,True,tệ hơn naive
E2,E1,N1,1,svr,735,0.3934682820832578,0.4077071290944123,0.9650757958469319,0.004744467060739277,352,9.800660445452362e-17,4.900330222726181e-16,True,tệ hơn naive
E2,E1,N1,1,xgb,735,0.3750094846233437,0.4077071290944123,0.9198011461224735,0.0005912912004660126,364,2.8252747156269048e-14,1.1301098862507619e-13,True,tệ hơn naive
E2,E1,N1,6,lr,735,0.4668983398245321,0.4660801564027368,1.0017554564607731,0.0036513717865993556,351,1.7981033313494625e-12,1.0788619988096775e-11,True,tệ hơn naive
E2,E1,N1,6,rf,735,0.4499445822644948,0.4660801564027368,0.9653802593468507,-0.008835255004081707,399,8.96837652163325e-06,2.690512956489975e-05,True,tốt hơn naive
E2,E1,N1,6,ridge,735,0.4668983359709524,0.4660801564027368,1.001755448192711,0.003651260068401996,351,1.7981033313494625e-12,1.0788619988096775e-11,True,tệ hơn naive
E2,E1,N1,6,svr,735,0.4375351091720484,0.4660801564027368,0.9387550685465724,-0.010179225667527006,406,0.0017793442281817825,0.003558688456363565,True,tốt hơn naive
E2,E1,N1,6,xgb,735,0.4694971253756875,0.4660801564027368,1.007331290392887,-0.007902258265410605,397,1.3183552784522001e-06,5.2734211138088004e-06,True,tốt hơn naive
E2,E1,N1,12,lr,735,0.4950393956319753,0.4493532338308457,1.1016709313776245,0.021213376717509308,251,1.8288130519023372e-21,1.0972878311414023e-20,True,tệ hơn naive
E2,E1,N1,12,rf,735,0.4821657120734747,0.4493532338308457,1.0730215691626266,0.005252227817340305,326,1.3569890637127522e-08,4.0709671911382566e-08,True,tệ hơn naive
E2,E1,N1,12,ridge,735,0.4950394038136345,0.4493532338308457,1.1016709495852586,0.02121337576328189,251,1.8288130519023372e-21,1.0972878311414023e-20,True,tệ hơn naive
E2,E1,N1,12,svr,735,0.4237623561118863,0.4493532338308457,0.9430495303198534,-0.00011778382462999948,369,0.0018674219930682123,0.0018674219930682123,True,tốt hơn naive
E2,E1,N1,12,xgb,735,0.5025361855105711,0.4493532338308457,1.1183544429542163,0.007974321559723413,306,3.4471454853337534e-11,1.3788581941335014e-10,True,tệ hơn naive
E2,E1,N2,1,lr,735,0.480983834429625,0.4077071290944123,1.1797287810443071,0.055802519954608165,3,5.2344835045512815e-120,7.851725256826923e-119,True,tệ hơn naive
E2,E1,N2,1,rf,735,0.4335013265059396,0.4077071290944123,1.06326648608971,0.03289209249900882,115,4.4664176589127794e-71,4.9130594248040576e-70,True,tệ hơn naive
E2,E1,N2,1,ridge,735,0.4809838442675972,0.4077071290944123,1.1797288051743051,0.05580249883220767,3,5.234537137633487e-120,7.851725256826923e-119,True,tệ hơn naive
E2,E1,N2,1,svr,735,0.365653689762432,0.4077071290944123,0.8968538042849822,-0.0037006064349036985,407,0.040131399361678144,0.040131399361678144,True,tốt hơn naive
E2,E1,N2,1,xgb,735,0.4336973103162562,0.4077071290944123,1.063747183620685,0.029101873876359298,171,4.296243614913601e-48,4.296243614913601e-47,True,tệ hơn naive
E2,E1,N2,6,lr,735,0.5141921468649447,0.4660801564027368,1.1032268587307859,0.0476616471788289,72,7.613828815477541e-95,7.613828815477541e-94,True,tệ hơn naive
E2,E1,N2,6,rf,735,0.5074696271699523,0.4660801564027368,1.0888033317845247,0.04175299289156329,17,2.6391461513611556e-114,3.430889996769502e-113,True,tệ hơn naive
E2,E1,N2,6,ridge,735,0.5141920971412699,0.4660801564027368,1.1032267520459718,0.0476616024964031,72,7.613828815477541e-95,7.613828815477541e-94,True,tệ hơn naive
E2,E1,N2,6,svr,735,0.5466081497755012,0.4660801564027368,1.172777133431917,0.0698884403885385,5,1.8065033200158314e-119,2.709754980023747e-118,True,tệ hơn naive
E2,E1,N2,6,xgb,735,0.578444617624426,0.4660801564027368,1.241083984542341,0.0828926163324076,3,1.843368332401398e-119,2.709754980023747e-118,True,tệ hơn naive
E2,E1,N2,12,lr,735,0.5074704794751841,0.4493532338308457,1.129335323012755,0.03909224102578723,2,2.9477649557141635e-121,4.1268709379998286e-120,True,tệ hơn naive
E2,E1,N2,12,rf,735,0.4807761511295752,0.4493532338308457,1.0699292114376067,0.026740879482608393,14,1.8530488821476748e-118,2.0383537703624424e-117,True,tệ hơn naive
E2,E1,N2,12,ridge,735,0.5074704752343144,0.4493532338308457,1.1293353135750357,0.03909223806785045,2,2.9477649557141635e-121,4.1268709379998286e-120,True,tệ hơn naive
E2,E1,N2,12,svr,735,0.5075600657350008,0.4493532338308457,1.1295346901321432,0.05063094337562579,1,9.070302867606915e-122,1.3605454301410372e-120,True,tệ hơn naive
E2,E1,N2,12,xgb,735,0.5246107134546399,0.4493532338308457,1.1674795549643784,0.08962719765577509,6,6.317921053732818e-119,7.581505264479382e-118,True,tệ hơn naive
E2,E3,N0,1,lr,497,4.368926280303651,4.295534398772086,1.0170856230490306,0.04163558731035799,136,6.27972618650287e-34,5.023780949202296e-33,True,tệ hơn naive
E2,E3,N0,1,rf,497,4.388037373587233,4.295534398772086,1.0215346837500798,0.0812543333617306,159,8.9328363218814e-21,4.4664181609406996e-20,True,tệ hơn naive
E2,E3,N0,1,ridge,497,4.368926299529394,4.295534398772086,1.017085627524782,0.04163575520627205,136,6.27972618650287e-34,5.023780949202296e-33,True,tệ hơn naive
E2,E3,N0,1,svr,497,4.442341484677047,4.295534398772086,1.0341766756534243,0.12948926786392523,126,6.226393610614408e-38,6.2263936106144075e-37,True,tệ hơn naive
E2,E3,N0,1,xgb,497,4.522794827671041,4.295534398772086,1.0529062062601382,0.16255834145260106,112,2.3450746760840715e-45,2.8140896113008856e-44,True,tệ hơn naive
E2,E3,N0,6,lr,497,5.863602842620924,6.508720663903487,0.9008840823573361,-0.6464808458733078,343,4.693498803629943e-14,2.8160992821779656e-13,True,tốt hơn naive
E2,E3,N0,6,rf,497,5.890036028664047,6.508720663903487,0.9049452776994128,-0.5849571910207798,349,8.543767222184071e-13,2.5631301666552213e-12,True,tốt hơn naive
E2,E3,N0,6,ridge,497,5.863603060258954,6.508720663903487,0.9008841157952482,-0.64648093813486,343,4.693498803629943e-14,2.8160992821779656e-13,True,tốt hơn naive
E2,E3,N0,6,svr,497,6.093271115907268,6.508720663903487,0.9361703214119715,-0.39808510358834326,356,2.3494964472175486e-22,2.3494964472175486e-21,True,tốt hơn naive
E2,E3,N0,6,xgb,497,6.012459323243364,6.508720663903487,0.9237543956353322,-0.49038011071775234,355,6.943652344994909e-24,7.6380175794944e-23,True,tốt hơn naive
E2,E3,N0,12,lr,497,6.590042124316434,7.027038242901766,0.9378121900749927,-0.33244091824628796,337,0.2368108946676455,0.947243578670582,False,không khác
E2,E3,N0,12,rf,497,6.640651115316835,7.027038242901766,0.9450142272990711,-0.26260773387389946,307,0.4002574483596022,0.947243578670582,False,không khác
E2,E3,N0,12,ridge,497,6.590042025388958,7.027038242901766,0.9378121759968744,-0.33244110051099973,337,0.2368108946676455,0.947243578670582,False,không khác
E2,E3,N0,12,svr,497,6.656156358706236,7.027038242901766,0.9472207391826606,-0.34900684929853387,367,4.617086150781627e-22,4.617086150781627e-21,True,tốt hơn naive
E2,E3,N0,12,xgb,497,6.842108278154385,7.027038242901766,0.9736830854828228,-0.10876302176057795,277,0.32550794809672967,0.947243578670582,False,không khác
E2,E3,N1,1,lr,497,4.313039851385895,4.295534398772086,1.0040752677056464,-0.051491680830765496,282,0.1370824288453018,0.2741648576906036,False,không khác
E2,E3,N1,1,rf,497,4.3594425166809225,4.295534398772086,1.014877803778525,0.05060270585010418,196,3.821944279662816e-11,1.5287777118651264e-10,True,tệ hơn naive
E2,E3,N1,1,ridge,497,4.3130398285169,4.295534398772086,1.0040752623817464,-0.05149167186794479,282,0.1370824288453018,0.2741648576906036,False,không khác
E2,E3,N1,1,svr,497,4.474575172258153,4.295534398772086,1.041680675060418,0.08493774569704371,152,4.4944097390932515e-28,2.6966458434559507e-27,True,tệ hơn naive
E2,E3,N1,1,xgb,497,4.359151688104549,4.295534398772086,1.0148100989135713,0.03583346350222261,210,6.197655615723714e-09,1.859296684717114e-08,True,tệ hơn naive
E2,E3,N1,6,lr,497,5.728512235814833,6.508720663903487,0.8801287582649555,-0.7166374143695604,352,1.236843452626286e-14,9.894747621010288e-14,True,tốt hơn naive
E2,E3,N1,6,rf,497,5.914081422437678,6.508720663903487,0.908639612579535,-0.5862343388777678,352,5.0758472877487805e-17,4.568262558973903e-16,True,tốt hơn naive
E2,E3,N1,6,ridge,497,5.728512209216124,6.508720663903487,0.8801287541783291,-0.716637458137642,352,1.236843452626286e-14,9.894747621010288e-14,True,tốt hơn naive
E2,E3,N1,6,svr,497,6.112483724517253,6.508720663903487,0.9391221470628304,-0.3717530714195032,342,2.9560441615454964e-09,5.912088323090993e-09,True,tốt hơn naive
E2,E3,N1,6,xgb,497,5.910546423733187,6.508720663903487,0.9080964952932001,-0.6040272553802906,351,4.491544405292925e-13,1.79661776211717e-12,True,tốt hơn naive
E2,E3,N1,12,lr,497,6.532834003893745,7.027038242901766,0.9296710474704998,-0.38096063524675916,323,0.01218892537017843,0.085322477591249,False,không khác
E2,E3,N1,12,rf,497,6.585130124941583,7.027038242901766,0.937113175895041,-0.35361619307986825,328,0.002212503629731855,0.01770002903785484,True,tốt hơn naive
E2,E3,N1,12,ridge,497,6.532833950923251,7.027038242901766,0.9296710399324031,-0.38096069428036117,323,0.01218892537017843,0.085322477591249,False,không khác
E2,E3,N1,12,svr,497,6.569864476022909,7.027038242901766,0.9349407600932493,-0.3971266780256233,338,5.3270251630471896e-11,4.794322646742471e-10,True,tốt hơn naive
E2,E3,N1,12,xgb,497,6.673953703042606,7.027038242901766,0.9497534341419271,-0.2542357488981102,317,0.03454979661287457,0.17274898306437286,False,không khác
E2,E3,N2,1,lr,497,4.387144064802588,4.295534398772086,1.0213267215498703,0.08614516576606768,42,2.7185322236076683e-75,4.0777983354115024e-74,True,tệ hơn naive
E2,E3,N2,1,rf,497,4.219495606743277,4.295534398772086,0.9822981764386416,-0.08049724625641819,372,4.860193993797414e-36,4.374174594417673e-35,True,tốt hơn naive
E2,E3,N2,1,ridge,497,4.387144055213674,4.295534398772086,1.021326719317572,0.08614517946052125,42,2.7185322236076683e-75,4.0777983354115024e-74,True,tệ hơn naive
E2,E3,N2,1,svr,497,4.131227335745896,4.295534398772086,0.9617493313350817,-0.14437596469729508,449,4.2619967752732735e-72,5.5405958078552554e-71,True,tốt hơn naive
E2,E3,N2,1,xgb,497,4.1484675513120415,4.295534398772086,0.9657628518812269,-0.12226477521273349,391,1.9228382918991597e-44,2.115122121089076e-43,True,tốt hơn naive
E2,E3,N2,6,lr,497,6.405166204001668,6.508720663903487,0.9840898902796492,-0.08190374306766568,438,1.2133818887399946e-72,1.8200728331099918e-71,True,tốt hơn naive
E2,E3,N2,6,rf,497,6.539009054540018,6.508720663903487,1.0046535090689184,0.043062664724290656,108,6.898953687992436e-45,8.968639794390167e-44,True,tệ hơn naive
E2,E3,N2,6,ridge,497,6.405166127172016,6.508720663903487,0.9840898784755396,-0.08190369045510071,438,1.2133818887399946e-72,1.8200728331099918e-71,True,tốt hơn naive
E2,E3,N2,6,svr,497,6.5062348270695365,6.508720663903487,0.9996180759687942,-0.0024363499930935006,255,0.27230440636592,0.27230440636592,False,không khác
E2,E3,N2,6,xgb,497,6.547727101269082,6.508720663903487,1.005992949978929,0.05255833659908227,100,1.0077603091581506e-44,1.2093123709897809e-43,True,tệ hơn naive
E2,E3,N2,12,lr,497,7.150604501471056,7.027038242901766,1.0175844010375363,0.11084511228039506,9,6.689709385066134e-83,9.365593139092589e-82,True,tệ hơn naive
E2,E3,N2,12,rf,497,7.173387399411769,7.027038242901766,1.020826577492706,0.12708587348446532,11,1.3713130030831172e-82,1.508444303391429e-81,True,tệ hơn naive
E2,E3,N2,12,ridge,497,7.150604496682496,7.027038242901766,1.0175844003560885,0.11084509231601825,9,6.689709385066134e-83,9.365593139092589e-82,True,tệ hơn naive
E2,E3,N2,12,svr,497,7.158842459379337,7.027038242901766,1.018756723945641,0.13237932327868673,8,9.666649167438734e-83,1.159997900092648e-81,True,tệ hơn naive
E2,E3,N2,12,xgb,497,7.231713876456706,7.027038242901766,1.0291268705932672,0.19653500667571233,4,5.128550188700615e-83,7.692825283050922e-82,True,tệ hơn naive
E3,E1,N0,1,lr,735,1.236473721201912,0.4077071290944123,3.0327498171256724,0.98175092999165,18,5.311722068568655e-119,5.589195134844186e-118,True,tệ hơn naive
E3,E1,N0,1,rf,735,1.3493651982189143,0.4077071290944123,3.3096433737032918,0.778894083808872,23,6.485226106220503e-117,5.836703495598453e-116,True,tệ hơn naive
E3,E1,N0,1,ridge,735,1.2396796553244134,0.4077071290944123,3.040613143257895,0.9842185054037929,18,5.081086486221987e-119,5.589195134844186e-118,True,tệ hơn naive
E3,E1,N0,1,svr,735,0.669980790531732,0.4077071290944123,1.6432893680811385,0.21312521335581358,88,1.3020451660973743e-93,5.208180664389497e-93,True,tệ hơn naive
E3,E1,N0,1,xgb,735,1.0702210770587175,0.4077071290944123,2.6249751370202006,0.6090326670219901,8,8.408465863289089e-120,1.0090159035946906e-118,True,tệ hơn naive
E3,E1,N0,6,lr,735,3.2853070781931613,0.4660801564027368,7.048802728589777,3.0342016756840837,51,1.0757423315016866e-111,4.582300864722964e-111,True,tệ hơn naive
E3,E1,N0,6,rf,735,0.948843670174771,0.4660801564027368,2.0357950389865587,0.4581770167127399,40,4.2173243786095325e-104,8.434648757219065e-104,True,tệ hơn naive
E3,E1,N0,6,ridge,735,3.2869203874195896,0.4660801564027368,7.052264170155708,3.0359767503873134,51,9.16460172944593e-112,4.582300864722964e-111,True,tệ hơn naive
E3,E1,N0,6,svr,735,0.982307287780461,0.4660801564027368,2.1075930272638677,0.36189579537883504,26,1.9307094911879085e-110,5.792128473563725e-110,True,tệ hơn naive
E3,E1,N0,6,xgb,735,2.559340340387653,0.4660801564027368,5.491202114548176,1.567264344615321,11,6.601785182675927e-115,3.961071109605556e-114,True,tệ hơn naive
E3,E1,N0,12,lr,735,4.199976805648844,0.4493532338308457,9.346715433297362,3.9261086536563954,47,4.629487017673495e-111,1.851794807069398e-110,True,tệ hơn naive
E3,E1,N0,12,rf,735,1.1608917062252062,0.4493532338308457,2.5834724640308515,0.6257058875772661,24,1.7663611269142213e-107,3.5327222538284425e-107,True,tệ hơn naive
E3,E1,N0,12,ridge,735,4.203013910477891,0.4493532338308457,9.353474269331889,3.930144448306711,47,3.64989068463377e-111,1.824945342316885e-110,True,tệ hơn naive
E3,E1,N0,12,svr,735,1.065274252737954,0.4493532338308457,2.3706834012436757,0.4093063606509717,23,3.975221623839025e-110,1.1925664871517076e-109,True,tệ hơn naive
E3,E1,N0,12,xgb,735,2.5346028138773664,0.4493532338308457,5.640557634957382,1.6590677006138645,17,3.1054991938383105e-113,1.8632995163029863e-112,True,tệ hơn naive
E3,E1,N1,1,lr,735,0.7108878257054221,0.4077071290944123,1.7436237312907092,0.2502778918892061,1,5.601671198397617e-122,8.402506797596426e-121,True,tệ hơn naive
E3,E1,N1,1,rf,735,0.6387874727214782,0.4077071290944123,1.5667802379132665,0.0773022860752453,231,1.316955926924911e-54,1.316955926924911e-54,True,tệ hơn naive
E3,E1,N1,1,ridge,735,0.7124712133634827,0.4077071290944123,1.7475073711514535,0.25483472904908755,1,5.601671198397617e-122,8.402506797596426e-121,True,tệ hơn naive
E3,E1,N1,1,svr,735,0.5878814799456161,0.4077071290944123,1.4419210212276692,0.1042591275315071,99,4.168475655423762e-90,1.2505426966271286e-89,True,tệ hơn naive
E3,E1,N1,1,xgb,735,9.393182283469384,0.4077071290944123,23.039043502460352,7.095446252640868,22,4.5792515214571076e-120,5.95302697789424e-119,True,tệ hơn naive
E3,E1,N1,6,lr,735,1.7720413533636197,0.4660801564027368,3.8020098668015603,1.1882913438903684,0,5.578828292641069e-122,8.368242438961604e-121,True,tệ hơn naive
E3,E1,N1,6,rf,735,1.281891825889707,0.4660801564027368,2.750367738853127,0.36555029087823576,56,2.1261996086257225e-102,2.1261996086257225e-102,True,tệ hơn naive
E3,E1,N1,6,ridge,735,1.77161791099101,0.4660801564027368,3.801101348455965,1.1703334231197036,0,5.578828292641069e-122,8.368242438961604e-121,True,tệ hơn naive
E3,E1,N1,6,svr,735,1.240249486525184,0.4660801564027368,2.6610218639162415,0.5305758518227783,22,2.531921612746151e-116,1.7723451289223057e-115,True,tệ hơn naive
E3,E1,N1,6,xgb,735,18.96886821386174,0.4660801564027368,40.69872521556327,11.533269124256975,15,2.293106234230913e-119,2.063795610807822e-118,True,tệ hơn naive
E3,E1,N1,12,lr,735,2.5628575379683696,0.4493532338308457,5.703436283565571,1.7731655979383647,0,5.578828292641069e-122,8.368242438961604e-121,True,tệ hơn naive
E3,E1,N1,12,rf,735,4.069048949897628,0.4493532338308457,9.055345869457742,2.03945572201095,18,5.457627020972739e-115,3.820338914680917e-114,True,tệ hơn naive
E3,E1,N1,12,ridge,735,2.562861409454214,0.4493532338308457,5.70344489925041,1.7737140675809098,0,5.578828292641069e-122,8.368242438961604e-121,True,tệ hơn naive
E3,E1,N1,12,svr,735,0.6618903338401741,0.4493532338308457,1.4729844674698298,0.08710666382376861,126,4.505802602745153e-70,4.505802602745153e-70,True,tệ hơn naive
E3,E1,N1,12,xgb,735,27.22822012945127,0.4493532338308457,60.59424541651579,16.724026918122913,1,1.192331779241703e-121,1.192331779241703e-120,True,tệ hơn naive
E3,E1,N2,1,lr,735,0.7348372278429071,0.4077071290944123,1.802365412336809,0.41540829176089844,31,8.802105470035853e-114,6.98631386781932e-113,True,tệ hơn naive
E3,E1,N2,1,rf,735,0.4341188405096639,0.4077071290944123,1.0647810880175594,0.0182346740656861,103,4.5376449468800014e-67,9.075289893760003e-67,True,tệ hơn naive
E3,E1,N2,1,ridge,735,0.7348790180617959,0.4077071290944123,1.8024679129209455,0.4153997582775423,31,8.73289233477415e-114,6.98631386781932e-113,True,tệ hơn naive
E3,E1,N2,1,svr,735,0.4984643114848069,0.4077071290944123,1.2226038641805992,0.06156787948559317,49,3.240107242326196e-98,1.6200536211630982e-97,True,tệ hơn naive
E3,E1,N2,1,xgb,735,0.6644767411017292,0.4077071290944123,1.629789360263693,0.28446619566214826,38,1.0426118984337626e-111,6.255671390602576e-111,True,tệ hơn naive
E3,E1,N2,6,lr,735,0.5736687391284814,0.4660801564027368,1.2308370808062852,0.11269488984360242,7,1.7435102998815076e-120,2.092212359857809e-119,True,tệ hơn naive
E3,E1,N2,6,rf,735,0.5430748925746401,0.4660801564027368,1.165196340402385,0.07438926186130991,15,2.3459626209888492e-117,1.8767700967910793e-116,True,tệ hơn naive
E3,E1,N2,6,ridge,735,0.5736115430474451,0.4660801564027368,1.2307143635434912,0.112594347787713,8,1.757745979484781e-120,2.092212359857809e-119,True,tệ hơn naive
E3,E1,N2,6,svr,735,0.5434100724072171,0.4660801564027368,1.1659154867294113,0.041832882959410095,8,9.333251198865684e-122,1.2133226558525388e-120,True,tệ hơn naive
E3,E1,N2,6,xgb,735,0.5998590380612469,0.4660801564027368,1.2870297733570801,0.12420149291047321,6,6.0811559946740666e-120,6.081155994674066e-119,True,tệ hơn naive
E3,E1,N2,12,lr,735,0.5670322073609453,0.4493532338308457,1.2618852267443537,0.1275272205827404,3,7.186875300936334e-122,9.26683192802574e-121,True,tệ hơn naive
E3,E1,N2,12,rf,735,0.4992136976547336,0.4493532338308457,1.110960509616934,0.04109066126122096,12,3.8310026991518784e-120,3.4479024292366903e-119,True,tệ hơn naive
E3,E1,N2,12,ridge,735,0.5670238221533465,0.4493532338308457,1.261866566129569,0.12752174213769618,3,7.186800504438702e-122,9.26683192802574e-121,True,tệ hơn naive
E3,E1,N2,12,svr,735,0.506463155020115,0.4493532338308457,1.1270936022923286,0.032805631831140825,17,1.593638279057881e-116,1.2749106232463048e-115,True,tệ hơn naive
E3,E1,N2,12,xgb,735,0.5998674774029528,0.4493532338308457,1.334957517249707,0.13221122040186278,6,7.128332252327491e-122,9.26683192802574e-121,True,tệ hơn naive
E3,E2,N0,1,lr,302,1.171086893523836,0.4140311037709882,2.828499798342677,0.9370615175720625,10,1.1210318155072122e-47,1.2213586897551382e-46,True,tệ hơn naive
E3,E2,N0,1,rf,302,1.274503786614655,0.4140311037709882,3.078280291037307,0.7638174342946573,19,3.0630332477970563e-47,2.7567299230173506e-46,True,tệ hơn naive
E3,E2,N0,1,ridge,302,1.174417555295634,0.4140311037709882,2.836544270705894,0.9398566854282467,10,1.1103260815955801e-47,1.2213586897551382e-46,True,tệ hơn naive
E3,E2,N0,1,svr,302,0.6948053990382321,0.4140311037709882,1.6781478316724432,0.20792286505275875,50,2.032831111794285e-35,8.13132444717714e-35,True,tệ hơn naive
E3,E2,N0,1,xgb,302,1.1110939670291575,0.4140311037709882,2.683600234159542,0.6684033981216146,5,4.570609196445686e-49,5.484731035734823e-48,True,tệ hơn naive
E3,E2,N0,6,lr,302,3.299266439710464,0.48079877112135183,6.862052563103871,3.0250565361410784,12,2.7346500879660804e-39,1.047374211081694e-38,True,tệ hơn naive
E3,E2,N0,6,rf,302,1.022216417883349,0.48079877112135183,2.1260795145113742,0.4543916207257361,33,7.63032604206131e-41,3.815163021030655e-40,True,tệ hơn naive
E3,E2,N0,6,ridge,302,3.3020894806064227,0.48079877112135183,6.867924127395466,3.0274705586104917,12,2.618435527704235e-39,1.047374211081694e-38,True,tệ hơn naive
E3,E2,N0,6,svr,302,1.126064049895013,0.48079877112135183,2.3420693178327583,0.49703101832174834,15,1.509087028212913e-47,1.2072696225703303e-46,True,tệ hơn naive
E3,E2,N0,6,xgb,302,3.5186195123721697,0.48079877112135183,7.318278921898665,2.471167704830125,5,4.5840391218171096e-48,4.58403912181711e-47,True,tệ hơn naive
E3,E2,N0,12,lr,302,4.246799238627366,0.46491826581378815,9.134507183093381,3.9257221475486013,13,2.156549514133583e-49,1.5954869713226707e-48,True,tệ hơn naive
E3,E2,N0,12,rf,302,1.3035710807244576,0.46491826581378815,2.8038715115713946,0.6329716411246632,19,8.083297449953043e-43,1.6166594899906087e-42,True,tệ hơn naive
E3,E2,N0,12,ridge,302,4.250981095453666,0.46491826581378815,9.143502004621807,3.9297217661525385,13,1.9943587141533384e-49,1.5954869713226707e-48,True,tệ hơn naive
E3,E2,N0,12,svr,302,1.2924254269369673,0.46491826581378815,2.7798981497849287,0.6702905610832688,15,2.760756180274093e-43,8.282268540822279e-43,True,tệ hơn naive
E3,E2,N0,12,xgb,302,3.9661423195348737,0.46491826581378815,8.530837807786664,2.9080842411051044,12,8.32418062766006e-48,4.16209031383003e-47,True,tệ hơn naive
E3,E2,N1,1,lr,302,1.0407639046280917,0.4140311037709882,2.513733618437919,0.5132906722896112,0,2.8642309687668803e-51,4.29634645315032e-50,True,tệ hơn naive
E3,E2,N1,1,rf,302,0.639258449267863,0.4140311037709882,1.5439865349378539,0.12967150674636013,102,1.1111332300898442e-20,1.1111332300898442e-20,True,tệ hơn naive
E3,E2,N1,1,ridge,302,1.0475872525402525,0.4140311037709882,2.5302138969725845,0.5186718253844137,0,2.8642309687668803e-51,4.29634645315032e-50,True,tệ hơn naive
E3,E2,N1,1,svr,302,0.5690147540616226,0.4140311037709882,1.3743285199567037,0.09371073832821719,72,1.2654255607493038e-30,3.7962766822479114e-30,True,tệ hơn naive
E3,E2,N1,1,xgb,302,7.385767844299891,0.4140311037709882,17.83867872976316,5.638711201243032,11,1.517432154580413e-50,1.9726618009545368e-49,True,tệ hơn naive
E3,E2,N1,6,lr,302,3.9309895766495044,0.48079877112135183,8.175955956545772,3.2279742257424324,0,2.8642309687668803e-51,4.29634645315032e-50,True,tệ hơn naive
E3,E2,N1,6,rf,302,1.528441877712209,0.48079877112135183,3.178963777605904,0.4558953569049515,37,6.068595577389305e-39,1.213719115477861e-38,True,tệ hơn naive
E3,E2,N1,6,ridge,302,3.928050038541858,0.48079877112135183,8.16984209294169,3.233886785990695,0,2.8642309687668803e-51,4.29634645315032e-50,True,tệ hơn naive
E3,E2,N1,6,svr,302,0.9248442202067766,0.48079877112135183,1.9235577870754361,0.2807004172543547,48,2.1525110178387972e-38,2.1525110178387972e-38,True,tệ hơn naive
E3,E2,N1,6,xgb,302,13.589344039414648,0.48079877112135183,28.264098944597237,9.287767095657323,10,4.999232244412099e-48,4.58403912181711e-47,True,tệ hơn naive
E3,E2,N1,12,lr,302,6.772800140369494,0.46491826581378815,14.567722196318647,5.979707822291802,0,2.8642309687668803e-51,4.29634645315032e-50,True,tệ hơn naive
E3,E2,N1,12,rf,302,3.8821840906400578,0.46491826581378815,8.350250734598957,1.5486200937048267,13,4.068951133033155e-45,1.627580453213262e-44,True,tệ hơn naive
E3,E2,N1,12,ridge,302,6.772159159223078,0.46491826581378815,14.566343499903494,5.979885317236039,0,2.8642309687668803e-51,4.29634645315032e-50,True,tệ hơn naive
E3,E2,N1,12,svr,302,0.606948365053859,0.46491826581378815,1.3054947711969604,0.06001233104422501,86,1.3990616645523606e-16,1.3990616645523606e-16,True,tệ hơn naive
E3,E2,N1,12,xgb,302,30.82310684949561,0.46491826581378815,66.29790463393208,23.482744830244634,2,2.980643458991544e-51,4.29634645315032e-50,True,tệ hơn naive
E3,E2,N2,1,lr,302,0.7206446779154965,0.4140311037709882,1.740556859984376,0.43243579953437394,15,1.1187173493727362e-45,7.831021445609154e-45,True,tệ hơn naive
E3,E2,N2,1,rf,302,0.45650376346257693,0.4140311037709882,1.1025832583705633,0.017416433650728744,42,6.955898951832437e-27,1.3911797903664873e-26,True,tệ hơn naive
E3,E2,N2,1,ridge,302,0.7206589400311094,0.4140311037709882,1.740591306951,0.4324213883310518,15,1.1187173493727362e-45,7.831021445609154e-45,True,tệ hơn naive
E3,E2,N2,1,svr,302,0.480221552538014,0.4140311037709882,1.1598683001449996,0.05509627433212294,18,9.864009029752098e-41,4.932004514876049e-40,True,tệ hơn naive
E3,E2,N2,1,xgb,302,0.6352923471696896,0.4140311037709882,1.534407297865928,0.25009131885684577,11,6.952717328532864e-47,5.562173862826291e-46,True,tệ hơn naive
E3,E2,N2,6,lr,302,0.5765317081011366,0.48079877112135183,1.1991122746768048,0.12263642841599424,8,5.585734262335911e-47,3.910013983635138e-46,True,tệ hơn naive
E3,E2,N2,6,rf,302,0.5332881682111197,0.48079877112135183,1.109171238036546,0.0705623829029094,3,1.5387818731187543e-48,1.6926600604306297e-47,True,tệ hơn naive
E3,E2,N2,6,ridge,302,0.5763764456234655,0.48079877112135183,1.1987893485650989,0.12245743651142905,8,5.693135709916919e-47,3.910013983635138e-46,True,tệ hơn naive
E3,E2,N2,6,svr,302,0.5384775746618484,0.48079877112135183,1.1199645402711287,0.044243901107469646,3,5.686869661771925e-50,6.82424359412631e-49,True,tệ hơn naive
E3,E2,N2,6,xgb,302,0.6185897151737342,0.48079877112135183,1.2865875545626226,0.1732526877241399,1,3.4767693058573504e-50,4.519800097614555e-49,True,tệ hơn naive
E3,E2,N2,12,lr,302,0.568649771739967,0.46491826581378815,1.223117725315886,0.13049562126956715,3,3.0710335139224476e-51,4.29634645315032e-50,True,tệ hơn naive
E3,E2,N2,12,rf,302,0.4996475948383229,0.46491826581378815,1.07469985926181,0.03219006514281045,3,7.506311306387677e-49,4.5037867838326056e-48,True,tệ hơn naive
E3,E2,N2,12,ridge,302,0.5686547618743776,0.46491826581378815,1.2231284586743654,0.13048054388310604,3,3.0710335139224476e-51,4.29634645315032e-50,True,tệ hơn naive
E3,E2,N2,12,svr,302,0.5369797326512306,0.46491826581378815,1.154998140826553,0.0413454782481167,4,4.017717267991161e-51,4.29634645315032e-50,True,tệ hơn naive
E3,E2,N2,12,xgb,302,0.5935771606312009,0.46491826581378815,1.2767344375945513,0.12417676731512015,7,5.308647018620788e-50,4.777782316758709e-49,True,tệ hơn naive
