xuoi,nguoc,mode,h,model,n_xuoi,n_nguoc,ti_so_p50_xuoi,ti_so_p50_nguoc,rank_biserial,p,p_holm,co_y_nghia,ket_luan
E1->E3,E3->E1,N0,1,lr,497,730,1.007984512291106,3.1286276135991704,-0.9382321325211543,1.0750804250370326e-171,1.2685949015436985e-169,True,chiều xuôi dễ hơn
E1->E3,E3->E1,N0,1,ridge,497,730,1.0078391993285043,3.134605141345564,-0.9385628841542405,8.162329116063546e-172,9.713171648115619e-170,True,chiều xuôi dễ hơn
E1->E3,E3->E1,N0,1,rf,497,730,1.0020883232462734,2.776480918469956,-0.9183263967365839,1.4241432179303534e-164,1.65200613279921e-162,True,chiều xuôi dễ hơn
E1->E3,E3->E1,N0,1,xgb,497,730,1.0004855527754073,3.014514740336055,-0.9668697114192001,3.295508971182548e-182,4.218251483113662e-180,True,chiều xuôi dễ hơn
E1->E3,E3->E1,N0,1,svr,497,730,0.993601378566016,1.7266112524944708,-0.7375540916733276,7.258218872058907e-107,6.387232607411839e-105,True,chiều xuôi dễ hơn
E1->E3,E3->E1,N0,6,lr,497,730,0.875613012104477,6.593491857463372,-0.941638874341942,6.2700362621783634e-173,7.58674387723582e-171,True,chiều xuôi dễ hơn
E1->E3,E3->E1,N0,6,ridge,497,730,0.8756130114378832,6.597523548706905,-0.9417325873046498,5.797720982566715e-173,7.073219598731393e-171,True,chiều xuôi dễ hơn
E1->E3,E3->E1,N0,6,rf,497,730,0.8975524084181585,1.8796276245908938,-0.8676442214933436,3.977448537249242e-147,4.176320964111704e-145,True,chiều xuôi dễ hơn
E1->E3,E3->E1,N0,6,xgb,497,730,0.9015188559341583,4.02823856789444,-0.9568203743005981,1.7505535586129425e-178,2.2056974838523074e-176,True,chiều xuôi dễ hơn
E1->E3,E3->E1,N0,6,svr,497,730,0.8932533639282624,2.0661476226322857,-0.9564896226675119,2.3180556349646363e-178,2.8975695437057953e-176,True,chiều xuôi dễ hơn
E1->E3,E3->E1,N0,12,lr,497,730,0.9378289419103918,8.639321474611199,-0.902351092858521,5.743957687487568e-159,6.3757930331112e-157,True,chiều xuôi dễ hơn
E1->E3,E3->E1,N0,12,ridge,497,730,0.9378289183543764,8.650242588348696,-0.9026983820732615,4.3490289251333056e-159,4.870912396149302e-157,True,chiều xuôi dễ hơn
E1->E3,E3->E1,N0,12,rf,497,730,0.9540175523625606,2.0594434305552385,-0.8801356081695654,2.462915897622555e-151,2.6599491694323597e-149,True,chiều xuôi dễ hơn
E1->E3,E3->E1,N0,12,xgb,497,730,0.9698258898182884,3.6053814141359037,-0.9105978335768032,7.546053014062483e-162,8.602500436031231e-160,True,chiều xuôi dễ hơn
E1->E3,E3->E1,N0,12,svr,497,730,0.9244982043355147,2.2589481170453487,-0.960712218516579,6.383950756310431e-180,8.107617460514248e-178,True,chiều xuôi dễ hơn
E1->E3,E3->E1,N1,1,lr,497,730,0.9515639711132913,1.5347207061503252,-0.9767646977756953,6.485586170697822e-186,8.431262021907169e-184,True,chiều xuôi dễ hơn
E1->E3,E3->E1,N1,1,ridge,497,730,0.9515931090606664,1.5394192453621793,-0.9768914859017116,5.810572948601013e-186,7.611850562667327e-184,True,chiều xuôi dễ hơn
E1->E3,E3->E1,N1,1,rf,497,730,0.9987389928197767,1.2525703162152189,-0.32239464182354405,8.143336889378539e-22,3.8273683380079134e-20,True,chiều xuôi dễ hơn
E1->E3,E3->E1,N1,1,xgb,497,730,0.9923404164751859,8.248119193349188,-0.9159725476144538,9.675441349182064e-164,1.1126757551559374e-161,True,chiều xuôi dễ hơn
E1->E3,E3->E1,N1,1,svr,497,730,1.0234413641558644,1.4320636086790755,-0.5090653510101706,6.960960632663447e-52,3.828528347964896e-50,True,chiều xuôi dễ hơn
E1->E3,E3->E1,N1,6,lr,497,730,0.8575577275134267,3.2058998158552843,-0.9861249689920344,1.868936751272442e-189,2.4856858791923477e-187,True,chiều xuôi dễ hơn
E1->E3,E3->E1,N1,6,ridge,497,730,0.8575576988174735,3.1940388194681653,-0.9859871558115818,2.1084548436200585e-189,2.783160393578477e-187,True,chiều xuôi dễ hơn
E1->E3,E3->E1,N1,6,rf,497,730,0.8855581948051218,1.7413645798869677,-0.8008764918276784,1.190345746695751e-125,1.2379595765635812e-123,True,chiều xuôi dễ hơn
E1->E3,E3->E1,N1,6,xgb,497,730,0.8915588535816309,15.17058627981288,-0.9398638405777129,2.75977559769406e-172,3.3117307172328718e-170,True,chiều xuôi dễ hơn
E1->E3,E3->E1,N1,6,svr,497,730,0.9106344113458351,2.2779635881987392,-0.8952068575838593,1.7153095184972615e-156,1.869687375162015e-154,True,chiều xuôi dễ hơn
E1->E3,E3->E1,N1,12,lr,497,730,0.8920952196381092,4.56265478150239,-0.989901050136435,6.820615790468616e-191,9.207831317132631e-189,True,chiều xuôi dễ hơn
E1->E3,E3->E1,N1,12,ridge,497,730,0.8920952127801289,4.56049099126306,-0.9898955376092169,6.853722524023665e-191,9.207831317132631e-189,True,chiều xuôi dễ hơn
E1->E3,E3->E1,N1,12,rf,497,730,0.9228750434376415,3.3589901364404358,-0.9021471293514511,6.763115035151946e-159,7.43942653866714e-157,True,chiều xuôi dễ hơn
E1->E3,E3->E1,N1,12,xgb,497,730,0.9427602340163872,18.637409983316083,-0.9682698933325984,9.903719476995162e-183,1.2775798125323759e-180,True,chiều xuôi dễ hơn
E1->E3,E3->E1,N1,12,svr,497,730,0.9474900982360498,1.4785338920214115,-0.5855075659436069,4.768916993900868e-68,2.956728536218538e-66,True,chiều xuôi dễ hơn
E1->E3,E3->E1,N2,1,lr,497,730,1.0187084698592677,2.0178701263995467,-0.8796174306110637,3.69154324186361e-151,3.913035836375427e-149,True,chiều xuôi dễ hơn
E1->E3,E3->E1,N2,1,ridge,497,730,1.0187172203639445,2.017964044389246,-0.879633968192718,3.644183559146874e-151,3.899276408287155e-149,True,chiều xuôi dễ hơn
E1->E3,E3->E1,N2,1,rf,497,730,0.9904011775644117,1.097974635910891,-0.7092748270444585,5.6564908362111215e-99,4.242368127158341e-97,True,chiều xuôi dễ hơn
E1->E3,E3->E1,N2,1,xgb,497,730,0.9665925488482771,1.7570641769868474,-0.9248256663267275,6.997055945610944e-167,8.186555456364805e-165,True,chiều xuôi dễ hơn
E1->E3,E3->E1,N2,1,svr,497,730,0.9504741508102653,1.196258799297949,-0.9076541440423362,8.114728973352067e-161,9.169643739887835e-159,True,chiều xuôi dễ hơn
E1->E3,E3->E1,N2,6,lr,497,730,1.023842629937041,1.1758294084235883,-0.5423334527714231,1.211463283618211e-58,7.026487044985623e-57,True,chiều xuôi dễ hơn
E1->E3,E3->E1,N2,6,ridge,497,730,1.023842628730487,1.1756485518693074,-0.5418318127945756,1.5430637148631675e-58,8.641156803233738e-57,True,chiều xuôi dễ hơn
E1->E3,E3->E1,N2,6,rf,497,730,1.0065284180065557,1.1284994511565838,-0.7968082467407183,2.1323825570010433e-124,2.1963540337110745e-122,True,chiều xuôi dễ hơn
E1->E3,E3->E1,N2,6,xgb,497,730,1.0194904803251754,1.2235401469141738,-0.7592348612221272,4.0037650826157237e-113,3.723501526832623e-111,True,chiều xuôi dễ hơn
E1->E3,E3->E1,N2,6,svr,497,730,1.023976845246781,1.0925012280912236,-0.3739588214216808,8.643355281691506e-29,4.1488105352119224e-27,True,chiều xuôi dễ hơn
E1->E3,E3->E1,N2,12,lr,497,730,1.0048208934083922,1.194574989110556,-0.9427248422039084,2.5288045680738604e-173,3.135717664411587e-171,True,chiều xuôi dễ hơn
E1->E3,E3->E1,N2,12,ridge,497,730,1.0048208928369193,1.1945734684866873,-0.9426972795678179,2.5877950613362613e-173,3.1829879254436017e-171,True,chiều xuôi dễ hơn
E1->E3,E3->E1,N2,12,rf,497,730,1.0142576389311289,1.0836290226062042,-0.4474187591301232,1.7650049439609289e-40,9.354526202992924e-39,True,chiều xuôi dễ hơn
E1->E3,E3->E1,N2,12,xgb,497,730,1.024325058988522,1.2469763842974322,-0.5866376340233179,2.646344168682427e-68,1.667196826269929e-66,True,chiều xuôi dễ hơn
E1->E3,E3->E1,N2,12,svr,497,730,1.0083267762252328,1.0651954408727504,-0.5802100272870097,7.428538640769233e-67,4.531408570869232e-65,True,chiều xuôi dễ hơn
E2->E3,E3->E2,N0,1,lr,497,302,1.0107071361789879,2.872411918390277,-0.9146135088677761,2.1149689976389378e-104,1.7554242680403184e-102,True,chiều xuôi dễ hơn
E2->E3,E3->E2,N0,1,ridge,497,302,1.0107071817817908,2.878914128044224,-0.9149333084600317,1.793257882864988e-104,1.50633662160659e-102,True,chiều xuôi dễ hơn
E2->E3,E3->E2,N0,1,rf,497,302,1.0222422736855696,2.929799705046827,-0.8391008301464415,3.531751015674415e-88,2.4015906906586025e-86,True,chiều xuôi dễ hơn
E2->E3,E3->E2,N0,1,xgb,497,302,1.0436436908163587,2.9815362150263875,-0.9427292230202406,8.506773006015048e-111,7.741163435473693e-109,True,chiều xuôi dễ hơn
E2->E3,E3->E2,N0,1,svr,497,302,1.0341390598156974,1.6044025991595072,-0.5757591909070316,1.773224698532275e-42,9.575413372074286e-41,True,chiều xuôi dễ hơn
E2->E3,E3->E2,N0,6,lr,497,302,0.9000729944580204,6.290387670418831,-0.8925340120191347,1.631543819965324e-99,1.2399733031736462e-97,True,chiều xuôi dễ hơn
E2->E3,E3->E2,N0,6,ridge,497,302,0.9000729384637547,6.295562441106697,-0.8926406118832199,1.5462814041625403e-99,1.190636681205156e-97,True,chiều xuôi dễ hơn
E2->E3,E3->E2,N0,6,rf,497,302,0.9073530172165222,1.7507758335956423,-0.7887990192812504,3.827468327863851e-78,2.5644037796687802e-76,True,chiều xuôi dễ hơn
E2->E3,E3->E2,N0,6,xgb,497,302,0.922832942546139,4.872249278439784,-0.9481391661225632,4.753690289612636e-112,4.3733950664436253e-110,True,chiều xuôi dễ hơn
E2->E3,E3->E2,N0,6,svr,497,302,0.9361381873296108,1.9893247440247093,-0.9187709035670979,2.464686943719743e-105,2.0949839021617816e-103,True,chiều xuôi dễ hơn
E2->E3,E3->E2,N0,12,lr,497,302,0.9508117615984645,9.13975110720403,-0.89346676082988,1.0198597059380057e-99,7.954905706316444e-98,True,chiều xuôi dễ hơn
E2->E3,E3->E2,N0,12,ridge,497,302,0.9508117346304241,9.150966947542504,-0.8935333857449331,9.861812016467432e-100,7.790831493009272e-98,True,chiều xuôi dễ hơn
E2->E3,E3->E2,N0,12,rf,497,302,0.9610084966335172,1.9571586231560802,-0.841725851799539,1.0171299872779554e-88,7.018196912217892e-87,True,chiều xuôi dễ hơn
E2->E3,E3->E2,N0,12,xgb,497,302,0.9838703000597478,5.23092555928401,-0.9075379428891228,8.024673409956143e-103,6.580232196164037e-101,True,chiều xuôi dễ hơn
E2->E3,E3->E2,N0,12,svr,497,302,0.9488526055233422,2.6693243271505214,-0.9190907031593535,2.088219705869635e-105,1.8167511441065823e-103,True,chiều xuôi dễ hơn
E2->E3,E3->E2,N1,1,lr,497,302,0.9853679167273213,1.9056069684353782,-0.9708316121896945,2.2107751098928568e-117,2.1223441054971424e-115,True,chiều xuôi dễ hơn
E2->E3,E3->E2,N1,1,ridge,497,302,0.9853679188132209,1.9130451910776975,-0.9708582621557158,2.1787542324047216e-117,2.1133916054325798e-115,True,chiều xuôi dễ hơn
E2->E3,E3->E2,N1,1,rf,497,302,1.0125025072989342,1.2806798288763197,-0.26392793849187846,3.8152752563366715e-10,1.6787211127881356e-08,True,chiều xuôi dễ hơn
E2->E3,E3->E2,N1,1,xgb,497,302,1.011170193342093,13.29061486052625,-0.9029141737844284,8.506710754306092e-102,6.890435710987935e-100,True,chiều xuôi dễ hơn
E2->E3,E3->E2,N1,1,svr,497,302,1.0228166659988915,1.3615702380204862,-0.3417724892400762,5.136342746126283e-16,2.3627176632180902e-14,True,chiều xuôi dễ hơn
E2->E3,E3->E2,N1,6,lr,497,302,0.8844529540193032,5.5061966894321,-0.9988007515290418,3.974010008289607e-124,3.974010008289607e-122,True,chiều xuôi dễ hơn
E2->E3,E3->E2,N1,6,ridge,497,302,0.8844529456815148,5.497263682807382,-0.9987741015630205,4.0341029602399505e-124,3.993761930637551e-122,True,chiều xuôi dễ hơn
E2->E3,E3->E2,N1,6,rf,497,302,0.9087345686153222,1.6442568907195514,-0.7586978826601996,1.963039017580848e-72,1.2563449712517427e-70,True,chiều xuôi dễ hơn
E2->E3,E3->E2,N1,6,xgb,497,302,0.9055193217918635,20.567818569108752,-0.935213932602236,4.551632609078243e-109,4.096469348170419e-107,True,chiều xuôi dễ hơn
E2->E3,E3->E2,N1,6,svr,497,302,0.9410372030648068,1.5991507667177167,-0.6844777272908977,2.683694722171435e-59,1.5833798860811466e-57,True,chiều xuôi dễ hơn
E2->E3,E3->E2,N1,12,lr,497,302,0.9435622297796397,10.410095571037354,-0.9994936506455955,2.689673482070674e-124,2.7434669517120876e-122,True,chiều xuôi dễ hơn
E2->E3,E3->E2,N1,12,ridge,497,302,0.9435622216621502,10.406951107963515,-0.9994936506455955,2.689673482070674e-124,2.7434669517120876e-122,True,chiều xuôi dễ hơn
E2->E3,E3->E2,N1,12,rf,497,302,0.9473455772721227,4.22457138658103,-0.8895358908417392,7.36314263617388e-99,5.448725550768671e-97,True,chiều xuôi dễ hơn
E2->E3,E3->E2,N1,12,xgb,497,302,0.9610299592907733,52.87845543333685,-0.9785734273188802,3.137300643563313e-119,3.0745546306920465e-117,True,chiều xuôi dễ hơn
E2->E3,E3->E2,N1,12,svr,497,302,0.9417175589060651,1.2489195312441392,-0.4901195250976055,2.980585007895538e-31,1.4604866538688136e-29,True,chiều xuôi dễ hơn
E2->E3,E3->E2,N2,1,lr,497,302,1.0216731672714965,1.9634821055507374,-0.878076405452583,2.2303226151245497e-96,1.6067829989028693e-94,True,chiều xuôi dễ hơn
E2->E3,E3->E2,N2,1,ridge,497,302,1.021673170560676,1.9631543499639874,-0.8781030554186043,2.2010726012368074e-96,1.6067829989028693e-94,True,chiều xuôi dễ hơn
E2->E3,E3->E2,N2,1,rf,497,302,0.9808994797402311,1.0700623584285966,-0.7171106106839713,6.584690987272976e-65,3.950814592363786e-63,True,chiều xuôi dễ hơn
E2->E3,E3->E2,N2,1,xgb,497,302,0.9709653068529486,1.5875360763646307,-0.9329620104734366,1.4907063574466393e-108,1.326728658127509e-106,True,chiều xuôi dễ hơn
E2->E3,E3->E2,N2,1,svr,497,302,0.9652495853823284,1.1570492526081115,-0.9022345996508855,1.2023188886679214e-101,9.61855110934337e-100,True,chiều xuôi dễ hơn
E2->E3,E3->E2,N2,6,lr,497,302,0.9874781073618809,1.1877363722550367,-0.9678068410462777,1.1550245200743383e-116,1.0972732940706215e-114,True,chiều xuôi dễ hơn
E2->E3,E3->E2,N2,6,ridge,497,302,0.9874781185688875,1.1875054575469979,-0.9677801910802564,1.1719462280284167e-116,1.1016294543467118e-114,True,chiều xuôi dễ hơn
E2->E3,E3->E2,N2,6,rf,497,302,1.0072897550298876,1.1227161665680498,-0.864351672951617,1.8967635835897998e-93,1.3467021443487578e-91,True,chiều xuôi dễ hơn
E2->E3,E3->E2,N2,6,xgb,497,302,1.0088239382472186,1.2896083086903944,-0.9190374032273109,2.146720571348474e-105,1.8461796913596877e-103,True,chiều xuôi dễ hơn
E2->E3,E3->E2,N2,6,svr,497,302,0.9996299701614103,1.1116955835804885,-0.8586485802230602,3.0329832065988128e-92,2.123088244619169e-90,True,chiều xuôi dễ hơn
E2->E3,E3->E2,N2,12,lr,497,302,1.0155543442062749,1.2332641654548477,-0.7590843071675084,1.6635108206161402e-72,1.0979171416066526e-70,True,chiều xuôi dễ hơn
E2->E3,E3->E2,N2,12,ridge,497,302,1.0155543425506748,1.233255443595832,-0.758871107439338,1.8226400850552375e-72,1.1847160552859044e-70,True,chiều xuôi dễ hơn
E2->E3,E3->E2,N2,12,rf,497,302,1.0176201151229975,1.0710715310180428,-0.5028182339067517,8.361204757260197e-33,4.180602378630098e-31,True,chiều xuôi dễ hơn
E2->E3,E3->E2,N2,12,xgb,497,302,1.027527930979651,1.275473646518974,-0.6802537076765227,1.3676063273804303e-58,7.795356066068452e-57,True,chiều xuôi dễ hơn
E2->E3,E3->E2,N2,12,svr,497,302,1.0190487657491603,1.1219057626906583,-0.5308939731101843,2.2483820256268275e-36,1.146674833069682e-34,True,chiều xuôi dễ hơn
E1->E2,E2->E1,N0,1,lr,302,730,1.2630381231446997,1.3479004312305531,-0.20867277510659532,1.292027728662227e-07,5.02629777485434e-06,True,chiều xuôi dễ hơn
E1->E2,E2->E1,N0,1,ridge,302,730,1.2627770627492874,1.3479005368165704,-0.20869091898757142,1.2887943012447024e-07,5.02629777485434e-06,True,chiều xuôi dễ hơn
E1->E2,E2->E1,N0,1,rf,302,730,1.025600095682511,1.0989088154247628,-0.2157398167468021,4.793850917731288e-08,1.9175403670925153e-06,True,chiều xuôi dễ hơn
E1->E2,E2->E1,N0,1,xgb,302,730,1.037452458677624,1.1525663131220876,-0.2503039100063503,2.3985726863428844e-10,1.079357708854298e-08,True,chiều xuôi dễ hơn
E1->E2,E2->E1,N0,1,svr,302,730,0.9558037534516575,1.0393023363274314,-0.1423750340197768,0.00031525810273209606,0.0069356782601061135,True,chiều xuôi dễ hơn
E1->E2,E2->E1,N0,6,lr,302,730,1.5713623395466119,1.9846584831747915,-0.22893041821645654,6.9323069586376994e-09,2.980891992214211e-07,True,chiều xuôi dễ hơn
E1->E2,E2->E1,N0,6,ridge,302,730,1.5713623263996581,1.9846583241938962,-0.22893041821645654,6.9323069586376994e-09,2.980891992214211e-07,True,chiều xuôi dễ hơn
E1->E2,E2->E1,N0,6,rf,302,730,1.0782973323634928,1.2145133111345805,-0.18793431915086634,1.982264908940771e-06,6.541474199504544e-05,True,chiều xuôi dễ hơn
E1->E2,E2->E1,N0,6,xgb,302,730,1.1041633794061578,1.2263583153096334,-0.19226163476367597,1.1461957545383788e-06,4.1263047163381634e-05,True,chiều xuôi dễ hơn
E1->E2,E2->E1,N0,6,svr,302,730,0.9007491950991601,0.9731189799215139,-0.14544134990474467,0.00023321921783472612,0.005364042010198701,True,chiều xuôi dễ hơn
E1->E2,E2->E1,N0,12,lr,302,730,2.116739191148295,2.5020762250150774,-0.16204300099791347,4.1298783339115426e-05,0.0011976647168343473,True,chiều xuôi dễ hơn
E1->E2,E2->E1,N0,12,ridge,302,730,2.116739215099373,2.502076131543123,-0.16204300099791347,4.1298783339115426e-05,0.0011976647168343473,True,chiều xuôi dễ hơn
E1->E2,E2->E1,N0,12,rf,302,730,1.2242451817837354,1.4421250524545441,-0.1695364238410596,1.7891586090317373e-05,0.0005367475827095212,True,chiều xuôi dễ hơn
E1->E2,E2->E1,N0,12,xgb,302,730,1.2836155943166638,1.4778325264357761,-0.12685294384468837,0.0013288742022899824,0.02790635824808963,True,chiều xuôi dễ hơn
E1->E2,E2->E1,N0,12,svr,302,730,1.0003650545232121,1.0765731477388565,-0.12115576521818017,0.0021729677203277246,0.04345935440655449,True,chiều xuôi dễ hơn
E1->E2,E2->E1,N1,1,lr,302,730,0.9826403787284439,1.011294275076362,-0.06779461126735009,0.08628922761994479,0.5169786632567566,False,không khác
E1->E2,E2->E1,N1,1,ridge,302,730,0.982684179963068,1.011294289680173,-0.06782182708881435,0.08616311054279277,0.5169786632567566,False,không khác
E1->E2,E2->E1,N1,1,rf,302,730,0.9528237127066304,0.9888094046828104,-0.1200762043000998,0.002379984087019317,0.04521969765336702,True,chiều xuôi dễ hơn
E1->E2,E2->E1,N1,1,xgb,302,730,0.9953553351598543,1.0015078400118602,-0.07467114215730741,0.05885114321093696,0.41195800247655867,False,không khác
E1->E2,E2->E1,N1,1,svr,302,730,0.9780200260231883,1.0223022431014213,-0.07799147237594117,0.04845926537716255,0.3876741230173004,False,không khác
E1->E2,E2->E1,N1,6,lr,302,730,0.9645906112370318,1.0131035980705674,-0.1179442982854032,0.0028427175796974973,0.05116891643455495,False,không khác
E1->E2,E2->E1,N1,6,ridge,302,730,0.9645905888252615,1.0131035950894536,-0.1179442982854032,0.0028427175796974973,0.05116891643455495,False,không khác
E1->E2,E2->E1,N1,6,rf,302,730,0.8845958326020606,0.95835948812578,-0.15066678762587316,0.00013771507544226163,0.0034428768860565407,True,chiều xuôi dễ hơn
E1->E2,E2->E1,N1,6,xgb,302,730,0.8942249328095695,0.965476837391394,-0.14643926335843238,0.0002111685783727212,0.005068045880945309,True,chiều xuôi dễ hơn
E1->E2,E2->E1,N1,6,svr,302,730,0.899680300285423,0.9538679380113955,-0.10810124285584688,0.006234388297880242,0.08728143617032338,False,không khác
E1->E2,E2->E1,N1,12,lr,302,730,1.0310414113408704,1.147323345680348,-0.1552299736913726,8.576224776816691e-05,0.0023155806897405067,True,chiều xuôi dễ hơn
E1->E2,E2->E1,N1,12,ridge,302,730,1.0310414137991586,1.1473233520965846,-0.1552299736913726,8.576224776816691e-05,0.0023155806897405067,True,chiều xuôi dễ hơn
E1->E2,E2->E1,N1,12,rf,302,730,0.9361918244648081,1.0337579036224955,-0.182863104418035,3.711687345024443e-06,0.00011877399504078217,True,chiều xuôi dễ hơn
E1->E2,E2->E1,N1,12,xgb,302,730,0.9537484855219724,1.0571610124429878,-0.17666696906468293,7.817424184585633e-06,0.0002423401497221546,True,chiều xuôi dễ hơn
E1->E2,E2->E1,N1,12,svr,302,730,0.9530262208100863,0.9963195527277503,-0.0951737276603466,0.016036462354765572,0.16036462354765574,False,không khác
E1->E2,E2->E1,N2,1,lr,302,730,1.2571089210355022,1.211559236477242,0.10293930871813473,0.009198730277007041,0.11038476332408449,False,không khác
E1->E2,E2->E1,N2,1,ridge,302,730,1.2569432822057145,1.211559146390337,0.10245849587226719,0.009530540500135081,0.11038476332408449,False,không khác
E1->E2,E2->E1,N2,1,rf,302,730,1.070440242345736,1.113231825353348,-0.10587861743626958,0.0073852855507677015,0.09600871215998012,False,không khác
E1->E2,E2->E1,N2,1,xgb,302,730,1.0780916127039317,1.1410318486154556,-0.11677401796244213,0.003130330626659447,0.05116891643455495,False,không khác
E1->E2,E2->E1,N2,1,svr,302,730,0.9694014878953223,0.9762999916276265,-0.024594030663158795,0.5338151081337561,1.0,False,không khác
E1->E2,E2->E1,N2,6,lr,302,730,1.06671758217691,1.064523705741655,-0.04214823550757507,0.2862562993858305,1.0,False,không khác
E1->E2,E2->E1,N2,6,ridge,302,730,1.0667175789986882,1.0645236858527005,-0.04214823550757507,0.2862562993858305,1.0,False,không khác
E1->E2,E2->E1,N2,6,rf,302,730,1.0296895504391312,1.0784771275143286,-0.516120838247301,5.617491469898589e-39,2.9210955643472662e-37,True,chiều xuôi dễ hơn
E1->E2,E2->E1,N2,6,xgb,302,730,1.0917804692052007,1.1266826981223943,-0.20361063231425203,2.5788140062390665e-07,9.541611823084546e-06,True,chiều xuôi dễ hơn
E1->E2,E2->E1,N2,6,svr,302,730,1.0444676109054296,1.0939671819462815,-0.22426744080558836,1.3903900877051909e-08,5.700599359591282e-07,True,chiều xuôi dễ hơn
E1->E2,E2->E1,N2,12,lr,302,730,1.0446128159343775,1.066763263135188,-0.1910913544407149,1.3307397292402916e-06,4.657589052341021e-05,True,chiều xuôi dễ hơn
E1->E2,E2->E1,N2,12,ridge,302,730,1.0446128111121311,1.0667632570123153,-0.1910913544407149,1.3307397292402916e-06,4.657589052341021e-05,True,chiều xuôi dễ hơn
E1->E2,E2->E1,N2,12,rf,302,730,1.0463659812424893,1.0478665708254407,-0.08632858568447788,0.02894209866982535,0.26047888802842817,False,không khác
E1->E2,E2->E1,N2,12,xgb,302,730,1.1280931439031665,1.1284896574773429,-0.043799328676403904,0.2677978199523795,1.0,False,không khác
E1->E2,E2->E1,N2,12,svr,302,730,1.0611819619202296,1.0775903029915699,-0.1117935226344915,0.004674938064858365,0.07012407097287549,False,không khác
