env,h,model_a,model_b,n_chuoi,mae_p50_a,mae_p50_b,delta_p50,hieu_p50,n_a_thap_hon,thong_ke,p,p_holm,co_y_nghia,tot_hon
E1,1,naive,ma6,735,0.4077071290944123,0.4007443343426002,0.006962794751812107,-0.0130378933847142,426,69231.5,5.240671764287098e-29,4.192537411429678e-28,True,naive
E1,1,naive,seasonal,735,0.4077071290944123,0.5833608587943848,-0.1756537296999725,-0.1808526011560695,629,17784.0,2.671927137295683e-91,5.878239702050503e-90,True,naive
E1,1,naive,lr,735,0.4077071290944123,0.5508031015451244,-0.14309597245071204,-0.10056522953717,727,933.0,2.492167133978245e-120,6.755155725369897e-119,True,naive
E1,1,naive,ridge,735,0.4077071290944123,0.5510983478127187,-0.1433912187183064,-0.1007292435118683,727,925.0,2.4125556162035348e-120,6.755155725369897e-119,True,naive
E1,1,naive,rf,735,0.4077071290944123,0.384985425513396,0.022721703581016328,-0.010859331156709506,449,84652.0,1.5573400661378966e-18,9.34404039682738e-18,True,naive
E1,1,naive,xgb,735,0.4077071290944123,0.3968713356350657,0.010835793459346599,-0.0165446952325794,463,76358.0,1.51895305270166e-24,1.063267136891162e-23,True,naive
E1,1,naive,svr,735,0.4077071290944123,0.3781031902858683,0.029603938808544006,-0.012547535725049797,440,85089.0,3.050517194117684e-18,1.525258597058842e-17,True,naive
E1,1,ma6,seasonal,735,0.4007443343426002,0.5833608587943848,-0.1826165244517846,-0.15105681088340073,638,20740.0,8.976313801252183e-87,1.8850258982629584e-85,True,ma6
E1,1,ma6,lr,735,0.4007443343426002,0.5508031015451244,-0.15005876720252415,-0.05353582245962961,440,110413.0,1.6205932335473603e-05,4.861779700642081e-05,True,ma6
E1,1,ma6,ridge,735,0.4007443343426002,0.5510983478127187,-0.1503540134701185,-0.053533709124694503,440,110462.0,1.6841334322497204e-05,4.861779700642081e-05,True,ma6
E1,1,ma6,rf,735,0.4007443343426002,0.384985425513396,0.01575890882920422,0.0316200754518233,269,55650.0,1.8742044982478305e-43,2.4364658477221796e-42,True,rf
E1,1,ma6,xgb,735,0.4007443343426002,0.3968713356350657,0.003872998707534492,0.0193944790153526,299,64850.0,2.3026592497485966e-34,2.0723933247737368e-33,True,xgb
E1,1,ma6,svr,735,0.4007443343426002,0.3781031902858683,0.0226411440567319,0.031771330191816105,240,52990.0,2.749730601810385e-46,3.849622842534539e-45,True,svr
E1,1,seasonal,lr,735,0.5833608587943848,0.5508031015451244,0.032557757249260466,0.08933521245026638,270,60227.0,8.562222784166728e-39,1.0274667341000074e-37,True,lr
E1,1,seasonal,ridge,735,0.5833608587943848,0.5510983478127187,0.032262510981666104,0.08924243316944397,270,60275.0,9.550114862922095e-39,1.0505126349214305e-37,True,ridge
E1,1,seasonal,rf,735,0.5833608587943848,0.384985425513396,0.19837543328098883,0.184696029667006,85,11705.0,4.197135861872342e-102,1.0912553240868089e-100,True,rf
E1,1,seasonal,xgb,735,0.5833608587943848,0.3968713356350657,0.1864895231593191,0.19179260452818092,95,15225.0,1.7784768310580898e-96,4.2683443945394156e-95,True,xgb
E1,1,seasonal,svr,735,0.5833608587943848,0.3781031902858683,0.2052576685085165,0.19247545221978768,95,17240.0,2.5024287798974873e-93,5.7555861937642204e-92,True,svr
E1,1,lr,ridge,735,0.5508031015451244,0.5510983478127187,-0.00029524626759436234,-0.00015095120909586202,682,12979.0,4.767343651863094e-100,1.1918359129657735e-98,True,lr
E1,1,lr,rf,735,0.5508031015451244,0.384985425513396,0.16581767603172837,0.0837647517333559,73,22431.0,1.8390106983121952e-85,3.494120326793171e-84,True,rf
E1,1,lr,xgb,735,0.5508031015451244,0.3968713356350657,0.15393176591005864,0.06881074224855839,110,43873.0,1.0654591106933562e-56,1.5981886660400341e-55,True,xgb
E1,1,lr,svr,735,0.5508031015451244,0.3781031902858683,0.17269991125925604,0.0963001812947597,71,24709.0,4.031068689709047e-82,6.85281677250538e-81,True,svr
E1,1,ridge,rf,735,0.5510983478127187,0.384985425513396,0.16611292229932273,0.08396538992559338,73,22345.0,1.371297284575494e-85,2.742594569150988e-84,True,rf
E1,1,ridge,xgb,735,0.5510983478127187,0.3968713356350657,0.154227012177653,0.06901385508520749,110,43634.0,5.495551642017398e-57,8.792882627227837e-56,True,xgb
E1,1,ridge,svr,735,0.5510983478127187,0.3781031902858683,0.1729951575268504,0.09644161615719421,71,24613.0,2.924140131752699e-82,5.263452237154859e-81,True,svr
E1,1,rf,xgb,735,0.384985425513396,0.3968713356350657,-0.01188591012166973,-0.007682949803005892,511,64046.0,4.0911250599406634e-35,4.091125059940663e-34,True,rf
E1,1,rf,svr,735,0.384985425513396,0.3781031902858683,0.006882235227527678,-0.004929616333105895,413,113372.0,0.00014601856289918656,0.00014601856289918656,True,rf
E1,1,xgb,svr,735,0.3968713356350657,0.3781031902858683,0.018768145349197407,0.006746735933974735,326,106325.0,5.12496334065002e-07,2.049985336260008e-06,True,svr
E1,6,naive,ma6,735,0.4660801564027368,0.4262870641902899,0.03979309221244692,0.006647116324535796,295,120979.0,0.060030978887393574,0.07588201529543646,False,không kết luận
E1,6,naive,seasonal,735,0.4660801564027368,0.6005301150462441,-0.13444995864350728,-0.1270772238514173,591,30937.0,4.667069384296778e-72,7.467311014874845e-71,True,naive
E1,6,naive,lr,735,0.4660801564027368,0.8781132901285866,-0.4120331337258498,-0.4179753733287227,668,17750.0,1.5374155185130374e-92,3.382314140728682e-91,True,naive
E1,6,naive,ridge,735,0.4660801564027368,0.8783373546507118,-0.412257198247975,-0.4176451751097439,668,17762.0,1.6043592271335026e-92,3.382314140728682e-91,True,naive
E1,6,naive,rf,735,0.4660801564027368,0.5560619104796859,-0.08998175407694908,-0.029601305748780504,490,76222.0,1.190003710230513e-24,9.520029681844104e-24,True,naive
E1,6,naive,xgb,735,0.4660801564027368,0.587649871308433,-0.12156971490569624,-0.05467009171001311,587,61764.0,2.7301018524087735e-37,3.276122222890528e-36,True,naive
E1,6,naive,svr,735,0.4660801564027368,0.3960115456093419,0.07006861079339494,0.005545130672980202,328,123289.0,0.03794100764771823,0.07588201529543646,False,không kết luận
E1,6,ma6,seasonal,735,0.4262870641902899,0.6005301150462441,-0.1742430508559542,-0.1291463017269468,626,25446.0,8.2717125932185e-80,1.571625392711515e-78,True,ma6
E1,6,ma6,lr,735,0.4262870641902899,0.8781132901285866,-0.45182622593829674,-0.4208034100048881,681,17473.0,5.7409994118353286e-93,1.3778398588404789e-91,True,ma6
E1,6,ma6,ridge,735,0.4262870641902899,0.8783373546507118,-0.45205029046042194,-0.42054397143704136,681,17474.0,5.761475554989069e-93,1.3778398588404789e-91,True,ma6
E1,6,ma6,rf,735,0.4262870641902899,0.5560619104796859,-0.129774846289396,-0.018751340519053694,523,99283.0,4.2506061166325534e-10,2.9754242816427874e-09,True,ma6
E1,6,ma6,xgb,735,0.4262870641902899,0.587649871308433,-0.16136280711814316,-0.048771981355537314,524,106420.0,5.583996647605487e-07,3.350397988563292e-06,True,ma6
E1,6,ma6,svr,735,0.4262870641902899,0.3960115456093419,0.030275518580948013,0.028824076542178112,223,63026.0,4.443767239099302e-36,4.443767239099302e-35,True,svr
E1,6,seasonal,lr,735,0.6005301150462441,0.8781132901285866,-0.27758317508234254,-0.23672798857613564,446,117696.0,0.0023128409634195894,0.009198057432353033,True,seasonal
E1,6,seasonal,ridge,735,0.6005301150462441,0.8783373546507118,-0.27780723960446774,-0.23666622348147925,446,117686.0,0.002299514358088258,0.009198057432353033,True,seasonal
E1,6,seasonal,rf,735,0.6005301150462441,0.5560619104796859,0.0444682045665582,0.12104425219992848,184,46906.0,4.088903780063458e-53,6.133355670095187e-52,True,rf
E1,6,seasonal,xgb,735,0.6005301150462441,0.587649871308433,0.012880243737811048,0.09317869045579709,239,59783.0,3.108206214781633e-39,4.3514887006942864e-38,True,xgb
E1,6,seasonal,svr,735,0.6005301150462441,0.3960115456093419,0.20451856943690222,0.1808470680361932,89,18921.0,9.643311307603781e-91,1.928662261520756e-89,True,svr
E1,6,lr,ridge,735,0.8781132901285866,0.8783373546507118,-0.00022406452212520023,0.0002531781574148795,202,75225.0,1.9551134260582873e-25,1.7596020834524585e-24,True,ridge
E1,6,lr,rf,735,0.8781132901285866,0.5560619104796859,0.32205137964890074,0.3922028989843367,85,26663.0,2.6126180663209864e-79,4.702712519377775e-78,True,rf
E1,6,lr,xgb,735,0.8781132901285866,0.587649871308433,0.2904634188201536,0.3736193928733883,72,17245.0,2.547463236418248e-93,6.623404414687445e-92,True,xgb
E1,6,lr,svr,735,0.8781132901285866,0.3960115456093419,0.48210174451924476,0.4313067559089363,57,16943.0,8.662663685994305e-94,2.4255458320784055e-92,True,svr
E1,6,ridge,rf,735,0.8783373546507118,0.5560619104796859,0.32227544417102594,0.3918572018330855,86,26670.0,2.673367920566102e-79,4.702712519377775e-78,True,rf
E1,6,ridge,xgb,735,0.8783373546507118,0.587649871308433,0.2906874833422788,0.3732633814966858,72,17257.0,2.6588722421640028e-93,6.647180605410007e-92,True,xgb
E1,6,ridge,svr,735,0.8783373546507118,0.3960115456093419,0.48232580904136996,0.4309478611356935,57,16968.0,9.47275293110143e-94,2.557643291397386e-92,True,svr
E1,6,rf,xgb,735,0.5560619104796859,0.587649871308433,-0.03158796082874715,-0.024153587355141087,491,115596.0,0.0006460415872533585,0.003230207936266793,True,rf
E1,6,rf,svr,735,0.5560619104796859,0.3960115456093419,0.16005036487034402,0.057107535477136706,135,61917.0,3.838572857911867e-37,4.222430143703054e-36,True,svr
E1,6,xgb,svr,735,0.587649871308433,0.3960115456093419,0.19163832569909117,0.08454588382884809,117,61509.0,1.5447206129782789e-37,2.0081367968717624e-36,True,svr
E1,12,naive,ma6,735,0.4493532338308457,0.4558156188753204,-0.006462385044474717,-0.0172222222222222,503,74319.0,2.0824119245179087e-24,1.874170732066118e-23,True,naive
E1,12,naive,seasonal,735,0.4493532338308457,0.5817812722103767,-0.132428038379531,-0.1134044065387349,584,35909.5,2.1896649096667675e-65,3.7224303464335045e-64,True,naive
E1,12,naive,lr,735,0.4493532338308457,1.0489235994031263,-0.5995703655722806,-0.5902207660200584,676,22524.0,2.5252373417903283e-85,6.060569620296788e-84,True,naive
E1,12,naive,ridge,735,0.4493532338308457,1.0489916305433542,-0.5996383967125085,-0.5902534528514046,676,22528.0,2.559900120574776e-85,6.060569620296788e-84,True,naive
E1,12,naive,rf,735,0.4493532338308457,0.5938777786502205,-0.14452454481937482,-0.065191984792085,599,58633.0,2.191459152390423e-40,2.4106050676294653e-39,True,naive
E1,12,naive,xgb,735,0.4493532338308457,0.6390367810168669,-0.1896835471860212,-0.1232751152883122,618,50395.0,3.8558476794782995e-49,5.012601983321789e-48,True,naive
E1,12,naive,svr,735,0.4493532338308457,0.4103335782668061,0.03901965556403958,-0.009360219791885699,418,119792.0,0.007300773157776975,0.021902319473330923,True,naive
E1,12,ma6,seasonal,735,0.4558156188753204,0.5817812722103767,-0.12596565333505627,-0.08579246624022763,560,44979.5,4.5412220889752297e-54,6.811833133462845e-53,True,ma6
E1,12,ma6,lr,735,0.4558156188753204,1.0489235994031263,-0.5931079805278059,-0.5679490725515692,677,19164.0,2.264518574296284e-90,5.887748293170338e-89,True,ma6
E1,12,ma6,ridge,735,0.4558156188753204,1.0489916305433542,-0.5931760116680338,-0.5679808939590582,677,19166.0,2.280468741830644e-90,5.887748293170338e-89,True,ma6
E1,12,ma6,rf,735,0.4558156188753204,0.5938777786502205,-0.1380621597749001,-0.031143275298763012,512,100710.0,2.013510655700226e-09,1.0067553278501129e-08,True,ma6
E1,12,ma6,xgb,735,0.4558156188753204,0.6390367810168669,-0.1832211621415465,-0.0812427164507941,557,90482.0,7.666268841993841e-15,4.599761305196305e-14,True,ma6
E1,12,ma6,svr,735,0.4558156188753204,0.4103335782668061,0.045482040608514296,0.03987692780347091,165,45859.0,2.443088419607244e-54,3.9089414713715903e-53,True,svr
E1,12,seasonal,lr,735,0.5817812722103767,1.0489235994031263,-0.4671423271927496,-0.39534887345021896,469,128661.0,0.2532239666850926,0.5064479333701852,False,không kết luận
E1,12,seasonal,ridge,735,0.5817812722103767,1.0489916305433542,-0.4672103583329775,-0.39539076395041584,469,128665.0,0.2535126480992348,0.5064479333701852,False,không kết luận
E1,12,seasonal,rf,735,0.5817812722103767,0.5938777786502205,-0.012096506439843835,0.0610244813351426,267,72045.0,5.04778175889487e-28,5.0477817588948705e-27,True,rf
E1,12,seasonal,xgb,735,0.5817812722103767,0.6390367810168669,-0.05725550880649022,0.026291158253534896,333,87794.0,1.7250853540467961e-16,1.380068283237437e-15,True,xgb
E1,12,seasonal,svr,735,0.5817812722103767,0.4103335782668061,0.17144769394357057,0.1365807898713693,138,30456.0,5.401930122839613e-74,9.723474221111303e-73,True,svr
E1,12,lr,ridge,735,1.0489235994031263,1.0489916305433542,-6.803114022790879e-05,-3.132891299117979e-05,558,101559.0,4.937342247773711e-09,1.9749368991094844e-08,True,lr
E1,12,lr,rf,735,1.0489235994031263,0.5938777786502205,0.4550458207529058,0.5276850377303346,88,25300.0,2.8912459177598264e-81,5.782491835519653e-80,True,rf
E1,12,lr,xgb,735,1.0489235994031263,0.6390367810168669,0.4098868183862594,0.4832619357939383,82,24952.0,9.073902732082047e-82,1.9962586010580506e-80,True,xgb
E1,12,lr,svr,735,1.0489235994031263,0.4103335782668061,0.6385900211363202,0.5911493076690092,29,5301.0,9.335413373847102e-113,2.6139157446771887e-111,True,svr
E1,12,ridge,rf,735,1.0489916305433542,0.5938777786502205,0.4551138518931337,0.5277443705067602,88,25313.0,3.0189469210088508e-81,5.782491835519653e-80,True,rf
E1,12,ridge,xgb,735,1.0489916305433542,0.6390367810168669,0.4099548495264873,0.4832855869169852,82,24956.0,9.195769145360611e-82,1.9962586010580506e-80,True,xgb
E1,12,ridge,svr,735,1.0489916305433542,0.4103335782668061,0.6386580522765481,0.5911807390664046,29,5304.0,9.446032930841237e-113,2.6139157446771887e-111,True,svr
E1,12,rf,xgb,735,0.5938777786502205,0.6390367810168669,-0.045159002366646384,-0.04234967137421497,534,87952.0,2.168939379365488e-16,1.5182575655558416e-15,True,rf
E1,12,rf,svr,735,0.5938777786502205,0.4103335782668061,0.1835442003834144,0.08703316295967939,125,55808.0,2.7429805588734173e-43,3.2915766706481004e-42,True,svr
E1,12,xgb,svr,735,0.6390367810168669,0.4103335782668061,0.22870320275006079,0.1277890295634264,102,47327.0,1.2578078754120313e-52,1.760931025576844e-51,True,svr
E2,1,naive,ma6,302,0.4140311037709882,0.4099831406551059,0.0040479631158822915,-0.013553995779429347,172,13116.0,1.305663575722733e-10,1.1750972181504597e-09,True,naive
E2,1,naive,seasonal,302,0.4140311037709882,0.5996881881365262,-0.18565708436553807,-0.17283236994219658,266,2269.0,9.58188874680521e-42,2.3954721867013022e-40,True,naive
E2,1,naive,lr,302,0.4140311037709882,0.5107474132441241,-0.09671630947313592,-0.10218183796580543,290,2302.0,8.291071232099077e-42,2.238589232666751e-40,True,naive
E2,1,naive,ridge,302,0.4140311037709882,0.5107622627249901,-0.09673115895400197,-0.10226952156630278,290,2302.0,8.291071232099077e-42,2.238589232666751e-40,True,naive
E2,1,naive,rf,302,0.4140311037709882,0.3911268968668533,0.02290420690413486,0.0010103342669495977,147,22234.0,0.6722697398228943,1.0,False,không kết luận
E2,1,naive,xgb,302,0.4140311037709882,0.4105843619443219,0.0034467418266662664,-0.004125635701774058,163,21564.0,0.3874909311380529,1.0,False,không kết luận
E2,1,naive,svr,302,0.4140311037709882,0.36428304562181557,0.0497480581491726,0.0051000176212928905,130,22383.0,0.7452337711952711,1.0,False,không kết luận
E2,1,ma6,seasonal,302,0.4099831406551059,0.5996881881365262,-0.18970504748142036,-0.15117722174261183,258,5440.0,1.652378509113213e-30,2.9742813164037833e-29,True,ma6
E2,1,ma6,lr,302,0.4099831406551059,0.5107474132441241,-0.10076427258901821,-0.0663401505281886,196,22208.0,0.6598256422308928,1.0,False,không kết luận
E2,1,ma6,ridge,302,0.4099831406551059,0.5107622627249901,-0.10077912206988426,-0.06640874134836876,196,22209.0,0.6603025528463111,1.0,False,không kết luận
E2,1,ma6,rf,302,0.4099831406551059,0.3911268968668533,0.01885624378825257,0.0172354032694097,108,10052.0,3.068958244805826e-17,4.2965415427281567e-16,True,rf
E2,1,ma6,xgb,302,0.4099831406551059,0.4105843619443219,-0.0006012212892160251,0.01336206209988805,125,12180.0,1.884258231306793e-12,1.884258231306793e-11,True,xgb
E2,1,ma6,svr,302,0.4099831406551059,0.36428304562181557,0.04570009503329031,0.050188960269975505,61,5693.0,1.1191707149784264e-29,1.902590215463325e-28,True,svr
E2,1,seasonal,lr,302,0.5996881881365262,0.5107474132441241,0.08894077489240215,0.06407080012971694,120,11945.0,6.131735958752052e-13,7.358083150502462e-12,True,lr
E2,1,seasonal,ridge,302,0.5996881881365262,0.5107622627249901,0.0889259254115361,0.06400902077674608,120,11946.0,6.161405560891662e-13,7.358083150502462e-12,True,ridge
E2,1,seasonal,rf,302,0.5996881881365262,0.3911268968668533,0.20856129126967293,0.21804351066948452,40,2791.0,6.3189713490751264e-40,1.390173696796528e-38,True,rf
E2,1,seasonal,xgb,302,0.5996881881365262,0.4105843619443219,0.18910382619220434,0.2151892965912262,44,2868.0,1.2385666328152787e-39,2.6009899289120853e-38,True,xgb
E2,1,seasonal,svr,302,0.5996881881365262,0.36428304562181557,0.23540514251471067,0.2322357478006902,36,2139.0,1.911235716083237e-42,5.351460005033064e-41,True,svr
E2,1,lr,ridge,302,0.5107474132441241,0.5107622627249901,-1.4849480866052645e-05,-6.621007974463855e-05,237,10096.0,3.930980941288485e-17,5.11027522367503e-16,True,lr
E2,1,lr,rf,302,0.5107474132441241,0.3911268968668533,0.11962051637727078,0.097097353655197,25,2442.0,2.8974073199881395e-41,6.770410738758946e-40,True,rf
E2,1,lr,xgb,302,0.5107474132441241,0.4105843619443219,0.10016305129980219,0.09294433073501365,28,3487.0,2.5244342164161466e-37,5.00635091266334e-36,True,xgb
E2,1,lr,svr,302,0.5107474132441241,0.36428304562181557,0.14646436762230852,0.10612110747742105,48,9780.0,6.522235404483441e-18,1.037572143833297e-16,True,svr
E2,1,ridge,rf,302,0.5107622627249901,0.3911268968668533,0.11963536585813683,0.09719799523656145,25,2439.0,2.821004474482894e-41,6.770410738758946e-40,True,rf
E2,1,ridge,xgb,302,0.5107622627249901,0.4105843619443219,0.10017790078066824,0.09303988903933175,29,3486.0,2.50317545633167e-37,5.00635091266334e-36,True,xgb
E2,1,ridge,svr,302,0.5107622627249901,0.36428304562181557,0.14647921710317457,0.10623466638446137,48,9779.0,6.484825898958106e-18,1.037572143833297e-16,True,svr
E2,1,rf,xgb,302,0.3911268968668533,0.4105843619443219,-0.019457465077468594,-0.00486463125016854,180,15945.0,5.0226451019119165e-06,4.018116081529533e-05,True,rf
E2,1,rf,svr,302,0.3911268968668533,0.36428304562181557,0.026843851245037742,0.009075069232473157,120,21414.0,0.3355778624657326,1.0,False,không kết luận
E2,1,xgb,svr,302,0.4105843619443219,0.36428304562181557,0.046301316322506336,0.0149502859746138,109,21609.0,0.40397247243146206,1.0,False,không kết luận
E2,6,naive,ma6,302,0.48079877112135183,0.4466136014523111,0.03418516966904073,0.01260793418051485,110,21225.0,0.2768684804561201,0.37040759974119153,False,không kết luận
E2,6,naive,seasonal,302,0.48079877112135183,0.7206605222734255,-0.23986175115207364,-0.1084005376344086,243,4986.0,4.980723989694395e-32,9.463375580419351e-31,True,naive
E2,6,naive,lr,302,0.48079877112135183,0.9005310685653591,-0.4197322974440073,-0.547202736797687,285,2813.0,7.660660721870374e-40,1.9917717876862972e-38,True,naive
E2,6,naive,ridge,302,0.48079877112135183,0.9005599465787686,-0.41976117545741676,-0.5472538905176365,285,2813.0,7.660660721870374e-40,1.9917717876862972e-38,True,naive
E2,6,naive,rf,302,0.48079877112135183,0.5208661353704407,-0.040067364249088855,-0.015233888615571595,173,18864.0,0.008243970090330333,0.04121985045165166,True,naive
E2,6,naive,xgb,302,0.48079877112135183,0.5464341055229878,-0.06563533440163594,-0.0338165595434578,197,15368.0,7.663471777230013e-07,6.13077742178401e-06,True,naive
E2,6,naive,svr,302,0.48079877112135183,0.37334526422241116,0.10745350689894068,0.034743271600797654,96,16714.0,4.9597739633570325e-05,0.0002975864378014219,True,svr
E2,6,ma6,seasonal,302,0.4466136014523111,0.7206605222734255,-0.27404692082111437,-0.12164680993493304,257,5162.0,1.9562920495958587e-31,3.521325689272545e-30,True,ma6
E2,6,ma6,lr,302,0.4466136014523111,0.9005310685653591,-0.45391746711304803,-0.5552988639519556,278,4240.0,1.3020692040835202e-34,2.9947591693920962e-33,True,ma6
E2,6,ma6,ridge,302,0.4466136014523111,0.9005599465787686,-0.4539463451264575,-0.555322722590059,278,4240.0,1.3020692040835202e-34,2.9947591693920962e-33,True,ma6
E2,6,ma6,rf,302,0.4466136014523111,0.5208661353704407,-0.07425253391812958,-0.024047768805166528,210,15619.0,1.7662127237294686e-06,1.236348906610628e-05,True,ma6
E2,6,ma6,xgb,302,0.4466136014523111,0.5464341055229878,-0.09982050407067666,-0.041773158615096825,235,12724.0,2.315386852652251e-11,2.315386852652251e-10,True,ma6
E2,6,ma6,svr,302,0.4466136014523111,0.37334526422241116,0.07326833722989995,0.03306731854531636,105,12102.0,1.3015034949515409e-12,1.4316538444466949e-11,True,svr
E2,6,seasonal,lr,302,0.7206605222734255,0.9005310685653591,-0.17987054629193366,-0.3186376743519078,201,20537.0,0.12346919991373051,0.37040759974119153,False,không kết luận
E2,6,seasonal,ridge,302,0.7206605222734255,0.9005599465787686,-0.17989942430534311,-0.3186526178131721,201,20537.0,0.12346919991373051,0.37040759974119153,False,không kết luận
E2,6,seasonal,rf,302,0.7206605222734255,0.5208661353704407,0.1997943869029848,0.14195101020007445,84,8592.0,5.192967911310491e-21,7.789451866965737e-20,True,rf
E2,6,seasonal,xgb,302,0.7206605222734255,0.5464341055229878,0.1742264167504377,0.1165054239847693,91,9743.0,5.2703703973611765e-18,6.851481516569529e-17,True,xgb
E2,6,seasonal,svr,302,0.7206605222734255,0.37334526422241116,0.3473152580510143,0.19739142853233427,41,3061.0,6.616398882407765e-39,1.5879357317778634e-37,True,svr
E2,6,lr,ridge,302,0.9005310685653591,0.9005599465787686,-2.8878013409450176e-05,-2.588344808901466e-05,193,19165.0,0.01453643849982267,0.05814575399929068,False,không kết luận
E2,6,lr,rf,302,0.9005310685653591,0.5208661353704407,0.37966493319491845,0.49952110795494326,32,4808.0,1.231711215326698e-32,2.5865935521860656e-31,True,rf
E2,6,lr,xgb,302,0.9005310685653591,0.5464341055229878,0.35409696304237137,0.48532977844146935,41,7123.0,3.310242270505116e-25,5.6274118598586974e-24,True,xgb
E2,6,lr,svr,302,0.9005310685653591,0.37334526422241116,0.527185804342948,0.5782703988347954,8,339.0,8.179140313910805e-50,2.2901592878950256e-48,True,svr
E2,6,ridge,rf,302,0.9005599465787686,0.5208661353704407,0.3796938112083279,0.49957654901426835,32,4808.0,1.231711215326698e-32,2.5865935521860656e-31,True,rf
E2,6,ridge,xgb,302,0.9005599465787686,0.5464341055229878,0.3541258410557808,0.4853786941031441,41,7126.0,3.379388352599184e-25,5.6274118598586974e-24,True,xgb
E2,6,ridge,svr,302,0.9005599465787686,0.37334526422241116,0.5272146823563575,0.5782506261737483,8,339.0,8.179140313910805e-50,2.2901592878950256e-48,True,svr
E2,6,rf,xgb,302,0.5208661353704407,0.5464341055229878,-0.02556797015254708,-0.015761578549861592,208,13488.0,6.34639618162691e-10,5.7117565634642185e-09,True,rf
E2,6,rf,svr,302,0.5208661353704407,0.37334526422241116,0.14752087114802953,0.05446747910388264,66,11174.0,1.3067698343884442e-14,1.568123801266133e-13,True,svr
E2,6,xgb,svr,302,0.5464341055229878,0.37334526422241116,0.1730888413005766,0.06911409594894455,47,8848.0,2.543405827375269e-20,3.5607681583253763e-19,True,svr
E2,12,naive,ma6,302,0.46491826581378815,0.46329212454212454,0.001626141271663606,-0.023021795782989796,198,13821.0,2.4867522484481536e-09,2.4867522484481536e-08,True,naive
E2,12,naive,seasonal,302,0.46491826581378815,0.6644314143567873,-0.19951314854299917,-0.07326581378820174,229,7771.0,2.6314072316756246e-23,4.473392293848562e-22,True,naive
E2,12,naive,lr,302,0.46491826581378815,1.1959112097612068,-0.7309929439474186,-0.8546450938988681,274,2756.0,4.6497334108857815e-40,1.3019253550480188e-38,True,naive
E2,12,naive,ridge,302,0.46491826581378815,1.1958359114803485,-0.7309176456665604,-0.8545813863194404,274,2757.0,4.690698020919346e-40,1.3019253550480188e-38,True,naive
E2,12,naive,rf,302,0.46491826581378815,0.5904490725716234,-0.12553080675783523,-0.057386760163982434,224,13425.0,4.875553529199656e-10,5.363108882119622e-09,True,naive
E2,12,naive,xgb,302,0.46491826581378815,0.7063360412835058,-0.24141777546971765,-0.08130216121673589,231,11202.0,1.509471612378002e-14,1.9623130960914026e-13,True,naive
E2,12,naive,svr,302,0.46491826581378815,0.39498739732333443,0.06993086849045371,0.01992738750514675,133,19083.0,0.012499592327603268,0.012499592327603268,True,svr
E2,12,ma6,seasonal,302,0.46329212454212454,0.6644314143567873,-0.20113928981466278,-0.09734956171523337,209,10319.0,1.3609736585229589e-16,2.041460487784438e-15,True,ma6
E2,12,ma6,lr,302,0.46329212454212454,1.1959112097612068,-0.7326190852190823,-0.8098051550534631,267,5677.0,9.924549201612913e-30,2.3640619100309167e-28,True,ma6
E2,12,ma6,ridge,302,0.46329212454212454,1.1958359114803485,-0.732543786938224,-0.8097526581291338,267,5676.0,9.850257958462154e-30,2.3640619100309167e-28,True,ma6
E2,12,ma6,rf,302,0.46329212454212454,0.5904490725716234,-0.12715694802949884,-0.03414496540394464,213,15888.0,4.197219250777893e-06,2.0986096253889464e-05,True,ma6
E2,12,ma6,xgb,302,0.46329212454212454,0.7063360412835058,-0.24304391674138126,-0.0595991860800687,228,14215.0,1.177815398783618e-08,1.0600338589052562e-07,True,ma6
E2,12,ma6,svr,302,0.46329212454212454,0.39498739732333443,0.0683047272187901,0.03836692524632765,74,11205.0,1.5329438322221236e-14,1.9623130960914026e-13,True,svr
E2,12,seasonal,lr,302,0.6644314143567873,1.1959112097612068,-0.5314797954044195,-0.6253195869357582,220,17056.0,0.00012693284083023363,0.0005077313633209345,True,seasonal
E2,12,seasonal,ridge,302,0.6644314143567873,1.1958359114803485,-0.5314044971235612,-0.6253052633168836,220,17056.0,0.00012693284083023363,0.0005077313633209345,True,seasonal
E2,12,seasonal,rf,302,0.6644314143567873,0.5904490725716234,0.07398234178516394,0.059558108800694495,128,15477.0,1.1048519559586902e-06,8.838815647669522e-06,True,rf
E2,12,seasonal,xgb,302,0.6644314143567873,0.7063360412835058,-0.04190462692671848,0.02005011148549598,140,17266.0,0.00022069600636794774,0.0005077313633209345,True,xgb
E2,12,seasonal,svr,302,0.6644314143567873,0.39498739732333443,0.2694440170334529,0.13052110740528103,73,6865.0,5.513664329015409e-26,1.1027328658030817e-24,True,svr
E2,12,lr,ridge,302,1.1959112097612068,1.1958359114803485,7.52982808582825e-05,5.642264636596117e-05,86,15800.0,3.172702268480421e-06,1.9036213610882524e-05,True,ridge
E2,12,lr,rf,302,1.1959112097612068,0.5904490725716234,0.6054621371895834,0.7392737496889212,40,6676.0,1.45652513916468e-26,3.2043553061622965e-25,True,rf
E2,12,lr,xgb,302,1.1959112097612068,0.7063360412835058,0.489575168477701,0.7265159726498733,47,7163.0,4.359459600284143e-25,8.282973240539872e-24,True,xgb
E2,12,lr,svr,302,1.1959112097612068,0.39498739732333443,0.8009238124378724,0.8712150518639068,15,3117.0,1.0726628360068036e-38,2.7889233736176896e-37,True,svr
E2,12,ridge,rf,302,1.1958359114803485,0.5904490725716234,0.6053868389087251,0.7391893431066441,40,6676.0,1.45652513916468e-26,3.2043553061622965e-25,True,rf
E2,12,ridge,xgb,302,1.1958359114803485,0.7063360412835058,0.4894998701968427,0.726423370162053,47,7164.0,4.389531336739392e-25,8.282973240539872e-24,True,xgb
E2,12,ridge,svr,302,1.1958359114803485,0.39498739732333443,0.8008485141570141,0.8711418360092051,15,3117.0,1.0726628360068036e-38,2.7889233736176896e-37,True,svr
E2,12,rf,xgb,302,0.5904490725716234,0.7063360412835058,-0.11588696871188242,-0.02200495338710707,202,15551.0,1.4123266797523888e-06,9.886286758266722e-06,True,rf
E2,12,rf,svr,302,0.5904490725716234,0.39498739732333443,0.19546167524828895,0.072996017655467,64,10651.0,8.312196842015997e-16,1.1637075578822396e-14,True,svr
E2,12,xgb,svr,302,0.7063360412835058,0.39498739732333443,0.31134864396017137,0.10096843249837226,45,8278.0,7.1189682494574445e-22,1.1390349199131911e-20,True,svr
E3,1,naive,ma6,497,4.295534398772086,5.06576629737134,-0.7702318985992536,-0.7677582908019707,488,137.0,8.937555408904596e-83,2.0556377440480571e-81,True,naive
E3,1,naive,seasonal,497,4.295534398772086,7.352796566082352,-3.057262167310266,-2.9412411859970815,497,0.0,3.907279005751895e-83,1.0940381216105306e-81,True,naive
E3,1,naive,lr,497,4.295534398772086,4.0845195131487575,0.21101488562332893,0.2609265998723904,146,35584.0,2.250536959909554e-16,2.475590655900509e-15,True,lr
E3,1,naive,ridge,497,4.295534398772086,4.084656747656928,0.21087765111515822,0.26091623073141257,146,35640.0,2.602777765419359e-16,2.602777765419359e-15,True,ridge
E3,1,naive,rf,497,4.295534398772086,4.133127491687575,0.16240690708451133,0.256023793231519,152,49970.0,0.00020165180741105266,0.0014115626518773686,True,rf
E3,1,naive,xgb,497,4.295534398772086,4.042282263792604,0.2532521349794825,0.3476931069104756,156,54995.0,0.031694093637043654,0.1566208124309303,False,không kết luận
E3,1,naive,svr,497,4.295534398772086,4.1659407299127,0.1295936688593864,0.23723200938659872,161,58474.0,0.2881526133512201,0.2881526133512201,False,không kết luận
E3,1,ma6,seasonal,497,5.06576629737134,7.352796566082352,-2.2870302687110122,-2.258778952394649,496,1.0,3.930974671612036e-83,1.0940381216105306e-81,True,ma6
E3,1,ma6,lr,497,5.06576629737134,4.0845195131487575,0.9812467842225825,0.9711812467880456,23,2703.0,3.430310604118696e-76,6.517590147825522e-75,True,lr
E3,1,ma6,ridge,497,5.06576629737134,4.084656747656928,0.9811095497144118,0.9710562217389347,23,2737.0,4.175502703770997e-76,7.515904866787794e-75,True,ridge
E3,1,ma6,rf,497,5.06576629737134,4.133127491687575,0.9326388056837649,0.9291442579749409,8,89.0,6.689709385066134e-83,1.6055302524158722e-81,True,rf
E3,1,ma6,xgb,497,5.06576629737134,4.042282263792604,1.023484033578736,0.9929240404012862,58,3567.0,4.8948515948229546e-74,8.321247711199023e-73,True,xgb
E3,1,ma6,svr,497,5.06576629737134,4.1659407299127,0.89982556745864,0.8674625391865582,138,54682.0,0.02470663163150578,0.14823978978903468,False,không kết luận
E3,1,seasonal,lr,497,7.352796566082352,4.0845195131487575,3.2682770529335947,3.2708633950264794,18,225.0,1.5192196203112703e-82,3.1903612026536674e-81,True,lr
E3,1,seasonal,ridge,497,7.352796566082352,4.084656747656928,3.268139818425424,3.2701394625066653,18,225.0,1.5192196203112703e-82,3.1903612026536674e-81,True,ridge
E3,1,seasonal,rf,497,7.352796566082352,4.133127491687575,3.219669074394777,3.2810002870920822,0,0.0,3.907279005751895e-83,1.0940381216105306e-81,True,rf
E3,1,seasonal,xgb,497,7.352796566082352,4.042282263792604,3.3105143022897483,3.3856290425985205,19,209.0,1.379601429518425e-82,3.0351231449405354e-81,True,xgb
E3,1,seasonal,svr,497,7.352796566082352,4.1659407299127,3.186855836169652,3.2339292289676536,1,1.0,3.930974671612036e-83,1.0940381216105306e-81,True,svr
E3,1,lr,ridge,497,4.0845195131487575,4.084656747656928,-0.0001372345081707138,-0.00029913400638958976,358,23001.0,6.803528354242416e-34,9.524939695939382e-33,True,lr
E3,1,lr,rf,497,4.0845195131487575,4.133127491687575,-0.0486079785388176,-0.010715779111879709,273,48817.0,4.564433574953384e-05,0.00041079902174580453,True,lr
E3,1,lr,xgb,497,4.0845195131487575,4.042282263792604,0.04223724935615358,0.08406166850700769,155,56501.0,0.09332588670113139,0.275257251293436,False,không kết luận
E3,1,lr,svr,497,4.0845195131487575,4.1659407299127,-0.08142121676394254,-0.038881020576676306,331,30959.0,4.832895248478706e-22,6.282763823022318e-21,True,lr
E3,1,ridge,rf,497,4.084656747656928,4.133127491687575,-0.048470744030646884,-0.010372614514543077,273,48914.0,5.196753600532756e-05,0.00041574028804262046,True,ridge
E3,1,ridge,xgb,497,4.084656747656928,4.042282263792604,0.0423744838643243,0.08417305976261158,155,56475.0,0.091752417097812,0.275257251293436,False,không kết luận
E3,1,ridge,svr,497,4.084656747656928,4.1659407299127,-0.08128398225577183,-0.03855044288068665,331,31067.0,6.710777166673246e-22,8.052932600007895e-21,True,ridge
E3,1,rf,xgb,497,4.133127491687575,4.042282263792604,0.09084522789497118,0.06217219398609486,161,54980.0,0.03132416248618606,0.1566208124309303,False,không kết luận
E3,1,rf,svr,497,4.133127491687575,4.1659407299127,-0.03281323822512494,-0.08254056331252979,354,21383.0,1.2521161842003423e-36,1.8781742763005134e-35,True,rf
E3,1,xgb,svr,497,4.042282263792604,4.1659407299127,-0.12365846612009612,-0.1575943923933032,448,8301.0,8.610263417566662e-63,1.3776421468106659e-61,True,xgb
E3,6,naive,ma6,497,6.508720663903487,5.908679851405509,0.6000408124979781,0.5460141094558768,64,6976.0,7.635717097062675e-66,1.6035005903831616e-64,True,ma6
E3,6,naive,seasonal,497,6.508720663903487,7.764345332953728,-1.255624669050241,-1.1676990711471156,492,216.0,1.4390362859087123e-82,3.5975907147717806e-81,True,naive
E3,6,naive,lr,497,6.508720663903487,5.632613709852007,0.8761069540514805,0.8378489750004654,121,23980.0,2.7176495022966203e-32,5.068393825145588e-31,True,lr
E3,6,naive,ridge,497,6.508720663903487,5.632114278350038,0.8766063855534494,0.8379267176357947,121,23975.0,2.6675756974450465e-32,5.068393825145588e-31,True,ridge
E3,6,naive,rf,497,6.508720663903487,5.39196177266712,1.1167588912363673,1.0579872680844753,150,36661.0,3.4984087062490767e-15,5.247613059373615e-14,True,rf
E3,6,naive,xgb,497,6.508720663903487,5.423125989071503,1.0855946748319845,1.0420401655314553,149,31049.0,6.353980051052277e-22,1.080176608678887e-20,True,xgb
E3,6,naive,svr,497,6.508720663903487,5.4493870567820295,1.0593336071214576,1.0363533911691034,150,56234.0,0.07816057951816868,0.49461361918221064,False,không kết luận
E3,6,ma6,seasonal,497,5.908679851405509,7.764345332953728,-1.8556654815482192,-1.8093008478892862,491,95.0,6.936477904255394e-83,1.9422138131915104e-81,True,ma6
E3,6,ma6,lr,497,5.908679851405509,5.632613709852007,0.2760661415535024,0.22179764185863426,146,46236.0,1.0469193081696828e-06,1.4656870314375558e-05,True,lr
E3,6,ma6,ridge,497,5.908679851405509,5.632114278350038,0.27656557305547125,0.22082101783125907,146,46250.0,1.070380506455067e-06,1.4656870314375558e-05,True,ridge
E3,6,ma6,rf,497,5.908679851405509,5.39196177266712,0.5167180787383892,0.46718068574422933,155,50985.0,0.0006736657443654436,0.005389325954923549,True,rf
E3,6,ma6,xgb,497,5.908679851405509,5.423125989071503,0.4855538623340063,0.4244071056834864,156,56086.0,0.07065908845460152,0.49461361918221064,False,không kết luận
E3,6,ma6,svr,497,5.908679851405509,5.4493870567820295,0.4592927946234795,0.4239494744157186,151,57047.0,0.1316415924052127,0.5105429475213012,False,không kết luận
E3,6,seasonal,lr,497,7.764345332953728,5.632613709852007,2.1317316231017216,2.1450915984537593,21,5301.0,8.288290360166014e-70,1.9063067828381834e-68,True,lr
E3,6,seasonal,ridge,497,7.764345332953728,5.632114278350038,2.1322310546036904,2.144929809423836,21,5305.0,8.473701045511443e-70,1.9063067828381834e-68,True,ridge
E3,6,seasonal,rf,497,7.764345332953728,5.39196177266712,2.3723835602866084,2.3706869862266666,10,131.0,8.619808727470618e-83,2.2411502691423607e-81,True,rf
E3,6,seasonal,xgb,497,7.764345332953728,5.423125989071503,2.3412193438822255,2.3856503798035718,20,236.0,1.6232963157873115e-82,3.895911157889548e-81,True,xgb
E3,6,seasonal,svr,497,7.764345332953728,5.4493870567820295,2.3149582761716987,2.269253563218104,8,118.0,7.969480143929634e-83,2.1517596388610013e-81,True,svr
E3,6,lr,ridge,497,5.632613709852007,5.632114278350038,0.00049943150196885,4.768371582120068e-05,238,61215.0,0.8363962768346038,1.0,False,không kết luận
E3,6,lr,rf,497,5.632613709852007,5.39196177266712,0.24065193718488676,0.19631139945549947,149,49747.0,0.0001527511327366889,0.0015275113273668889,True,rf
E3,6,lr,xgb,497,5.632613709852007,5.423125989071503,0.20948772078050393,0.1627120252565284,140,46818.0,2.5899104564410494e-06,3.1078925477292596e-05,True,xgb
E3,6,lr,svr,497,5.632613709852007,5.4493870567820295,0.1832266530699771,0.17170327694467158,153,56641.0,0.1021740787929813,0.5105429475213012,False,không kết luận
E3,6,ridge,rf,497,5.632114278350038,5.39196177266712,0.2401525056829179,0.1964960151416424,149,49752.0,0.00015371305620221517,0.0015275113273668889,True,rf
E3,6,ridge,xgb,497,5.632114278350038,5.423125989071503,0.20898828927853508,0.16311607813638673,141,46823.0,2.609782535172951e-06,3.1078925477292596e-05,True,xgb
E3,6,ridge,svr,497,5.632114278350038,5.4493870567820295,0.18272722156800825,0.17181152418668155,153,56640.0,0.10210858950426026,0.5105429475213012,False,không kết luận
E3,6,rf,xgb,497,5.39196177266712,5.423125989071503,-0.031164216404382827,-0.01835561225524085,263,61172.0,0.8259265637976302,1.0,False,không kết luận
E3,6,rf,svr,497,5.39196177266712,5.4493870567820295,-0.05742528411490966,-0.0981662042768674,359,23517.0,4.806564321977676e-33,9.613128643955353e-32,True,rf
E3,6,xgb,svr,497,5.423125989071503,5.4493870567820295,-0.02626106771052683,-0.061729440566037574,304,34018.0,3.414068178377303e-18,5.462509085403685e-17,True,xgb
E3,12,naive,ma6,497,7.027038242901766,6.821390907131799,0.2056473357699673,0.10658692600527608,186,41778.0,3.5122443092773237e-10,3.5122443092773236e-09,True,ma6
E3,12,naive,seasonal,497,7.027038242901766,7.87776164648527,-0.8507234035835038,-0.8794535426054555,462,3026.0,2.2101885300636746e-75,5.304452472152819e-74,True,naive
E3,12,naive,lr,497,7.027038242901766,6.433363950917596,0.5936742919841702,0.49000603635159745,153,49762.0,0.00015565403395965486,0.0014008863056368937,True,lr
E3,12,naive,ridge,497,7.027038242901766,6.432868962632703,0.594169280269063,0.4897812140367801,153,49769.0,0.00015702641879160718,0.0014008863056368937,True,ridge
E3,12,naive,rf,497,7.027038242901766,5.840017988976799,1.1870202539249677,1.061617802687934,145,26545.0,2.748118936008007e-28,3.84736651041121e-27,True,rf
E3,12,naive,xgb,497,7.027038242901766,5.918265611187303,1.108772631714463,0.9640808028947561,151,35703.0,3.064258637330236e-16,3.983536228529307e-15,True,xgb
E3,12,naive,svr,497,7.027038242901766,6.161344447108217,0.8656937957935495,0.798816926773628,151,56988.0,0.12699035045471088,0.2371749240704118,False,không kết luận
E3,12,ma6,seasonal,497,6.821390907131799,7.87776164648527,-1.0563707393534711,-1.0906391888538316,479,1273.0,7.950059438556204e-80,1.987514859639051e-78,True,ma6
E3,12,ma6,lr,497,6.821390907131799,6.433363950917596,0.3880269562142029,0.2751233835141367,164,50351.0,0.00032067534696983375,0.0022179417985865608,True,lr
E3,12,ma6,ridge,497,6.821390907131799,6.432868962632703,0.3885219444990957,0.27498598608963754,164,50341.0,0.0003168488283695087,0.0022179417985865608,True,ridge
E3,12,ma6,rf,497,6.821390907131799,5.840017988976799,0.9813729181550004,0.8099597055993071,138,24843.0,6.493647731338813e-31,9.740471597008218e-30,True,rf
E3,12,ma6,xgb,497,6.821390907131799,5.918265611187303,0.9031252959444958,0.75013794614138,152,36444.0,2.0308422494025006e-15,2.4370106992830006e-14,True,xgb
E3,12,ma6,svr,497,6.821390907131799,6.161344447108217,0.6600464600235822,0.5683952956923486,148,56877.0,0.1185874620352059,0.2371749240704118,False,không kết luận
E3,12,seasonal,lr,497,7.87776164648527,6.433363950917596,1.444397695567674,1.5171813922660782,23,7642.0,2.6684040710618055e-64,5.870488956335972e-63,True,lr
E3,12,seasonal,ridge,497,7.87776164648527,6.432868962632703,1.4448926838525669,1.5180183710076243,23,7646.0,2.7256165208285063e-64,5.870488956335972e-63,True,ridge
E3,12,seasonal,rf,497,7.87776164648527,5.840017988976799,2.0377436575084715,2.1439447118540915,14,168.0,1.0775075364749538e-82,3.017021102129871e-81,True,rf
E3,12,seasonal,xgb,497,7.87776164648527,5.918265611187303,1.959496035297967,2.0684620620831584,22,665.0,2.1317014584080257e-81,5.542423791860867e-80,True,xgb
E3,12,seasonal,svr,497,7.87776164648527,6.161344447108217,1.7164171993770534,1.7341570239228563,9,483.0,7.165272715369884e-82,1.9346236331498688e-80,True,svr
E3,12,lr,ridge,497,6.433363950917596,6.432868962632703,0.0004949882848928056,0.0003222508216973452,205,50632.0,0.0004476404464796179,0.0022382022323980894,True,ridge
E3,12,lr,rf,497,6.433363950917596,5.840017988976799,0.5933459619407975,0.5250993418487226,68,9234.0,1.0959115331366705e-60,2.191823066273341e-59,True,rf
E3,12,lr,xgb,497,6.433363950917596,5.918265611187303,0.5150983397302928,0.4395950896818901,90,16828.0,6.400505622394864e-45,1.0643434371189915e-43,True,xgb
E3,12,lr,svr,497,6.433363950917596,6.161344447108217,0.27201950380937934,0.2630510800470578,139,54227.0,0.016940356674568613,0.06758894399418987,False,không kết luận
E3,12,ridge,rf,497,6.432868962632703,5.840017988976799,0.5928509736559047,0.5239824280959535,68,9241.0,1.1361301442758946e-60,2.191823066273341e-59,True,rf
E3,12,ridge,xgb,497,6.432868962632703,5.918265611187303,0.5146033514454,0.43859592607055653,90,16823.0,6.260843747758773e-45,1.0643434371189915e-43,True,xgb
E3,12,ridge,svr,497,6.432868962632703,6.161344447108217,0.27152451552448653,0.2645592913917314,139,54224.0,0.016897235998547467,0.06758894399418987,False,không kết luận
E3,12,rf,xgb,497,5.840017988976799,5.918265611187303,-0.07824762221050463,-0.14785893543168438,324,37742.0,4.911825503949421e-14,5.403008054344363e-13,True,rf
E3,12,rf,svr,497,5.840017988976799,6.161344447108217,-0.32132645813141814,-0.370621659278183,438,5849.0,1.6923767530008823e-68,3.8924665319020296e-67,True,rf
E3,12,xgb,svr,497,5.918265611187303,6.161344447108217,-0.2430788359209135,-0.3038872284883176,421,11946.0,8.899648802005579e-55,1.6019367843610042e-53,True,xgb
