env,series_id,vm
E1a,E1_532,E1_532
E1a,E1_1160,E1_1160
E1a,E1_231,E1_231
E1a,E1_871,E1_871
E1a,E1_1233,E1_1233
E1a,E1_474,E1_474
E1a,E1_834,E1_834
E1a,E1_177,E1_177
E1a,E1_280,E1_280
E1a,E1_923,E1_923
E1a,E1_974,E1_974
E1a,E1_315,E1_315
E1a,E1_901,E1_901
E1a,E1_561,E1_561
E1a,E1_440,E1_440
E1a,E1_502,E1_502
E1a,E1_261,E1_261
E1a,E1_340,E1_340
E1a,E1_721,E1_721
E1a,E1_98,E1_98
E1a,E1_493,E1_493
E1a,E1_116,E1_116
E1a,E1_759,E1_759
E1a,E1_855,E1_855
E1a,E1_419,E1_419
E1a,E1_57,E1_57
E1a,E1_127,E1_127
E1a,E1_134,E1_134
E1a,E1_911,E1_911
E1a,E1_431,E1_431
E1a,E1_329,E1_329
E1a,E1_688,E1_688
E1a,E1_521,E1_521
E1a,E1_349,E1_349
E1a,E1_630,E1_630
E1a,E1_410,E1_410
E1a,E1_527,E1_527
E1a,E1_939,E1_939
E1a,E1_468,E1_468
E1a,E1_206,E1_206
E1a,E1_243,E1_243
E1a,E1_479,E1_479
E1a,E1_464,E1_464
E1a,E1_517,E1_517
E1a,E1_723,E1_723
E1a,E1_323,E1_323
E1a,E1_115,E1_115
E1a,E1_383,E1_383
E1a,E1_328,E1_328
E1a,E1_996,E1_996
E1a,E1_990,E1_990
E1a,E1_529,E1_529
E1a,E1_523,E1_523
E1a,E1_31,E1_31
E1a,E1_609,E1_609
E1a,E1_600,E1_600
E1a,E1_814,E1_814
E1a,E1_236,E1_236
E1a,E1_186,E1_186
E1a,E1_998,E1_998
E1a,E1_882,E1_882
E1a,E1_221,E1_221
E1a,E1_742,E1_742
E1a,E1_904,E1_904
E1a,E1_861,E1_861
E1a,E1_763,E1_763
E1a,E1_252,E1_252
E1a,E1_420,E1_420
E1a,E1_264,E1_264
E1a,E1_145,E1_145
E1a,E1_639,E1_639
E1a,E1_853,E1_853
E1a,E1_657,E1_657
E1a,E1_62,E1_62
E1a,E1_662,E1_662
E1a,E1_878,E1_878
E1a,E1_438,E1_438
E1a,E1_401,E1_401
E1a,E1_807,E1_807
E1a,E1_51,E1_51
E1a,E1_164,E1_164
E1a,E1_459,E1_459
E1a,E1_268,E1_268
E1a,E1_868,E1_868
E1a,E1_371,E1_371
E1a,E1_582,E1_582
E1a,E1_119,E1_119
E1a,E1_661,E1_661
E1a,E1_989,E1_989
E1a,E1_43,E1_43
E1a,E1_388,E1_388
E1a,E1_85,E1_85
E1a,E1_74,E1_74
E1a,E1_443,E1_443
E1a,E1_289,E1_289
E1a,E1_188,E1_188
E1a,E1_150,E1_150
E1a,E1_764,E1_764
E1a,E1_291,E1_291
E1a,E1_618,E1_618
E1a,E1_604,E1_604
E1a,E1_190,E1_190
E1a,E1_709,E1_709
E1a,E1_749,E1_749
E1a,E1_738,E1_738
E1a,E1_993,E1_993
E1a,E1_205,E1_205
E1a,E1_979,E1_979
E1a,E1_718,E1_718
E1a,E1_197,E1_197
E1a,E1_1063,E1_1063
E1a,E1_167,E1_167
E1a,E1_1007,E1_1007
E1a,E1_893,E1_893
E1a,E1_504,E1_504
E1a,E1_1229,E1_1229
E1a,E1_240,E1_240
E1a,E1_985,E1_985
E1a,E1_391,E1_391
E1a,E1_767,E1_767
E1a,E1_241,E1_241
E1a,E1_824,E1_824
E1a,E1_555,E1_555
E1a,E1_640,E1_640
E1a,E1_656,E1_656
E1a,E1_210,E1_210
E1a,E1_226,E1_226
E1a,E1_710,E1_710
E1a,E1_368,E1_368
E1a,E1_883,E1_883
E1a,E1_75,E1_75
E1a,E1_218,E1_218
E1a,E1_460,E1_460
E1a,E1_865,E1_865
E1a,E1_133,E1_133
E1a,E1_259,E1_259
E1a,E1_267,E1_267
E1a,E1_47,E1_47
E1a,E1_352,E1_352
E1a,E1_983,E1_983
E1a,E1_735,E1_735
E1a,E1_35,E1_35
E1a,E1_952,E1_952
E1a,E1_716,E1_716
E1a,E1_818,E1_818
E1a,E1_583,E1_583
E1a,E1_109,E1_109
E1a,E1_638,E1_638
E1a,E1_273,E1_273
E1a,E1_518,E1_518
E1a,E1_728,E1_728
E1a,E1_944,E1_944
E1a,E1_23,E1_23
E1a,E1_812,E1_812
E1a,E1_516,E1_516
E1a,E1_617,E1_617
E1a,E1_214,E1_214
E1a,E1_473,E1_473
E1a,E1_132,E1_132
E1a,E1_348,E1_348
E1a,E1_641,E1_641
E1a,E1_411,E1_411
E1a,E1_614,E1_614
E1a,E1_872,E1_872
E1a,E1_1225,E1_1225
E1a,E1_225,E1_225
E1a,E1_286,E1_286
E1a,E1_121,E1_121
E1a,E1_137,E1_137
E1a,E1_664,E1_664
E1a,E1_800,E1_800
E1a,E1_776,E1_776
E1a,E1_222,E1_222
E1a,E1_372,E1_372
E1a,E1_228,E1_228
E1a,E1_324,E1_324
E1a,E1_1227,E1_1227
E1a,E1_363,E1_363
E1a,E1_345,E1_345
E1a,E1_487,E1_487
E1a,E1_528,E1_528
E1a,E1_414,E1_414
E1a,E1_248,E1_248
E1a,E1_542,E1_542
E1a,E1_445,E1_445
E1a,E1_417,E1_417
E1a,E1_658,E1_658
E1a,E1_256,E1_256
E1a,E1_599,E1_599
E1a,E1_260,E1_260
E1a,E1_453,E1_453
E1a,E1_209,E1_209
E1a,E1_1000,E1_1000
E1a,E1_675,E1_675
E1a,E1_1226,E1_1226
E1a,E1_1188,E1_1188
E1a,E1_320,E1_320
E1a,E1_612,E1_612
E1a,E1_245,E1_245
E1a,E1_816,E1_816
E1a,E1_613,E1_613
E1a,E1_633,E1_633
E1a,E1_574,E1_574
E1a,E1_71,E1_71
E1a,E1_200,E1_200
E1a,E1_607,E1_607
E1a,E1_1025,E1_1025
E1a,E1_436,E1_436
E1a,E1_642,E1_642
E1a,E1_665,E1_665
E1a,E1_949,E1_949
E1a,E1_211,E1_211
E1a,E1_339,E1_339
E1a,E1_262,E1_262
E1a,E1_734,E1_734
E1a,E1_458,E1_458
E1a,E1_772,E1_772
E1a,E1_322,E1_322
E1a,E1_272,E1_272
E1a,E1_447,E1_447
E1a,E1_426,E1_426
E1a,E1_423,E1_423
E1a,E1_233,E1_233
E1a,E1_187,E1_187
E1a,E1_650,E1_650
E1a,E1_722,E1_722
E1a,E1_298,E1_298
E1a,E1_125,E1_125
E1a,E1_740,E1_740
E1a,E1_463,E1_463
E1a,E1_483,E1_483
E1a,E1_120,E1_120
E1a,E1_28,E1_28
E1a,E1_239,E1_239
E1a,E1_139,E1_139
E1a,E1_157,E1_157
E1a,E1_965,E1_965
E1a,E1_790,E1_790
E1a,E1_191,E1_191
E1a,E1_976,E1_976
E1a,E1_69,E1_69
E1a,E1_498,E1_498
E1a,E1_623,E1_623
E1a,E1_848,E1_848
E1a,E1_295,E1_295
E1a,E1_941,E1_941
E1a,E1_1,E1_1
E1a,E1_683,E1_683
E1a,E1_622,E1_622
E1a,E1_879,E1_879
E1a,E1_234,E1_234
E1a,E1_499,E1_499
E1a,E1_654,E1_654
E1a,E1_306,E1_306
E1a,E1_896,E1_896
E1a,E1_330,E1_330
E1a,E1_1230,E1_1230
E1a,E1_176,E1_176
E1a,E1_862,E1_862
E1a,E1_843,E1_843
E1a,E1_146,E1_146
E1a,E1_198,E1_198
E1a,E1_142,E1_142
E1a,E1_766,E1_766
E1a,E1_394,E1_394
E1a,E1_627,E1_627
E1a,E1_543,E1_543
E1a,E1_512,E1_512
E1a,E1_828,E1_828
E1a,E1_244,E1_244
E1a,E1_903,E1_903
E1a,E1_220,E1_220
E1a,E1_317,E1_317
E1a,E1_689,E1_689
E1a,E1_118,E1_118
E1a,E1_281,E1_281
E1a,E1_898,E1_898
E1a,E1_958,E1_958
E1a,E1_421,E1_421
E1a,E1_791,E1_791
E1a,E1_833,E1_833
E1a,E1_131,E1_131
E1a,E1_706,E1_706
E1a,E1_511,E1_511
E1a,E1_1221,E1_1221
E1a,E1_373,E1_373
E1a,E1_70,E1_70
E1a,E1_503,E1_503
E1a,E1_362,E1_362
E1a,E1_875,E1_875
E1a,E1_713,E1_713
E1a,E1_492,E1_492
E1a,E1_696,E1_696
E1a,E1_3,E1_3
E1a,E1_909,E1_909
E1a,E1_215,E1_215
E1a,E1_335,E1_335
E1a,E1_393,E1_393
E1a,E1_242,E1_242
E1a,E1_986,E1_986
E1a,E1_46,E1_46
E1a,E1_846,E1_846
E1a,E1_113,E1_113
E1a,E1_266,E1_266
E1a,E1_758,E1_758
E1a,E1_385,E1_385
E1a,E1_597,E1_597
E1a,E1_625,E1_625
E1a,E1_615,E1_615
E1a,E1_969,E1_969
E1a,E1_850,E1_850
E1a,E1_165,E1_165
E1a,E1_895,E1_895
E1a,E1_156,E1_156
E1a,E1_646,E1_646
E1a,E1_1228,E1_1228
E1a,E1_251,E1_251
E1a,E1_610,E1_610
E1a,E1_845,E1_845
E1a,E1_395,E1_395
E1a,E1_890,E1_890
E1a,E1_370,E1_370
E1a,E1_249,E1_249
E1a,E1_148,E1_148
E1a,E1_477,E1_477
E1a,E1_972,E1_972
E1a,E1_287,E1_287
E1a,E1_703,E1_703
E1a,E1_836,E1_836
E1a,E1_699,E1_699
E1a,E1_219,E1_219
E1a,E1_981,E1_981
E1a,E1_405,E1_405
E1a,E1_407,E1_407
E1a,E1_334,E1_334
E1a,E1_290,E1_290
E1a,E1_208,E1_208
E1a,E1_446,E1_446
E1a,E1_451,E1_451
E1a,E1_418,E1_418
E1a,E1_942,E1_942
E1a,E1_254,E1_254
E1a,E1_794,E1_794
E1a,E1_486,E1_486
E1a,E1_126,E1_126
E1a,E1_995,E1_995
E1a,E1_858,E1_858
E1a,E1_508,E1_508
E1a,E1_973,E1_973
E1a,E1_397,E1_397
E1a,E1_381,E1_381
E1a,E1_506,E1_506
E1a,E1_189,E1_189
E1a,E1_229,E1_229
E1a,E1_760,E1_760
E1a,E1_216,E1_216
E1a,E1_430,E1_430
E1a,E1_350,E1_350
E1a,E1_110,E1_110
E1a,E1_279,E1_279
E1a,E1_376,E1_376
E1a,E1_792,E1_792
E1a,E1_741,E1_741
E1a,E1_471,E1_471
E1a,E1_526,E1_526
E1a,E1_50,E1_50
E1a,E1_271,E1_271
E1a,E1_52,E1_52
E1g,E1g_00,E1_293
E1g,E1g_00,E1_102
E1g,E1g_00,E1_374
E1g,E1g_00,E1_346
E1g,E1g_00,E1_223
E1g,E1g_01,E1_602
E1g,E1g_01,E1_624
E1g,E1g_01,E1_380
E1g,E1g_01,E1_343
E1g,E1g_01,E1_522
E1g,E1g_02,E1_160
E1g,E1g_02,E1_81
E1g,E1g_02,E1_77
E1g,E1g_02,E1_495
E1g,E1g_02,E1_193
E1g,E1g_03,E1_695
E1g,E1g_03,E1_437
E1g,E1g_03,E1_194
E1g,E1g_03,E1_820
E1g,E1g_03,E1_877
E1g,E1g_04,E1_1091
E1g,E1g_04,E1_558
E1g,E1g_04,E1_386
E1g,E1g_04,E1_1167
E1g,E1g_04,E1_257
E1g,E1g_05,E1_587
E1g,E1g_05,E1_489
E1g,E1g_05,E1_366
E1g,E1g_05,E1_531
E1g,E1g_05,E1_108
E1g,E1g_06,E1_111
E1g,E1g_06,E1_454
E1g,E1g_06,E1_943
E1g,E1g_06,E1_779
E1g,E1g_06,E1_484
E1g,E1g_07,E1_1037
E1g,E1g_07,E1_714
E1g,E1g_07,E1_434
E1g,E1g_07,E1_285
E1g,E1g_07,E1_128
E1g,E1g_08,E1_580
E1g,E1g_08,E1_284
E1g,E1g_08,E1_1087
E1g,E1g_08,E1_250
E1g,E1g_08,E1_524
E1g,E1g_09,E1_525
E1g,E1g_09,E1_42
E1g,E1g_09,E1_866
E1g,E1g_09,E1_810
E1g,E1g_09,E1_435
E1g,E1g_10,E1_147
E1g,E1g_10,E1_906
E1g,E1g_10,E1_1002
E1g,E1g_10,E1_808
E1g,E1g_10,E1_1079
E1g,E1g_11,E1_873
E1g,E1g_11,E1_885
E1g,E1g_11,E1_631
E1g,E1g_11,E1_863
E1g,E1g_11,E1_396
E1g,E1g_12,E1_598
E1g,E1g_12,E1_480
E1g,E1g_12,E1_737
E1g,E1g_12,E1_534
E1g,E1g_12,E1_302
E1g,E1g_13,E1_488
E1g,E1g_13,E1_982
E1g,E1g_13,E1_987
E1g,E1g_13,E1_135
E1g,E1g_13,E1_217
E1g,E1g_14,E1_235
E1g,E1g_14,E1_608
E1g,E1g_14,E1_611
E1g,E1g_14,E1_114
E1g,E1g_14,E1_357
E1g,E1g_15,E1_485
E1g,E1g_15,E1_677
E1g,E1g_15,E1_821
E1g,E1g_15,E1_404
E1g,E1g_15,E1_377
E1g,E1g_16,E1_780
E1g,E1g_16,E1_351
E1g,E1g_16,E1_44
E1g,E1g_16,E1_76
E1g,E1g_16,E1_660
E1g,E1g_17,E1_326
E1g,E1g_17,E1_621
E1g,E1g_17,E1_835
E1g,E1g_17,E1_232
E1g,E1g_17,E1_616
E1g,E1g_18,E1_400
E1g,E1g_18,E1_406
E1g,E1g_18,E1_11
E1g,E1g_18,E1_398
E1g,E1g_18,E1_297
E1g,E1g_19,E1_341
E1g,E1g_19,E1_174
E1g,E1g_19,E1_978
E1g,E1g_19,E1_461
E1g,E1g_19,E1_880
E1g,E1g_20,E1_237
E1g,E1g_20,E1_283
E1g,E1g_20,E1_854
E1g,E1g_20,E1_733
E1g,E1g_20,E1_224
E1g,E1g_21,E1_541
E1g,E1g_21,E1_104
E1g,E1g_21,E1_643
E1g,E1g_21,E1_140
E1g,E1g_21,E1_777
E1g,E1g_22,E1_449
E1g,E1g_22,E1_166
E1g,E1g_22,E1_327
E1g,E1g_22,E1_288
E1g,E1g_22,E1_881
E1g,E1g_23,E1_997
E1g,E1g_23,E1_971
E1g,E1g_23,E1_1017
E1g,E1g_23,E1_172
E1g,E1g_23,E1_988
E1g,E1g_24,E1_954
E1g,E1g_24,E1_112
E1g,E1g_24,E1_180
E1g,E1g_24,E1_416
E1g,E1g_24,E1_465
E1g,E1g_25,E1_659
E1g,E1g_25,E1_634
E1g,E1g_25,E1_409
E1g,E1g_25,E1_452
E1g,E1g_25,E1_332
E1g,E1g_26,E1_199
E1g,E1g_26,E1_902
E1g,E1g_26,E1_462
E1g,E1g_26,E1_515
E1g,E1g_26,E1_403
E1g,E1g_27,E1_269
E1g,E1g_27,E1_870
E1g,E1g_27,E1_467
E1g,E1g_27,E1_149
E1g,E1g_27,E1_360
E1g,E1g_28,E1_815
E1g,E1g_28,E1_546
E1g,E1g_28,E1_509
E1g,E1g_28,E1_496
E1g,E1g_28,E1_253
E1g,E1g_29,E1_589
E1g,E1g_29,E1_822
E1g,E1g_29,E1_296
E1g,E1g_29,E1_505
E1g,E1g_29,E1_619
E1g,E1g_30,E1_238
E1g,E1g_30,E1_957
E1g,E1g_30,E1_144
E1g,E1g_30,E1_367
E1g,E1g_30,E1_12
E1g,E1g_31,E1_530
E1g,E1g_31,E1_429
E1g,E1g_31,E1_715
E1g,E1g_31,E1_432
E1g,E1g_31,E1_247
E1g,E1g_32,E1_185
E1g,E1g_32,E1_456
E1g,E1g_32,E1_632
E1g,E1g_32,E1_263
E1g,E1g_32,E1_45
E1g,E1g_33,E1_765
E1g,E1g_33,E1_274
E1g,E1g_33,E1_892
E1g,E1g_33,E1_375
E1g,E1g_33,E1_514
E1g,E1g_34,E1_369
E1g,E1g_34,E1_86
E1g,E1g_34,E1_427
E1g,E1g_34,E1_361
E1g,E1g_34,E1_92
E1g,E1g_35,E1_651
E1g,E1g_35,E1_155
E1g,E1g_35,E1_344
E1g,E1g_35,E1_482
E1g,E1g_35,E1_301
E1g,E1g_36,E1_520
E1g,E1g_36,E1_860
E1g,E1g_36,E1_382
E1g,E1g_36,E1_106
E1g,E1g_36,E1_637
E1g,E1g_37,E1_25
E1g,E1g_37,E1_497
E1g,E1g_37,E1_305
E1g,E1g_37,E1_294
E1g,E1g_37,E1_202
E1g,E1g_38,E1_652
E1g,E1g_38,E1_1081
E1g,E1g_38,E1_676
E1g,E1g_38,E1_246
E1g,E1g_38,E1_292
E1g,E1g_39,E1_444
E1g,E1g_39,E1_601
E1g,E1g_39,E1_321
E1g,E1g_39,E1_900
E1g,E1g_39,E1_666
E1g,E1g_40,E1_469
E1g,E1g_40,E1_869
E1g,E1g_40,E1_655
E1g,E1g_40,E1_744
E1g,E1g_40,E1_510
E1g,E1g_41,E1_783
E1g,E1g_41,E1_1005
E1g,E1g_41,E1_184
E1g,E1g_41,E1_732
E1g,E1g_41,E1_626
E1g,E1g_42,E1_644
E1g,E1g_42,E1_433
E1g,E1g_42,E1_183
E1g,E1g_42,E1_876
E1g,E1g_42,E1_827
E1g,E1g_43,E1_494
E1g,E1g_43,E1_501
E1g,E1g_43,E1_736
E1g,E1g_43,E1_117
E1g,E1g_43,E1_491
E1g,E1g_44,E1_470
E1g,E1g_44,E1_596
E1g,E1g_44,E1_56
E1g,E1g_44,E1_325
E1g,E1g_44,E1_475
E1g,E1g_45,E1_519
E1g,E1g_45,E1_595
E1g,E1g_45,E1_159
E1g,E1g_45,E1_838
E1g,E1g_45,E1_889
E1g,E1g_46,E1_476
E1g,E1g_46,E1_422
E1g,E1g_46,E1_591
E1g,E1g_46,E1_124
E1g,E1g_46,E1_884
E1g,E1g_47,E1_450
E1g,E1g_47,E1_701
E1g,E1g_47,E1_379
E1g,E1g_47,E1_196
E1g,E1g_47,E1_212
E1g,E1g_48,E1_500
E1g,E1g_48,E1_991
E1g,E1g_48,E1_690
E1g,E1g_48,E1_49
E1g,E1g_48,E1_195
E1g,E1g_49,E1_378
E1g,E1g_49,E1_455
E1g,E1g_49,E1_278
E1g,E1g_49,E1_840
E1g,E1g_49,E1_826
E1g,E1g_50,E1_1202
E1g,E1g_50,E1_448
E1g,E1g_50,E1_276
E1g,E1g_50,E1_507
E1g,E1g_50,E1_679
E1g,E1g_51,E1_277
E1g,E1g_51,E1_168
E1g,E1g_51,E1_628
E1g,E1g_51,E1_1006
E1g,E1g_51,E1_80
E1g,E1g_52,E1_951
E1g,E1g_52,E1_562
E1g,E1g_52,E1_980
E1g,E1g_52,E1_490
E1g,E1g_52,E1_441
E1g,E1g_53,E1_466
E1g,E1g_53,E1_78
E1g,E1g_53,E1_649
E1g,E1g_53,E1_966
E1g,E1g_53,E1_481
E1g,E1g_54,E1_204
E1g,E1g_54,E1_258
E1g,E1g_54,E1_213
E1g,E1g_54,E1_413
E1g,E1g_54,E1_823
E1g,E1g_55,E1_809
E1g,E1g_55,E1_940
E1g,E1g_55,E1_653
E1g,E1g_55,E1_801
E1g,E1g_55,E1_319
E1g,E1g_56,E1_201
E1g,E1g_56,E1_620
E1g,E1g_56,E1_629
E1g,E1g_56,E1_439
E1g,E1g_56,E1_392
E1g,E1g_57,E1_389
E1g,E1g_57,E1_457
E1g,E1g_57,E1_953
E1g,E1g_57,E1_275
E1g,E1g_57,E1_138
E1g,E1g_58,E1_977
E1g,E1g_58,E1_819
E1g,E1g_58,E1_768
E1g,E1g_58,E1_143
E1g,E1g_58,E1_513
E1g,E1g_59,E1_852
E1g,E1g_59,E1_265
E1g,E1g_59,E1_984
E1g,E1g_59,E1_207
E1g,E1g_59,E1_775
E1g,E1g_60,E1_478
E1g,E1g_60,E1_1036
E1g,E1g_60,E1_84
E1g,E1g_60,E1_888
E1g,E1g_60,E1_136
E1g,E1g_61,E1_645
E1g,E1g_61,E1_100
E1g,E1g_61,E1_1220
E1g,E1g_61,E1_849
E1g,E1g_61,E1_687
E1g,E1g_62,E1_255
E1g,E1g_62,E1_15
E1g,E1g_62,E1_424
E1g,E1g_62,E1_408
E1g,E1g_62,E1_647
E1g,E1g_63,E1_635
E1g,E1g_63,E1_708
E1g,E1g_63,E1_856
E1g,E1g_63,E1_917
E1g,E1g_63,E1_825
E1g,E1g_64,E1_402
E1g,E1g_64,E1_299
E1g,E1g_64,E1_72
E1g,E1g_64,E1_970
E1g,E1g_64,E1_891
E1g,E1g_65,E1_428
E1g,E1g_65,E1_129
E1g,E1g_65,E1_694
E1g,E1g_65,E1_384
E1g,E1g_65,E1_107
E1g,E1g_66,E1_540
E1g,E1g_66,E1_648
E1g,E1g_66,E1_829
E1g,E1g_66,E1_227
E1g,E1g_66,E1_40
E1g,E1g_67,E1_593
E1g,E1g_67,E1_686
E1g,E1g_67,E1_412
E1g,E1g_67,E1_830
E1g,E1g_67,E1_282
E1g,E1g_68,E1_1184
E1g,E1g_68,E1_399
E1g,E1g_68,E1_425
E1g,E1g_68,E1_711
E1g,E1g_68,E1_442
E1g,E1g_69,E1_270
E1g,E1g_69,E1_123
E1g,E1g_69,E1_663
E1g,E1g_69,E1_192
E1g,E1g_69,E1_913
E1g,E1g_70,E1_867
E1g,E1g_70,E1_122
E1g,E1g_70,E1_717
E1g,E1g_70,E1_472
E1g,E1g_70,E1_693
E1g,E1g_71,E1_387
E1g,E1g_71,E1_894
E1g,E1g_71,E1_415
E1g,E1g_71,E1_203
E1g,E1g_71,E1_551
E1g,E1g_72,E1_636
E1g,E1g_72,E1_68
E1g,E1g_72,E1_230
E1g,E1g_72,E1_967
E1g,E1g_72,E1_712
bo,,E1_817
bo,,E1_864
